SKU_Standard,Date,Units_Sold,Revenue,Promo_Days,Avg_Price,is_holiday,has_promotion_event,season
SKU00001,2024-01-07,106,388389.3,0,3664.05,0,0,Winter
SKU00001,2024-01-14,85,311444.25,0,3664.05,0,0,Winter
SKU00001,2024-01-21,117,428693.85,0,3664.05,0,0,Winter
SKU00001,2024-01-28,89,326100.45,0,3664.05,1,0,Winter
SKU00001,2024-02-04,119,436021.94999999995,0,3664.05,0,0,Winter
SKU00001,2024-02-11,112,410373.6,0,3664.05,0,0,Winter
SKU00001,2024-02-18,104,381061.2,0,3664.05,0,0,Winter
SKU00001,2024-02-25,120,439686.0,0,3664.05,0,0,Winter
SKU00001,2024-03-03,103,377397.15,2,3664.05,0,1,Winter
SKU00001,2024-03-10,119,436021.95,2,3664.05,0,1,Spring
SKU00001,2024-03-17,122,447014.1,2,3664.05,0,1,Spring
SKU00001,2024-03-24,130,476326.5,2,3664.05,0,1,Spring
SKU00001,2024-03-31,102,373733.1,2,3664.05,0,1,Spring
SKU00001,2024-04-07,122,447014.1,0,3664.05,0,0,Spring
SKU00001,2024-04-14,115,421365.75,0,3664.05,0,0,Spring
SKU00001,2024-04-21,103,377397.15,0,3664.05,0,0,Spring
SKU00001,2024-04-28,112,410373.6,0,3664.05,0,0,Spring
SKU00001,2024-05-05,110,403045.5,0,3664.05,0,0,Spring
SKU00001,2024-05-12,117,428693.85,0,3664.05,0,0,Summer
SKU00001,2024-05-19,115,421365.75,0,3664.05,0,0,Summer
SKU00001,2024-05-26,115,421365.75,0,3664.05,0,0,Summer
SKU00001,2024-06-02,108,395717.4,2,3664.05,0,1,Summer
SKU00001,2024-06-09,126,461670.3,2,3664.05,0,1,Summer
SKU00001,2024-06-16,106,388389.3,2,3664.05,0,1,Summer
SKU00001,2024-06-23,100,366405.0,2,3664.05,0,1,Summer
SKU00001,2024-06-30,124,454342.2,2,3664.05,0,1,Summer
SKU00001,2024-07-07,84,307780.2,0,3664.05,0,0,Monsoon
SKU00001,2024-07-14,101,370069.05,0,3664.05,0,0,Monsoon
SKU00001,2024-07-21,75,274803.75,0,3664.05,0,0,Monsoon
SKU00001,2024-07-28,96,351748.8,0,3664.05,0,0,Monsoon
SKU00001,2024-08-04,94,344420.7,0,3664.05,0,0,Monsoon
SKU00001,2024-08-11,82,300452.1,0,3664.05,0,0,Monsoon
SKU00001,2024-08-18,89,326100.45,0,3664.05,1,0,Monsoon
SKU00001,2024-08-25,98,359076.9,0,3664.05,0,0,Monsoon
SKU00001,2024-09-01,92,337092.6,1,3664.05,0,1,Monsoon
SKU00001,2024-09-08,96,351748.8,2,3664.05,0,1,Monsoon
SKU00001,2024-09-15,89,326100.45,2,3664.05,0,1,Monsoon
SKU00001,2024-09-22,104,381061.19999999995,2,3664.05,0,1,Monsoon
SKU00001,2024-09-29,109,399381.45,2,3664.05,0,1,Monsoon
SKU00001,2024-10-06,71,260147.55,0,3664.05,0,0,Monsoon
SKU00001,2024-10-13,82,300452.1,0,3664.05,0,0,Autumn
SKU00001,2024-10-20,88,322436.4,0,3664.05,0,0,Autumn
SKU00001,2024-10-27,89,326100.45,0,3664.05,0,0,Autumn
SKU00001,2024-11-03,83,304116.15,2,3664.05,1,1,Autumn
SKU00001,2024-11-10,99,362740.95,2,3664.05,0,1,Autumn
SKU00001,2024-11-17,80,293124.0,2,3664.05,0,1,Autumn
SKU00001,2024-11-24,88,322436.39999999997,2,3664.05,0,1,Autumn
SKU00001,2024-12-01,68,249155.4,1,3664.05,0,1,Autumn
SKU00001,2024-12-08,83,304116.15,0,3664.05,0,0,Winter
SKU00001,2024-12-15,94,344420.7,0,3664.05,0,0,Winter
SKU00001,2024-12-22,77,282131.85,0,3664.05,0,0,Winter
SKU00001,2024-12-29,105,384725.25,0,3664.05,1,0,Winter
SKU00001,2025-01-05,78,285795.9,0,3664.05,0,0,Winter
SKU00001,2025-01-12,100,366405.0,0,3664.05,0,0,Winter
SKU00001,2025-01-19,89,326100.44999999995,0,3664.05,0,0,Winter
SKU00001,2025-01-26,103,377397.15,0,3664.05,1,0,Winter
SKU00001,2025-02-02,100,366405.0,0,3664.05,0,0,Winter
SKU00001,2025-02-09,106,388389.3,0,3664.05,0,0,Winter
SKU00001,2025-02-16,124,454342.2,0,3664.05,0,0,Winter
SKU00001,2025-02-23,116,425029.8,0,3664.05,0,0,Winter
SKU00001,2025-03-02,111,406709.55,2,3664.05,0,1,Winter
SKU00001,2025-03-09,98,359076.9,2,3664.05,0,1,Spring
SKU00001,2025-03-16,133,487318.65,2,3664.05,0,1,Spring
SKU00001,2025-03-23,128,468998.4,2,3664.05,0,1,Spring
SKU00001,2025-03-30,115,421365.75,2,3664.05,0,1,Spring
SKU00001,2025-04-06,100,366405.0,0,3664.05,0,0,Spring
SKU00001,2025-04-13,112,410373.6,0,3664.05,0,0,Spring
SKU00001,2025-04-20,108,395717.39999999997,0,3664.05,0,0,Spring
SKU00001,2025-04-27,134,490982.7,0,3664.05,0,0,Spring
SKU00001,2025-05-04,99,362740.94999999995,0,3664.05,0,0,Spring
SKU00001,2025-05-11,119,436021.95,0,3664.05,0,0,Summer
SKU00001,2025-05-18,115,421365.75,0,3664.05,0,0,Summer
SKU00001,2025-05-25,119,436021.95,0,3664.05,0,0,Summer
SKU00001,2025-06-01,111,406709.55,1,3664.05,0,1,Summer
SKU00001,2025-06-08,121,443350.05000000005,2,3664.05,0,1,Summer
SKU00001,2025-06-15,104,381061.2,2,3664.05,0,1,Summer
SKU00001,2025-06-22,110,403045.5,2,3664.05,0,1,Summer
SKU00001,2025-06-29,134,490982.69999999995,2,3664.05,0,1,Summer
SKU00001,2025-07-06,101,370069.05,0,3664.05,0,0,Summer
SKU00001,2025-07-13,111,406709.55,0,3664.05,0,0,Monsoon
SKU00001,2025-07-20,118,432357.9,0,3664.05,0,0,Monsoon
SKU00001,2025-07-27,111,406709.55,0,3664.05,0,0,Monsoon
SKU00001,2025-08-03,101,370069.05,0,3664.05,0,0,Monsoon
SKU00001,2025-08-10,77,282131.85,0,3664.05,0,0,Monsoon
SKU00001,2025-08-17,90,329764.5,0,3664.05,1,0,Monsoon
SKU00001,2025-08-24,91,333428.55,0,3664.05,0,0,Monsoon
SKU00001,2025-08-31,97,355412.85,0,3664.05,0,0,Monsoon
SKU00001,2025-09-07,88,322436.4,2,3664.05,0,1,Monsoon
SKU00001,2025-09-14,93,340756.65,2,3664.05,0,1,Monsoon
SKU00001,2025-09-21,88,322436.4,2,3664.05,0,1,Monsoon
SKU00001,2025-09-28,86,315108.3,2,3664.05,0,1,Monsoon
SKU00001,2025-10-05,83,304116.15,0,3664.05,0,0,Monsoon
SKU00001,2025-10-12,82,300452.1,0,3664.05,0,0,Autumn
SKU00001,2025-10-19,82,300452.1,0,3664.05,0,0,Autumn
SKU00001,2025-10-26,78,285795.9,0,3664.05,1,0,Autumn
SKU00001,2025-11-02,93,340756.65,2,3664.05,0,1,Autumn
SKU00001,2025-11-09,92,337092.6,2,3664.05,0,1,Autumn
SKU00001,2025-11-16,87,318772.35,2,3664.05,0,1,Autumn
SKU00001,2025-11-23,84,307780.2,2,3664.05,0,1,Autumn
SKU00001,2025-11-30,84,307780.2,2,3664.05,0,1,Autumn
SKU00001,2025-12-07,88,322436.4,0,3664.05,0,0,Winter
SKU00001,2025-12-14,89,326100.45,0,3664.05,0,0,Winter
SKU00001,2025-12-21,91,333428.55,0,3664.05,0,0,Winter
SKU00001,2025-12-28,76,278467.8,0,3664.05,1,0,Winter
SKU00001,2026-01-04,37,135569.85,0,3664.0500000000006,0,0,Winter
SKU00002,2024-01-07,83,315872.27,0,3805.69,0,0,Winter
SKU00002,2024-01-14,61,232147.09,0,3805.69,0,0,Winter
SKU00002,2024-01-21,57,216924.33000000002,0,3805.69,0,0,Winter
SKU00002,2024-01-28,62,235952.78,0,3805.69,1,0,Winter
SKU00002,2024-02-04,68,258786.91999999998,0,3805.69,0,0,Winter
SKU00002,2024-02-11,72,274009.68,0,3805.69,0,0,Winter
SKU00002,2024-02-18,65,247369.85,0,3805.69,0,0,Winter
SKU00002,2024-02-25,64,243564.16,0,3805.69,0,0,Winter
SKU00002,2024-03-03,74,281621.06,2,3805.69,0,1,Winter
SKU00002,2024-03-10,69,262592.61,2,3805.69,0,1,Spring
SKU00002,2024-03-17,103,391986.07,2,3805.69,0,1,Spring
SKU00002,2024-03-24,89,338706.41000000003,2,3805.69,0,1,Spring
SKU00002,2024-03-31,106,403403.14,2,3805.69,0,1,Spring
SKU00002,2024-04-07,79,300649.51,0,3805.69,0,0,Spring
SKU00002,2024-04-14,76,289232.44,0,3805.69,0,0,Spring
SKU00002,2024-04-21,93,353929.17,0,3805.69,0,0,Spring
SKU00002,2024-04-28,75,285426.75,0,3805.69,0,0,Spring
SKU00002,2024-05-05,91,346317.79000000004,0,3805.69,0,0,Spring
SKU00002,2024-05-12,88,334900.72,0,3805.69,0,0,Summer
SKU00002,2024-05-19,86,327289.33999999997,0,3805.69,0,0,Summer
SKU00002,2024-05-26,78,296843.82,0,3805.69,0,0,Summer
SKU00002,2024-06-02,77,293038.13,2,3805.69,0,1,Summer
SKU00002,2024-06-09,76,289232.44,2,3805.69,0,1,Summer
SKU00002,2024-06-16,82,312066.58,2,3805.69,0,1,Summer
SKU00002,2024-06-23,62,235952.78,2,3805.69,0,1,Summer
SKU00002,2024-06-30,80,304455.2,2,3805.69,0,1,Summer
SKU00002,2024-07-07,81,308260.89,0,3805.69,0,0,Monsoon
SKU00002,2024-07-14,74,281621.06,0,3805.69,0,0,Monsoon
SKU00002,2024-07-21,84,319677.96,0,3805.69,0,0,Monsoon
SKU00002,2024-07-28,59,224535.71,0,3805.69,0,0,Monsoon
SKU00002,2024-08-04,51,194090.19,0,3805.69,0,0,Monsoon
SKU00002,2024-08-11,65,247369.85,0,3805.69,0,0,Monsoon
SKU00002,2024-08-18,58,220730.02,0,3805.69,1,0,Monsoon
SKU00002,2024-08-25,46,175061.74,0,3805.69,0,0,Monsoon
SKU00002,2024-09-01,69,262592.61,1,3805.69,0,1,Monsoon
SKU00002,2024-09-08,56,213118.64,2,3805.69,0,1,Monsoon
SKU00002,2024-09-15,61,232147.09,2,3805.69,0,1,Monsoon
SKU00002,2024-09-22,59,224535.71,2,3805.69,0,1,Monsoon
SKU00002,2024-09-29,63,239758.47,2,3805.69,0,1,Monsoon
SKU00002,2024-10-06,51,194090.19,0,3805.69,0,0,Monsoon
SKU00002,2024-10-13,65,247369.85,0,3805.69,0,0,Autumn
SKU00002,2024-10-20,72,274009.68,0,3805.69,0,0,Autumn
SKU00002,2024-10-27,47,178867.43,0,3805.69,0,0,Autumn
SKU00002,2024-11-03,65,247369.85,2,3805.69,1,1,Autumn
SKU00002,2024-11-10,52,197895.88,2,3805.69,0,1,Autumn
SKU00002,2024-11-17,67,254981.22999999998,2,3805.69,0,1,Autumn
SKU00002,2024-11-24,66,251175.54,2,3805.69,0,1,Autumn
SKU00002,2024-12-01,57,216924.33000000002,1,3805.69,0,1,Autumn
SKU00002,2024-12-08,66,251175.54,0,3805.69,0,0,Winter
SKU00002,2024-12-15,57,216924.33,0,3805.69,0,0,Winter
SKU00002,2024-12-22,59,224535.71,0,3805.69,0,0,Winter
SKU00002,2024-12-29,65,247369.84999999998,0,3805.69,1,0,Winter
SKU00002,2025-01-05,70,266398.3,0,3805.69,0,0,Winter
SKU00002,2025-01-12,63,239758.47,0,3805.69,0,0,Winter
SKU00002,2025-01-19,67,254981.23,0,3805.69,0,0,Winter
SKU00002,2025-01-26,66,251175.54,0,3805.69,1,0,Winter
SKU00002,2025-02-02,85,323483.64999999997,0,3805.69,0,0,Winter
SKU00002,2025-02-09,71,270203.99,0,3805.69,0,0,Winter
SKU00002,2025-02-16,79,300649.51,0,3805.69,0,0,Winter
SKU00002,2025-02-23,82,312066.58,0,3805.69,0,0,Winter
SKU00002,2025-03-02,95,361540.55,2,3805.69,0,1,Winter
SKU00002,2025-03-09,99,376763.31,2,3805.69,0,1,Spring
SKU00002,2025-03-16,80,304455.2,2,3805.69,0,1,Spring
SKU00002,2025-03-23,81,308260.89,2,3805.69,0,1,Spring
SKU00002,2025-03-30,96,365346.24,2,3805.69,0,1,Spring
SKU00002,2025-04-06,80,304455.2,0,3805.69,0,0,Spring
SKU00002,2025-04-13,89,338706.41000000003,0,3805.69,0,0,Spring
SKU00002,2025-04-20,82,312066.58,0,3805.69,0,0,Spring
SKU00002,2025-04-27,79,300649.51,0,3805.69,0,0,Spring
SKU00002,2025-05-04,67,254981.23,0,3805.69,0,0,Spring
SKU00002,2025-05-11,77,293038.13,0,3805.69,0,0,Summer
SKU00002,2025-05-18,84,319677.96,0,3805.69,0,0,Summer
SKU00002,2025-05-25,82,312066.58,0,3805.69,0,0,Summer
SKU00002,2025-06-01,93,353929.17,1,3805.69,0,1,Summer
SKU00002,2025-06-08,73,277815.37,2,3805.69,0,1,Summer
SKU00002,2025-06-15,91,346317.79,2,3805.69,0,1,Summer
SKU00002,2025-06-22,84,319677.96,2,3805.69,0,1,Summer
SKU00002,2025-06-29,70,266398.3,2,3805.69,0,1,Summer
SKU00002,2025-07-06,53,201701.57,0,3805.69,0,0,Summer
SKU00002,2025-07-13,78,296843.82,0,3805.69,0,0,Monsoon
SKU00002,2025-07-20,69,262592.61,0,3805.69,0,0,Monsoon
SKU00002,2025-07-27,76,289232.44,0,3805.69,0,0,Monsoon
SKU00002,2025-08-03,75,285426.75,0,3805.69,0,0,Monsoon
SKU00002,2025-08-10,60,228341.4,0,3805.69,0,0,Monsoon
SKU00002,2025-08-17,70,266398.3,0,3805.69,1,0,Monsoon
SKU00002,2025-08-24,70,266398.3,0,3805.69,0,0,Monsoon
SKU00002,2025-08-31,79,300649.51,0,3805.69,0,0,Monsoon
SKU00002,2025-09-07,62,235952.78,2,3805.69,0,1,Monsoon
SKU00002,2025-09-14,65,247369.85,2,3805.69,0,1,Monsoon
SKU00002,2025-09-21,79,300649.51,2,3805.69,0,1,Monsoon
SKU00002,2025-09-28,60,228341.4,2,3805.69,0,1,Monsoon
SKU00002,2025-10-05,63,239758.47,0,3805.69,0,0,Monsoon
SKU00002,2025-10-12,56,213118.64,0,3805.69,0,0,Autumn
SKU00002,2025-10-19,59,224535.71,0,3805.69,0,0,Autumn
SKU00002,2025-10-26,51,194090.19,0,3805.69,1,0,Autumn
SKU00002,2025-11-02,70,266398.3,2,3805.69,0,1,Autumn
SKU00002,2025-11-09,72,274009.68,2,3805.69,0,1,Autumn
SKU00002,2025-11-16,60,228341.4,2,3805.69,0,1,Autumn
SKU00002,2025-11-23,64,243564.16,2,3805.69,0,1,Autumn
SKU00002,2025-11-30,66,251175.54,2,3805.69,0,1,Autumn
SKU00002,2025-12-07,51,194090.19,0,3805.69,0,0,Winter
SKU00002,2025-12-14,55,209312.95,0,3805.69,0,0,Winter
SKU00002,2025-12-21,55,209312.95,0,3805.69,0,0,Winter
SKU00002,2025-12-28,51,194090.19,0,3805.69,1,0,Winter
SKU00002,2026-01-04,27,102753.63,0,3805.69,0,0,Winter
SKU00003,2024-01-07,36,290816.28,0,8078.2300000000005,0,0,Winter
SKU00003,2024-01-14,32,258503.36,0,8078.2300000000005,0,0,Winter
SKU00003,2024-01-21,32,258503.36,0,8078.2300000000005,0,0,Winter
SKU00003,2024-01-28,43,347363.88999999996,0,8078.2300000000005,1,0,Winter
SKU00003,2024-02-04,40,323129.2,0,8078.2300000000005,0,0,Winter
SKU00003,2024-02-11,46,371598.58,0,8078.2300000000005,0,0,Winter
SKU00003,2024-02-18,34,274659.82,0,8078.2300000000005,0,0,Winter
SKU00003,2024-02-25,44,355442.12,0,8078.2300000000005,0,0,Winter
SKU00003,2024-03-03,52,420067.96,2,8078.2300000000005,0,1,Winter
SKU00003,2024-03-10,66,533163.1799999999,2,8078.2300000000005,0,1,Spring
SKU00003,2024-03-17,46,371598.57999999996,2,8078.2300000000005,0,1,Spring
SKU00003,2024-03-24,48,387755.04000000004,2,8078.2300000000005,0,1,Spring
SKU00003,2024-03-31,49,395833.27,2,8078.2300000000005,0,1,Spring
SKU00003,2024-04-07,48,387755.04,0,8078.2300000000005,0,0,Spring
SKU00003,2024-04-14,47,379676.81,0,8078.2300000000005,0,0,Spring
SKU00003,2024-04-21,47,379676.81,0,8078.2300000000005,0,0,Spring
SKU00003,2024-04-28,45,363520.35,0,8078.2300000000005,0,0,Spring
SKU00003,2024-05-05,45,363520.35,0,8078.2300000000005,0,0,Spring
SKU00003,2024-05-12,37,298894.51,0,8078.2300000000005,0,0,Summer
SKU00003,2024-05-19,41,331207.43000000005,0,8078.2300000000005,0,0,Summer
SKU00003,2024-05-26,50,403911.5,0,8078.2300000000005,0,0,Summer
SKU00003,2024-06-02,60,484693.80000000005,2,8078.2300000000005,0,1,Summer
SKU00003,2024-06-09,52,420067.96,2,8078.2300000000005,0,1,Summer
SKU00003,2024-06-16,47,379676.81,2,8078.2300000000005,0,1,Summer
SKU00003,2024-06-23,57,460459.11,2,8078.2300000000005,0,1,Summer
SKU00003,2024-06-30,30,242346.9,2,8078.2300000000005,0,1,Summer
SKU00003,2024-07-07,43,347363.89,0,8078.2300000000005,0,0,Monsoon
SKU00003,2024-07-14,32,258503.36000000002,0,8078.2300000000005,0,0,Monsoon
SKU00003,2024-07-21,28,226190.44,0,8078.2300000000005,0,0,Monsoon
SKU00003,2024-07-28,42,339285.66000000003,0,8078.2300000000005,0,0,Monsoon
SKU00003,2024-08-04,45,363520.35,0,8078.2300000000005,0,0,Monsoon
SKU00003,2024-08-11,35,282738.05,0,8078.2300000000005,0,0,Monsoon
SKU00003,2024-08-18,37,298894.51,0,8078.2300000000005,1,0,Monsoon
SKU00003,2024-08-25,38,306972.74,0,8078.2300000000005,0,0,Monsoon
SKU00003,2024-09-01,40,323129.2,1,8078.2300000000005,0,1,Monsoon
SKU00003,2024-09-08,38,306972.74,2,8078.2300000000005,0,1,Monsoon
SKU00003,2024-09-15,30,242346.9,2,8078.2300000000005,0,1,Monsoon
SKU00003,2024-09-22,41,331207.43,2,8078.2300000000005,0,1,Monsoon
SKU00003,2024-09-29,32,258503.36000000002,2,8078.2300000000005,0,1,Monsoon
SKU00003,2024-10-06,32,258503.36,0,8078.2300000000005,0,0,Monsoon
SKU00003,2024-10-13,34,274659.82,0,8078.2300000000005,0,0,Autumn
SKU00003,2024-10-20,27,218112.21,0,8078.2300000000005,0,0,Autumn
SKU00003,2024-10-27,35,282738.05,0,8078.2300000000005,0,0,Autumn
SKU00003,2024-11-03,17,137329.91,2,8078.2300000000005,1,1,Autumn
SKU00003,2024-11-10,41,331207.43,2,8078.2300000000005,0,1,Autumn
SKU00003,2024-11-17,38,306972.74,2,8078.2300000000005,0,1,Autumn
SKU00003,2024-11-24,39,315050.97,2,8078.2300000000005,0,1,Autumn
SKU00003,2024-12-01,36,290816.28,1,8078.2300000000005,0,1,Autumn
SKU00003,2024-12-08,38,306972.74,0,8078.2300000000005,0,0,Winter
SKU00003,2024-12-15,23,185799.29,0,8078.2300000000005,0,0,Winter
SKU00003,2024-12-22,48,387755.04,0,8078.2300000000005,0,0,Winter
SKU00003,2024-12-29,30,242346.9,0,8078.2300000000005,1,0,Winter
SKU00003,2025-01-05,32,258503.36,0,8078.2300000000005,0,0,Winter
SKU00003,2025-01-12,34,274659.82,0,8078.2300000000005,0,0,Winter
SKU00003,2025-01-19,41,331207.43,0,8078.2300000000005,0,0,Winter
SKU00003,2025-01-26,23,185799.29,0,8078.2300000000005,1,0,Winter
SKU00003,2025-02-02,40,323129.2,0,8078.2300000000005,0,0,Winter
SKU00003,2025-02-09,34,274659.82,0,8078.2300000000005,0,0,Winter
SKU00003,2025-02-16,47,379676.81,0,8078.2300000000005,0,0,Winter
SKU00003,2025-02-23,45,363520.35,0,8078.2300000000005,0,0,Winter
SKU00003,2025-03-02,54,436224.42,2,8078.2300000000005,0,1,Winter
SKU00003,2025-03-09,44,355442.12,2,8078.2300000000005,0,1,Spring
SKU00003,2025-03-16,57,460459.11000000004,2,8078.2300000000005,0,1,Spring
SKU00003,2025-03-23,69,557397.87,2,8078.2300000000005,0,1,Spring
SKU00003,2025-03-30,50,403911.5,2,8078.2300000000005,0,1,Spring
SKU00003,2025-04-06,38,306972.74,0,8078.2300000000005,0,0,Spring
SKU00003,2025-04-13,48,387755.04000000004,0,8078.2300000000005,0,0,Spring
SKU00003,2025-04-20,48,387755.04000000004,0,8078.2300000000005,0,0,Spring
SKU00003,2025-04-27,49,395833.27,0,8078.2300000000005,0,0,Spring
SKU00003,2025-05-04,41,331207.43,0,8078.2300000000005,0,0,Spring
SKU00003,2025-05-11,50,403911.5,0,8078.2300000000005,0,0,Summer
SKU00003,2025-05-18,41,331207.43,0,8078.2300000000005,0,0,Summer
SKU00003,2025-05-25,43,347363.89,0,8078.2300000000005,0,0,Summer
SKU00003,2025-06-01,45,363520.35,1,8078.2300000000005,0,1,Summer
SKU00003,2025-06-08,50,403911.5,2,8078.2300000000005,0,1,Summer
SKU00003,2025-06-15,53,428146.19,2,8078.2300000000005,0,1,Summer
SKU00003,2025-06-22,48,387755.04000000004,2,8078.2300000000005,0,1,Summer
SKU00003,2025-06-29,44,355442.12,2,8078.2300000000005,0,1,Summer
SKU00003,2025-07-06,42,339285.66,0,8078.2300000000005,0,0,Summer
SKU00003,2025-07-13,44,355442.12,0,8078.2300000000005,0,0,Monsoon
SKU00003,2025-07-20,37,298894.51,0,8078.2300000000005,0,0,Monsoon
SKU00003,2025-07-27,41,331207.43,0,8078.2300000000005,0,0,Monsoon
SKU00003,2025-08-03,26,210033.98,0,8078.2300000000005,0,0,Monsoon
SKU00003,2025-08-10,38,306972.74,0,8078.2300000000005,0,0,Monsoon
SKU00003,2025-08-17,39,315050.97,0,8078.2300000000005,1,0,Monsoon
SKU00003,2025-08-24,34,274659.82,0,8078.2300000000005,0,0,Monsoon
SKU00003,2025-08-31,27,218112.21,0,8078.2300000000005,0,0,Monsoon
SKU00003,2025-09-07,34,274659.82,2,8078.2300000000005,0,1,Monsoon
SKU00003,2025-09-14,42,339285.66,2,8078.2300000000005,0,1,Monsoon
SKU00003,2025-09-21,39,315050.97,2,8078.2300000000005,0,1,Monsoon
SKU00003,2025-09-28,42,339285.66000000003,2,8078.2300000000005,0,1,Monsoon
SKU00003,2025-10-05,43,347363.89,0,8078.2300000000005,0,0,Monsoon
SKU00003,2025-10-12,33,266581.58999999997,0,8078.2300000000005,0,0,Autumn
SKU00003,2025-10-19,26,210033.97999999998,0,8078.2300000000005,0,0,Autumn
SKU00003,2025-10-26,34,274659.82,0,8078.2300000000005,1,0,Autumn
SKU00003,2025-11-02,41,331207.43,2,8078.2300000000005,0,1,Autumn
SKU00003,2025-11-09,39,315050.97,2,8078.2300000000005,0,1,Autumn
SKU00003,2025-11-16,37,298894.51,2,8078.2300000000005,0,1,Autumn
SKU00003,2025-11-23,41,331207.43,2,8078.2300000000005,0,1,Autumn
SKU00003,2025-11-30,29,234268.66999999998,2,8078.2300000000005,0,1,Autumn
SKU00003,2025-12-07,38,306972.74,0,8078.2300000000005,0,0,Winter
SKU00003,2025-12-14,33,266581.59,0,8078.2300000000005,0,0,Winter
SKU00003,2025-12-21,23,185799.29,0,8078.2300000000005,0,0,Winter
SKU00003,2025-12-28,34,274659.82,0,8078.2300000000005,1,0,Winter
SKU00003,2026-01-04,17,137329.91,0,8078.23,0,0,Winter
SKU00004,2024-01-07,31,212708.66999999998,0,6861.57,0,0,Winter
SKU00004,2024-01-14,25,171539.25,0,6861.57,0,0,Winter
SKU00004,2024-01-21,38,260739.65999999997,0,6861.57,0,0,Winter
SKU00004,2024-01-28,33,226431.81,0,6861.57,1,0,Winter
SKU00004,2024-02-04,43,295047.51,0,6861.57,0,0,Winter
SKU00004,2024-02-11,34,233293.38,0,6861.57,0,0,Winter
SKU00004,2024-02-18,35,240154.94999999998,0,6861.57,0,0,Winter
SKU00004,2024-02-25,22,150954.53999999998,0,6861.57,0,0,Winter
SKU00004,2024-03-03,45,308770.65,2,6861.57,0,1,Winter
SKU00004,2024-03-10,40,274462.8,2,6861.57,0,1,Spring
SKU00004,2024-03-17,41,281324.37,2,6861.57,0,1,Spring
SKU00004,2024-03-24,36,247016.52,2,6861.57,0,1,Spring
SKU00004,2024-03-31,27,185262.38999999998,2,6861.57,0,1,Spring
SKU00004,2024-04-07,35,240154.94999999998,0,6861.57,0,0,Spring
SKU00004,2024-04-14,30,205847.09999999998,0,6861.57,0,0,Spring
SKU00004,2024-04-21,44,301909.07999999996,0,6861.57,0,0,Spring
SKU00004,2024-04-28,28,192123.96,0,6861.57,0,0,Spring
SKU00004,2024-05-05,37,253878.09,0,6861.57,0,0,Spring
SKU00004,2024-05-12,47,322493.79,0,6861.57,0,0,Summer
SKU00004,2024-05-19,54,370524.77999999997,0,6861.57,0,0,Summer
SKU00004,2024-05-26,40,274462.8,0,6861.57,0,0,Summer
SKU00004,2024-06-02,28,192123.96,2,6861.57,0,1,Summer
SKU00004,2024-06-09,41,281324.37,2,6861.57,0,1,Summer
SKU00004,2024-06-16,40,274462.8,2,6861.57,0,1,Summer
SKU00004,2024-06-23,37,253878.09,2,6861.57,0,1,Summer
SKU00004,2024-06-30,34,233293.38,2,6861.57,0,1,Summer
SKU00004,2024-07-07,28,192123.96,0,6861.57,0,0,Monsoon
SKU00004,2024-07-14,33,226431.81,0,6861.57,0,0,Monsoon
SKU00004,2024-07-21,35,240154.94999999998,0,6861.57,0,0,Monsoon
SKU00004,2024-07-28,32,219570.24,0,6861.57,0,0,Monsoon
SKU00004,2024-08-04,32,219570.24,0,6861.57,0,0,Monsoon
SKU00004,2024-08-11,33,226431.81,0,6861.57,0,0,Monsoon
SKU00004,2024-08-18,30,205847.09999999998,0,6861.57,1,0,Monsoon
SKU00004,2024-08-25,29,198985.53,0,6861.57,0,0,Monsoon
SKU00004,2024-09-01,22,150954.53999999998,1,6861.57,0,1,Monsoon
SKU00004,2024-09-08,30,205847.09999999998,2,6861.57,0,1,Monsoon
SKU00004,2024-09-15,34,233293.38,2,6861.57,0,1,Monsoon
SKU00004,2024-09-22,29,198985.53,2,6861.57,0,1,Monsoon
SKU00004,2024-09-29,26,178400.82,2,6861.57,0,1,Monsoon
SKU00004,2024-10-06,26,178400.82,0,6861.57,0,0,Monsoon
SKU00004,2024-10-13,29,198985.53,0,6861.57,0,0,Autumn
SKU00004,2024-10-20,29,198985.53,0,6861.57,0,0,Autumn
SKU00004,2024-10-27,26,178400.82,0,6861.57,0,0,Autumn
SKU00004,2024-11-03,32,219570.24,2,6861.57,1,1,Autumn
SKU00004,2024-11-10,29,198985.53,2,6861.57,0,1,Autumn
SKU00004,2024-11-17,26,178400.82,2,6861.57,0,1,Autumn
SKU00004,2024-11-24,19,130369.82999999999,2,6861.57,0,1,Autumn
SKU00004,2024-12-01,24,164677.68,1,6861.57,0,1,Autumn
SKU00004,2024-12-08,30,205847.09999999998,0,6861.57,0,0,Winter
SKU00004,2024-12-15,33,226431.81,0,6861.57,0,0,Winter
SKU00004,2024-12-22,27,185262.38999999998,0,6861.57,0,0,Winter
SKU00004,2024-12-29,28,192123.96,0,6861.57,1,0,Winter
SKU00004,2025-01-05,37,253878.09,0,6861.57,0,0,Winter
SKU00004,2025-01-12,35,240154.94999999998,0,6861.57,0,0,Winter
SKU00004,2025-01-19,24,164677.68,0,6861.57,0,0,Winter
SKU00004,2025-01-26,38,260739.65999999997,0,6861.57,1,0,Winter
SKU00004,2025-02-02,34,233293.38,0,6861.57,0,0,Winter
SKU00004,2025-02-09,32,219570.24,0,6861.57,0,0,Winter
SKU00004,2025-02-16,37,253878.09,0,6861.57,0,0,Winter
SKU00004,2025-02-23,33,226431.81,0,6861.57,0,0,Winter
SKU00004,2025-03-02,50,343078.5,2,6861.57,0,1,Winter
SKU00004,2025-03-09,36,247016.52,2,6861.57,0,1,Spring
SKU00004,2025-03-16,35,240154.94999999998,2,6861.57,0,1,Spring
SKU00004,2025-03-23,39,267601.23,2,6861.57,0,1,Spring
SKU00004,2025-03-30,43,295047.51,2,6861.57,0,1,Spring
SKU00004,2025-04-06,22,150954.53999999998,0,6861.57,0,0,Spring
SKU00004,2025-04-13,39,267601.23,0,6861.57,0,0,Spring
SKU00004,2025-04-20,45,308770.64999999997,0,6861.57,0,0,Spring
SKU00004,2025-04-27,41,281324.37,0,6861.57,0,0,Spring
SKU00004,2025-05-04,31,212708.66999999998,0,6861.57,0,0,Spring
SKU00004,2025-05-11,34,233293.38,0,6861.57,0,0,Summer
SKU00004,2025-05-18,33,226431.81,0,6861.57,0,0,Summer
SKU00004,2025-05-25,38,260739.65999999997,0,6861.57,0,0,Summer
SKU00004,2025-06-01,30,205847.09999999998,1,6861.57,0,1,Summer
SKU00004,2025-06-08,28,192123.96,2,6861.57,0,1,Summer
SKU00004,2025-06-15,29,198985.53,2,6861.57,0,1,Summer
SKU00004,2025-06-22,48,329355.36,2,6861.57,0,1,Summer
SKU00004,2025-06-29,31,212708.66999999998,2,6861.57,0,1,Summer
SKU00004,2025-07-06,27,185262.38999999998,0,6861.57,0,0,Summer
SKU00004,2025-07-13,32,219570.24,0,6861.57,0,0,Monsoon
SKU00004,2025-07-20,34,233293.38,0,6861.57,0,0,Monsoon
SKU00004,2025-07-27,29,198985.53,0,6861.57,0,0,Monsoon
SKU00004,2025-08-03,33,226431.81,0,6861.57,0,0,Monsoon
SKU00004,2025-08-10,26,178400.82,0,6861.57,0,0,Monsoon
SKU00004,2025-08-17,26,178400.82,0,6861.57,1,0,Monsoon
SKU00004,2025-08-24,18,123508.26,0,6861.57,0,0,Monsoon
SKU00004,2025-08-31,36,247016.52,0,6861.57,0,0,Monsoon
SKU00004,2025-09-07,38,260739.65999999997,2,6861.57,0,1,Monsoon
SKU00004,2025-09-14,29,198985.53,2,6861.57,0,1,Monsoon
SKU00004,2025-09-21,26,178400.82,2,6861.57,0,1,Monsoon
SKU00004,2025-09-28,28,192123.96,2,6861.57,0,1,Monsoon
SKU00004,2025-10-05,23,157816.11,0,6861.57,0,0,Monsoon
SKU00004,2025-10-12,28,192123.96,0,6861.57,0,0,Autumn
SKU00004,2025-10-19,24,164677.68,0,6861.57,0,0,Autumn
SKU00004,2025-10-26,24,164677.68,0,6861.57,1,0,Autumn
SKU00004,2025-11-02,32,219570.24,2,6861.57,0,1,Autumn
SKU00004,2025-11-09,27,185262.38999999998,2,6861.57,0,1,Autumn
SKU00004,2025-11-16,31,212708.66999999998,2,6861.57,0,1,Autumn
SKU00004,2025-11-23,28,192123.96,2,6861.57,0,1,Autumn
SKU00004,2025-11-30,22,150954.53999999998,2,6861.57,0,1,Autumn
SKU00004,2025-12-07,28,192123.96,0,6861.57,0,0,Winter
SKU00004,2025-12-14,39,267601.23,0,6861.57,0,0,Winter
SKU00004,2025-12-21,38,260739.65999999997,0,6861.57,0,0,Winter
SKU00004,2025-12-28,30,205847.09999999998,0,6861.57,1,0,Winter
SKU00004,2026-01-04,6,41169.42,0,6861.57,0,0,Winter
SKU00005,2024-01-07,109,1034760.98,0,9493.22,0,0,Winter
SKU00005,2024-01-14,116,1101213.52,0,9493.22,0,0,Winter
SKU00005,2024-01-21,108,1025267.76,0,9493.22,0,0,Winter
SKU00005,2024-01-28,102,968308.44,0,9493.22,1,0,Winter
SKU00005,2024-02-04,129,1224625.38,0,9493.22,0,0,Winter
SKU00005,2024-02-11,135,1281584.7,0,9493.22,0,0,Winter
SKU00005,2024-02-18,144,1367023.68,0,9493.22,0,0,Winter
SKU00005,2024-02-25,124,1177159.28,0,9493.22,0,0,Winter
SKU00005,2024-03-03,134,1272091.48,2,9493.22,0,1,Winter
SKU00005,2024-03-10,147,1395503.3399999999,2,9493.22,0,1,Spring
SKU00005,2024-03-17,144,1367023.68,2,9493.22,0,1,Spring
SKU00005,2024-03-24,151,1433476.22,2,9493.22,0,1,Spring
SKU00005,2024-03-31,126,1196145.72,2,9493.22,0,1,Spring
SKU00005,2024-04-07,138,1310064.3599999999,0,9493.22,0,0,Spring
SKU00005,2024-04-14,113,1072733.8599999999,0,9493.22,0,0,Spring
SKU00005,2024-04-21,140,1329050.8,0,9493.22,0,0,Spring
SKU00005,2024-04-28,113,1072733.8599999999,0,9493.22,0,0,Spring
SKU00005,2024-05-05,122,1158172.8399999999,0,9493.22,0,0,Spring
SKU00005,2024-05-12,142,1348037.24,0,9493.22,0,0,Summer
SKU00005,2024-05-19,122,1158172.8399999999,0,9493.22,0,0,Summer
SKU00005,2024-05-26,118,1120199.96,0,9493.22,0,0,Summer
SKU00005,2024-06-02,124,1177159.28,2,9493.22,0,1,Summer
SKU00005,2024-06-09,157,1490435.54,2,9493.22,0,1,Summer
SKU00005,2024-06-16,138,1310064.3599999999,2,9493.22,0,1,Summer
SKU00005,2024-06-23,149,1414489.78,2,9493.22,0,1,Summer
SKU00005,2024-06-30,145,1376516.9,2,9493.22,0,1,Summer
SKU00005,2024-07-07,105,996788.0999999999,0,9493.22,0,0,Monsoon
SKU00005,2024-07-14,114,1082227.08,0,9493.22,0,0,Monsoon
SKU00005,2024-07-21,109,1034760.98,0,9493.22,0,0,Monsoon
SKU00005,2024-07-28,114,1082227.0799999998,0,9493.22,0,0,Monsoon
SKU00005,2024-08-04,108,1025267.7599999999,0,9493.22,0,0,Monsoon
SKU00005,2024-08-11,95,901855.8999999999,0,9493.22,0,0,Monsoon
SKU00005,2024-08-18,103,977801.6599999999,0,9493.22,1,0,Monsoon
SKU00005,2024-08-25,113,1072733.8599999999,0,9493.22,0,0,Monsoon
SKU00005,2024-09-01,122,1158172.8399999999,1,9493.22,0,1,Monsoon
SKU00005,2024-09-08,113,1072733.8599999999,2,9493.22,0,1,Monsoon
SKU00005,2024-09-15,104,987294.8799999999,2,9493.22,0,1,Monsoon
SKU00005,2024-09-22,95,901855.8999999999,2,9493.22,0,1,Monsoon
SKU00005,2024-09-29,108,1025267.76,2,9493.22,0,1,Monsoon
SKU00005,2024-10-06,86,816416.9199999999,0,9493.22,0,0,Monsoon
SKU00005,2024-10-13,96,911349.1199999999,0,9493.22,0,0,Autumn
SKU00005,2024-10-20,92,873376.24,0,9493.22,0,0,Autumn
SKU00005,2024-10-27,85,806923.7,0,9493.22,0,0,Autumn
SKU00005,2024-11-03,109,1034760.98,2,9493.22,1,1,Autumn
SKU00005,2024-11-10,109,1034760.98,2,9493.22,0,1,Autumn
SKU00005,2024-11-17,123,1167666.06,2,9493.22,0,1,Autumn
SKU00005,2024-11-24,104,987294.8799999999,2,9493.22,0,1,Autumn
SKU00005,2024-12-01,79,749964.38,1,9493.22,0,1,Autumn
SKU00005,2024-12-08,95,901855.8999999999,0,9493.22,0,0,Winter
SKU00005,2024-12-15,107,1015774.5399999999,0,9493.22,0,0,Winter
SKU00005,2024-12-22,110,1044254.2,0,9493.22,0,0,Winter
SKU00005,2024-12-29,106,1006281.32,0,9493.22,1,0,Winter
SKU00005,2025-01-05,111,1053747.42,0,9493.22,0,0,Winter
SKU00005,2025-01-12,97,920842.34,0,9493.22,0,0,Winter
SKU00005,2025-01-19,133,1262598.26,0,9493.22,0,0,Winter
SKU00005,2025-01-26,110,1044254.2,0,9493.22,1,0,Winter
SKU00005,2025-02-02,107,1015774.54,0,9493.22,0,0,Winter
SKU00005,2025-02-09,123,1167666.06,0,9493.22,0,0,Winter
SKU00005,2025-02-16,132,1253105.04,0,9493.22,0,0,Winter
SKU00005,2025-02-23,139,1319557.58,0,9493.22,0,0,Winter
SKU00005,2025-03-02,160,1518915.2,2,9493.22,0,1,Winter
SKU00005,2025-03-09,140,1329050.7999999998,2,9493.22,0,1,Spring
SKU00005,2025-03-16,142,1348037.24,2,9493.22,0,1,Spring
SKU00005,2025-03-23,144,1367023.68,2,9493.22,0,1,Spring
SKU00005,2025-03-30,134,1272091.48,2,9493.22,0,1,Spring
SKU00005,2025-04-06,142,1348037.24,0,9493.22,0,0,Spring
SKU00005,2025-04-13,132,1253105.04,0,9493.22,0,0,Spring
SKU00005,2025-04-20,134,1272091.48,0,9493.22,0,0,Spring
SKU00005,2025-04-27,141,1338544.02,0,9493.22,0,0,Spring
SKU00005,2025-05-04,116,1101213.52,0,9493.22,0,0,Spring
SKU00005,2025-05-11,117,1110706.74,0,9493.22,0,0,Summer
SKU00005,2025-05-18,122,1158172.8399999999,0,9493.22,0,0,Summer
SKU00005,2025-05-25,137,1300571.14,0,9493.22,0,0,Summer
SKU00005,2025-06-01,130,1234118.5999999999,1,9493.22,0,1,Summer
SKU00005,2025-06-08,140,1329050.7999999998,2,9493.22,0,1,Summer
SKU00005,2025-06-15,133,1262598.26,2,9493.22,0,1,Summer
SKU00005,2025-06-22,116,1101213.52,2,9493.22,0,1,Summer
SKU00005,2025-06-29,134,1272091.48,2,9493.22,0,1,Summer
SKU00005,2025-07-06,99,939828.78,0,9493.22,0,0,Summer
SKU00005,2025-07-13,104,987294.8799999999,0,9493.22,0,0,Monsoon
SKU00005,2025-07-20,106,1006281.32,0,9493.22,0,0,Monsoon
SKU00005,2025-07-27,124,1177159.28,0,9493.22,0,0,Monsoon
SKU00005,2025-08-03,115,1091720.3,0,9493.22,0,0,Monsoon
SKU00005,2025-08-10,96,911349.1199999999,0,9493.22,0,0,Monsoon
SKU00005,2025-08-17,114,1082227.0799999998,0,9493.22,1,0,Monsoon
SKU00005,2025-08-24,95,901855.9,0,9493.22,0,0,Monsoon
SKU00005,2025-08-31,96,911349.12,0,9493.22,0,0,Monsoon
SKU00005,2025-09-07,95,901855.8999999999,2,9493.22,0,1,Monsoon
SKU00005,2025-09-14,96,911349.12,2,9493.22,0,1,Monsoon
SKU00005,2025-09-21,89,844896.58,2,9493.22,0,1,Monsoon
SKU00005,2025-09-28,108,1025267.76,2,9493.22,0,1,Monsoon
SKU00005,2025-10-05,97,920842.34,0,9493.22,0,0,Monsoon
SKU00005,2025-10-12,107,1015774.5399999999,0,9493.22,0,0,Autumn
SKU00005,2025-10-19,105,996788.1,0,9493.22,0,0,Autumn
SKU00005,2025-10-26,98,930335.5599999999,0,9493.22,1,0,Autumn
SKU00005,2025-11-02,104,987294.88,2,9493.22,0,1,Autumn
SKU00005,2025-11-09,114,1082227.08,2,9493.22,0,1,Autumn
SKU00005,2025-11-16,102,968308.44,2,9493.22,0,1,Autumn
SKU00005,2025-11-23,115,1091720.3,2,9493.22,0,1,Autumn
SKU00005,2025-11-30,100,949322.0,2,9493.22,0,1,Autumn
SKU00005,2025-12-07,96,911349.12,0,9493.22,0,0,Winter
SKU00005,2025-12-14,103,977801.6599999999,0,9493.22,0,0,Winter
SKU00005,2025-12-21,100,949321.9999999999,0,9493.22,0,0,Winter
SKU00005,2025-12-28,108,1025267.7599999999,0,9493.22,1,0,Winter
SKU00005,2026-01-04,50,474661.0,0,9493.22,0,0,Winter
SKU00006,2024-01-07,38,308029.52,0,8106.04,0,0,Winter
SKU00006,2024-01-14,34,275605.36,0,8106.04,0,0,Winter
SKU00006,2024-01-21,43,348559.72,0,8106.04,0,0,Winter
SKU00006,2024-01-28,39,316135.56,0,8106.04,1,0,Winter
SKU00006,2024-02-04,49,397195.96,0,8106.04,0,0,Winter
SKU00006,2024-02-11,50,405302.0,0,8106.04,0,0,Winter
SKU00006,2024-02-18,52,421514.08,0,8106.04,0,0,Winter
SKU00006,2024-02-25,50,405302.0,0,8106.04,0,0,Winter
SKU00006,2024-03-03,56,453938.24,2,8106.04,0,1,Winter
SKU00006,2024-03-10,76,616059.04,2,8106.04,0,1,Spring
SKU00006,2024-03-17,50,405302.0,2,8106.04,0,1,Spring
SKU00006,2024-03-24,55,445832.2,2,8106.04,0,1,Spring
SKU00006,2024-03-31,53,429620.12,2,8106.04,0,1,Spring
SKU00006,2024-04-07,68,551210.72,0,8106.04,0,0,Spring
SKU00006,2024-04-14,61,494468.44,0,8106.04,0,0,Spring
SKU00006,2024-04-21,54,437726.16,0,8106.04,0,0,Spring
SKU00006,2024-04-28,44,356665.76,0,8106.04,0,0,Spring
SKU00006,2024-05-05,54,437726.16000000003,0,8106.04,0,0,Spring
SKU00006,2024-05-12,45,364771.8,0,8106.04,0,0,Summer
SKU00006,2024-05-19,52,421514.08,0,8106.04,0,0,Summer
SKU00006,2024-05-26,58,470150.31999999995,0,8106.04,0,0,Summer
SKU00006,2024-06-02,46,372877.83999999997,2,8106.04,0,1,Summer
SKU00006,2024-06-09,33,267499.32,2,8106.04,0,1,Summer
SKU00006,2024-06-16,41,332347.63999999996,2,8106.04,0,1,Summer
SKU00006,2024-06-23,42,340453.68,2,8106.04,0,1,Summer
SKU00006,2024-06-30,59,478256.36,2,8106.04,0,1,Summer
SKU00006,2024-07-07,54,437726.16,0,8106.04,0,0,Monsoon
SKU00006,2024-07-14,42,340453.68,0,8106.04,0,0,Monsoon
SKU00006,2024-07-21,47,380983.88,0,8106.04,0,0,Monsoon
SKU00006,2024-07-28,48,389089.92,0,8106.04,0,0,Monsoon
SKU00006,2024-08-04,45,364771.8,0,8106.04,0,0,Monsoon
SKU00006,2024-08-11,25,202651.0,0,8106.04,0,0,Monsoon
SKU00006,2024-08-18,39,316135.56,0,8106.04,1,0,Monsoon
SKU00006,2024-08-25,34,275605.36,0,8106.04,0,0,Monsoon
SKU00006,2024-09-01,55,445832.2,1,8106.04,0,1,Monsoon
SKU00006,2024-09-08,33,267499.32,2,8106.04,0,1,Monsoon
SKU00006,2024-09-15,38,308029.52,2,8106.04,0,1,Monsoon
SKU00006,2024-09-22,42,340453.68,2,8106.04,0,1,Monsoon
SKU00006,2024-09-29,40,324241.6,2,8106.04,0,1,Monsoon
SKU00006,2024-10-06,47,380983.88,0,8106.04,0,0,Monsoon
SKU00006,2024-10-13,38,308029.52,0,8106.04,0,0,Autumn
SKU00006,2024-10-20,37,299923.48,0,8106.04,0,0,Autumn
SKU00006,2024-10-27,29,235075.16,0,8106.04,0,0,Autumn
SKU00006,2024-11-03,40,324241.6,2,8106.04,1,1,Autumn
SKU00006,2024-11-10,40,324241.6,2,8106.04,0,1,Autumn
SKU00006,2024-11-17,28,226969.12,2,8106.04,0,1,Autumn
SKU00006,2024-11-24,41,332347.64,2,8106.04,0,1,Autumn
SKU00006,2024-12-01,44,356665.76,1,8106.04,0,1,Autumn
SKU00006,2024-12-08,44,356665.76,0,8106.04,0,0,Winter
SKU00006,2024-12-15,34,275605.36,0,8106.04,0,0,Winter
SKU00006,2024-12-22,44,356665.76,0,8106.04,0,0,Winter
SKU00006,2024-12-29,48,389089.92,0,8106.04,1,0,Winter
SKU00006,2025-01-05,45,364771.8,0,8106.04,0,0,Winter
SKU00006,2025-01-12,50,405302.0,0,8106.04,0,0,Winter
SKU00006,2025-01-19,46,372877.83999999997,0,8106.04,0,0,Winter
SKU00006,2025-01-26,51,413408.04,0,8106.04,1,0,Winter
SKU00006,2025-02-02,47,380983.88,0,8106.04,0,0,Winter
SKU00006,2025-02-09,46,372877.83999999997,0,8106.04,0,0,Winter
SKU00006,2025-02-16,45,364771.8,0,8106.04,0,0,Winter
SKU00006,2025-02-23,51,413408.04,0,8106.04,0,0,Winter
SKU00006,2025-03-02,57,462044.28,2,8106.04,0,1,Winter
SKU00006,2025-03-09,58,470150.31999999995,2,8106.04,0,1,Spring
SKU00006,2025-03-16,66,534998.64,2,8106.04,0,1,Spring
SKU00006,2025-03-23,42,340453.68,2,8106.04,0,1,Spring
SKU00006,2025-03-30,55,445832.2,2,8106.04,0,1,Spring
SKU00006,2025-04-06,56,453938.24,0,8106.04,0,0,Spring
SKU00006,2025-04-13,53,429620.12,0,8106.04,0,0,Spring
SKU00006,2025-04-20,46,372877.84,0,8106.04,0,0,Spring
SKU00006,2025-04-27,67,543104.6799999999,0,8106.04,0,0,Spring
SKU00006,2025-05-04,44,356665.76,0,8106.04,0,0,Spring
SKU00006,2025-05-11,66,534998.64,0,8106.04,0,0,Summer
SKU00006,2025-05-18,55,445832.2,0,8106.04,0,0,Summer
SKU00006,2025-05-25,51,413408.04,0,8106.04,0,0,Summer
SKU00006,2025-06-01,50,405302.0,1,8106.04,0,1,Summer
SKU00006,2025-06-08,57,462044.27999999997,2,8106.04,0,1,Summer
SKU00006,2025-06-15,64,518786.56,2,8106.04,0,1,Summer
SKU00006,2025-06-22,42,340453.68,2,8106.04,0,1,Summer
SKU00006,2025-06-29,54,437726.16,2,8106.04,0,1,Summer
SKU00006,2025-07-06,41,332347.64,0,8106.04,0,0,Summer
SKU00006,2025-07-13,31,251287.24,0,8106.04,0,0,Monsoon
SKU00006,2025-07-20,45,364771.8,0,8106.04,0,0,Monsoon
SKU00006,2025-07-27,43,348559.72,0,8106.04,0,0,Monsoon
SKU00006,2025-08-03,49,397195.95999999996,0,8106.04,0,0,Monsoon
SKU00006,2025-08-10,46,372877.83999999997,0,8106.04,0,0,Monsoon
SKU00006,2025-08-17,38,308029.51999999996,0,8106.04,1,0,Monsoon
SKU00006,2025-08-24,42,340453.68,0,8106.04,0,0,Monsoon
SKU00006,2025-08-31,36,291817.44,0,8106.04,0,0,Monsoon
SKU00006,2025-09-07,43,348559.72,2,8106.04,0,1,Monsoon
SKU00006,2025-09-14,40,324241.6,2,8106.04,0,1,Monsoon
SKU00006,2025-09-21,45,364771.8,2,8106.04,0,1,Monsoon
SKU00006,2025-09-28,48,389089.92,2,8106.04,0,1,Monsoon
SKU00006,2025-10-05,43,348559.72,0,8106.04,0,0,Monsoon
SKU00006,2025-10-12,38,308029.52,0,8106.04,0,0,Autumn
SKU00006,2025-10-19,29,235075.15999999997,0,8106.04,0,0,Autumn
SKU00006,2025-10-26,34,275605.36,0,8106.04,1,0,Autumn
SKU00006,2025-11-02,36,291817.44,2,8106.04,0,1,Autumn
SKU00006,2025-11-09,39,316135.56,2,8106.04,0,1,Autumn
SKU00006,2025-11-16,31,251287.24,2,8106.04,0,1,Autumn
SKU00006,2025-11-23,45,364771.8,2,8106.04,0,1,Autumn
SKU00006,2025-11-30,40,324241.6,2,8106.04,0,1,Autumn
SKU00006,2025-12-07,37,299923.48,0,8106.04,0,0,Winter
SKU00006,2025-12-14,41,332347.64,0,8106.04,0,0,Winter
SKU00006,2025-12-21,41,332347.64,0,8106.04,0,0,Winter
SKU00006,2025-12-28,43,348559.72,0,8106.04,1,0,Winter
SKU00006,2026-01-04,20,162120.8,0,8106.04,0,0,Winter
SKU00007,2024-01-07,172,879623.48,0,5114.090000000001,0,0,Winter
SKU00007,2024-01-14,178,910308.02,0,5114.090000000001,0,0,Winter
SKU00007,2024-01-21,189,966563.01,0,5114.090000000001,0,0,Winter
SKU00007,2024-01-28,176,900079.84,0,5114.090000000001,1,0,Winter
SKU00007,2024-02-04,171,874509.39,0,5114.090000000001,0,0,Winter
SKU00007,2024-02-11,163,833596.6699999999,0,5114.090000000001,0,0,Winter
SKU00007,2024-02-18,195,997247.55,0,5114.090000000001,0,0,Winter
SKU00007,2024-02-25,173,884737.57,0,5114.090000000001,0,0,Winter
SKU00007,2024-03-03,201,1027932.09,2,5114.090000000001,0,1,Winter
SKU00007,2024-03-10,195,997247.55,2,5114.090000000001,0,1,Spring
SKU00007,2024-03-17,212,1084187.08,2,5114.090000000001,0,1,Spring
SKU00007,2024-03-24,223,1140442.07,2,5114.090000000001,0,1,Spring
SKU00007,2024-03-31,192,981905.28,2,5114.090000000001,0,1,Spring
SKU00007,2024-04-07,199,1017703.91,0,5114.090000000001,0,0,Spring
SKU00007,2024-04-14,222,1135327.98,0,5114.090000000001,0,0,Spring
SKU00007,2024-04-21,199,1017703.91,0,5114.090000000001,0,0,Spring
SKU00007,2024-04-28,198,1012589.8200000001,0,5114.090000000001,0,0,Spring
SKU00007,2024-05-05,188,961448.9199999999,0,5114.090000000001,0,0,Spring
SKU00007,2024-05-12,174,889851.66,0,5114.090000000001,0,0,Summer
SKU00007,2024-05-19,184,940992.56,0,5114.090000000001,0,0,Summer
SKU00007,2024-05-26,209,1068844.81,0,5114.090000000001,0,0,Summer
SKU00007,2024-06-02,242,1237609.78,2,5114.090000000001,0,1,Summer
SKU00007,2024-06-09,196,1002361.64,2,5114.090000000001,0,1,Summer
SKU00007,2024-06-16,203,1038160.27,2,5114.090000000001,0,1,Summer
SKU00007,2024-06-23,219,1119985.71,2,5114.090000000001,0,1,Summer
SKU00007,2024-06-30,204,1043274.36,2,5114.090000000001,0,1,Summer
SKU00007,2024-07-07,187,956334.83,0,5114.090000000001,0,0,Monsoon
SKU00007,2024-07-14,179,915422.11,0,5114.090000000001,0,0,Monsoon
SKU00007,2024-07-21,180,920536.2,0,5114.090000000001,0,0,Monsoon
SKU00007,2024-07-28,172,879623.48,0,5114.090000000001,0,0,Monsoon
SKU00007,2024-08-04,160,818254.4,0,5114.090000000001,0,0,Monsoon
SKU00007,2024-08-11,141,721086.69,0,5114.090000000001,0,0,Monsoon
SKU00007,2024-08-18,164,838710.76,0,5114.090000000001,1,0,Monsoon
SKU00007,2024-08-25,160,818254.4,0,5114.090000000001,0,0,Monsoon
SKU00007,2024-09-01,151,772227.59,1,5114.090000000001,0,1,Monsoon
SKU00007,2024-09-08,157,802912.13,2,5114.090000000001,0,1,Monsoon
SKU00007,2024-09-15,174,889851.6599999999,2,5114.090000000001,0,1,Monsoon
SKU00007,2024-09-22,151,772227.59,2,5114.090000000001,0,1,Monsoon
SKU00007,2024-09-29,170,869395.3,2,5114.090000000001,0,1,Monsoon
SKU00007,2024-10-06,130,664831.7,0,5114.090000000001,0,0,Monsoon
SKU00007,2024-10-13,123,629033.0700000001,0,5114.090000000001,0,0,Autumn
SKU00007,2024-10-20,128,654603.52,0,5114.090000000001,0,0,Autumn
SKU00007,2024-10-27,124,634147.16,0,5114.090000000001,0,0,Autumn
SKU00007,2024-11-03,152,777341.6799999999,2,5114.090000000001,1,1,Autumn
SKU00007,2024-11-10,172,879623.48,2,5114.090000000001,0,1,Autumn
SKU00007,2024-11-17,159,813140.31,2,5114.090000000001,0,1,Autumn
SKU00007,2024-11-24,167,854053.03,2,5114.090000000001,0,1,Autumn
SKU00007,2024-12-01,132,675059.88,1,5114.090000000001,0,1,Autumn
SKU00007,2024-12-08,148,756885.32,0,5114.090000000001,0,0,Winter
SKU00007,2024-12-15,137,700630.3300000001,0,5114.090000000001,0,0,Winter
SKU00007,2024-12-22,167,854053.03,0,5114.090000000001,0,0,Winter
SKU00007,2024-12-29,147,751771.23,0,5114.090000000001,1,0,Winter
SKU00007,2025-01-05,175,894965.75,0,5114.090000000001,0,0,Winter
SKU00007,2025-01-12,171,874509.3899999999,0,5114.090000000001,0,0,Winter
SKU00007,2025-01-19,156,797798.04,0,5114.090000000001,0,0,Winter
SKU00007,2025-01-26,179,915422.11,0,5114.090000000001,1,0,Winter
SKU00007,2025-02-02,178,910308.02,0,5114.090000000001,0,0,Winter
SKU00007,2025-02-09,179,915422.11,0,5114.090000000001,0,0,Winter
SKU00007,2025-02-16,171,874509.39,0,5114.090000000001,0,0,Winter
SKU00007,2025-02-23,171,874509.39,0,5114.090000000001,0,0,Winter
SKU00007,2025-03-02,189,966563.01,2,5114.090000000001,0,1,Winter
SKU00007,2025-03-09,217,1109757.53,2,5114.090000000001,0,1,Spring
SKU00007,2025-03-16,191,976791.19,2,5114.090000000001,0,1,Spring
SKU00007,2025-03-23,194,992133.46,2,5114.090000000001,0,1,Spring
SKU00007,2025-03-30,208,1063730.72,2,5114.090000000001,0,1,Spring
SKU00007,2025-04-06,201,1027932.09,0,5114.090000000001,0,0,Spring
SKU00007,2025-04-13,194,992133.46,0,5114.090000000001,0,0,Spring
SKU00007,2025-04-20,200,1022818.0,0,5114.090000000001,0,0,Spring
SKU00007,2025-04-27,201,1027932.0900000001,0,5114.090000000001,0,0,Spring
SKU00007,2025-05-04,199,1017703.91,0,5114.090000000001,0,0,Spring
SKU00007,2025-05-11,168,859167.12,0,5114.090000000001,0,0,Summer
SKU00007,2025-05-18,180,920536.2,0,5114.090000000001,0,0,Summer
SKU00007,2025-05-25,203,1038160.27,0,5114.090000000001,0,0,Summer
SKU00007,2025-06-01,196,1002361.64,1,5114.090000000001,0,1,Summer
SKU00007,2025-06-08,185,946106.6499999999,2,5114.090000000001,0,1,Summer
SKU00007,2025-06-15,174,889851.6599999999,2,5114.090000000001,0,1,Summer
SKU00007,2025-06-22,187,956334.83,2,5114.090000000001,0,1,Summer
SKU00007,2025-06-29,212,1084187.08,2,5114.090000000001,0,1,Summer
SKU00007,2025-07-06,181,925650.29,0,5114.090000000001,0,0,Summer
SKU00007,2025-07-13,187,956334.83,0,5114.090000000001,0,0,Monsoon
SKU00007,2025-07-20,161,823368.49,0,5114.090000000001,0,0,Monsoon
SKU00007,2025-07-27,167,854053.03,0,5114.090000000001,0,0,Monsoon
SKU00007,2025-08-03,181,925650.29,0,5114.090000000001,0,0,Monsoon
SKU00007,2025-08-10,145,741543.05,0,5114.090000000001,0,0,Monsoon
SKU00007,2025-08-17,158,808026.22,0,5114.090000000001,1,0,Monsoon
SKU00007,2025-08-24,146,746657.1399999999,0,5114.090000000001,0,0,Monsoon
SKU00007,2025-08-31,170,869395.3,0,5114.090000000001,0,0,Monsoon
SKU00007,2025-09-07,152,777341.6799999999,2,5114.090000000001,0,1,Monsoon
SKU00007,2025-09-14,153,782455.77,2,5114.090000000001,0,1,Monsoon
SKU00007,2025-09-21,162,828482.58,2,5114.090000000001,0,1,Monsoon
SKU00007,2025-09-28,171,874509.39,2,5114.090000000001,0,1,Monsoon
SKU00007,2025-10-05,129,659717.61,0,5114.090000000001,0,0,Monsoon
SKU00007,2025-10-12,149,761999.41,0,5114.090000000001,0,0,Autumn
SKU00007,2025-10-19,158,808026.22,0,5114.090000000001,0,0,Autumn
SKU00007,2025-10-26,131,669945.79,0,5114.090000000001,1,0,Autumn
SKU00007,2025-11-02,152,777341.6799999999,2,5114.090000000001,0,1,Autumn
SKU00007,2025-11-09,142,726200.78,2,5114.090000000001,0,1,Autumn
SKU00007,2025-11-16,131,669945.79,2,5114.090000000001,0,1,Autumn
SKU00007,2025-11-23,157,802912.13,2,5114.090000000001,0,1,Autumn
SKU00007,2025-11-30,181,925650.29,2,5114.090000000001,0,1,Autumn
SKU00007,2025-12-07,145,741543.05,0,5114.090000000001,0,0,Winter
SKU00007,2025-12-14,154,787569.86,0,5114.090000000001,0,0,Winter
SKU00007,2025-12-21,149,761999.41,0,5114.090000000001,0,0,Winter
SKU00007,2025-12-28,161,823368.49,0,5114.090000000001,1,0,Winter
SKU00007,2026-01-04,68,347758.12,0,5114.09,0,0,Winter
SKU00008,2024-01-07,119,1171274.16,0,9842.64,0,0,Winter
SKU00008,2024-01-14,137,1348441.68,0,9842.64,0,0,Winter
SKU00008,2024-01-21,118,1161431.52,0,9842.64,0,0,Winter
SKU00008,2024-01-28,108,1063005.12,0,9842.64,1,0,Winter
SKU00008,2024-02-04,114,1122060.96,0,9842.64,0,0,Winter
SKU00008,2024-02-11,113,1112218.32,0,9842.64,0,0,Winter
SKU00008,2024-02-18,107,1053162.48,0,9842.64,0,0,Winter
SKU00008,2024-02-25,118,1161431.52,0,9842.64,0,0,Winter
SKU00008,2024-03-03,131,1289385.84,2,9842.64,0,1,Winter
SKU00008,2024-03-10,132,1299228.48,2,9842.64,0,1,Spring
SKU00008,2024-03-17,147,1446868.08,2,9842.64,0,1,Spring
SKU00008,2024-03-24,144,1417340.16,2,9842.64,0,1,Spring
SKU00008,2024-03-31,128,1259857.92,2,9842.64,0,1,Spring
SKU00008,2024-04-07,128,1259857.92,0,9842.64,0,0,Spring
SKU00008,2024-04-14,128,1259857.92,0,9842.64,0,0,Spring
SKU00008,2024-04-21,139,1368126.96,0,9842.64,0,0,Spring
SKU00008,2024-04-28,134,1318913.76,0,9842.64,0,0,Spring
SKU00008,2024-05-05,139,1368126.96,0,9842.64,0,0,Spring
SKU00008,2024-05-12,131,1289385.8399999999,0,9842.64,0,0,Summer
SKU00008,2024-05-19,128,1259857.92,0,9842.64,0,0,Summer
SKU00008,2024-05-26,137,1348441.68,0,9842.64,0,0,Summer
SKU00008,2024-06-02,140,1377969.5999999999,2,9842.64,0,1,Summer
SKU00008,2024-06-09,125,1230330.0,2,9842.64,0,1,Summer
SKU00008,2024-06-16,106,1043319.84,2,9842.64,0,1,Summer
SKU00008,2024-06-23,134,1318913.76,2,9842.64,0,1,Summer
SKU00008,2024-06-30,144,1417340.1600000001,2,9842.64,0,1,Summer
SKU00008,2024-07-07,112,1102375.68,0,9842.64,0,0,Monsoon
SKU00008,2024-07-14,120,1181116.8,0,9842.64,0,0,Monsoon
SKU00008,2024-07-21,108,1063005.12,0,9842.64,0,0,Monsoon
SKU00008,2024-07-28,134,1318913.76,0,9842.64,0,0,Monsoon
SKU00008,2024-08-04,100,984264.0,0,9842.64,0,0,Monsoon
SKU00008,2024-08-11,97,954736.08,0,9842.64,0,0,Monsoon
SKU00008,2024-08-18,99,974421.36,0,9842.64,1,0,Monsoon
SKU00008,2024-08-25,113,1112218.32,0,9842.64,0,0,Monsoon
SKU00008,2024-09-01,107,1053162.48,1,9842.64,0,1,Monsoon
SKU00008,2024-09-08,115,1131903.6,2,9842.64,0,1,Monsoon
SKU00008,2024-09-15,93,915365.52,2,9842.64,0,1,Monsoon
SKU00008,2024-09-22,101,994106.64,2,9842.64,0,1,Monsoon
SKU00008,2024-09-29,107,1053162.48,2,9842.64,0,1,Monsoon
SKU00008,2024-10-06,89,875994.96,0,9842.64,0,0,Monsoon
SKU00008,2024-10-13,80,787411.2,0,9842.64,0,0,Autumn
SKU00008,2024-10-20,71,698827.44,0,9842.64,0,0,Autumn
SKU00008,2024-10-27,97,954736.0800000001,0,9842.64,0,0,Autumn
SKU00008,2024-11-03,99,974421.36,2,9842.64,1,1,Autumn
SKU00008,2024-11-10,97,954736.08,2,9842.64,0,1,Autumn
SKU00008,2024-11-17,106,1043319.84,2,9842.64,0,1,Autumn
SKU00008,2024-11-24,88,866152.32,2,9842.64,0,1,Autumn
SKU00008,2024-12-01,108,1063005.12,1,9842.64,0,1,Autumn
SKU00008,2024-12-08,109,1072847.76,0,9842.64,0,0,Winter
SKU00008,2024-12-15,104,1023634.5599999999,0,9842.64,0,0,Winter
SKU00008,2024-12-22,82,807096.48,0,9842.64,0,0,Winter
SKU00008,2024-12-29,97,954736.0800000001,0,9842.64,1,0,Winter
SKU00008,2025-01-05,103,1013791.9199999999,0,9842.64,0,0,Winter
SKU00008,2025-01-12,105,1033477.2,0,9842.64,0,0,Winter
SKU00008,2025-01-19,111,1092533.04,0,9842.64,0,0,Winter
SKU00008,2025-01-26,106,1043319.84,0,9842.64,1,0,Winter
SKU00008,2025-02-02,121,1190959.44,0,9842.64,0,0,Winter
SKU00008,2025-02-09,134,1318913.76,0,9842.64,0,0,Winter
SKU00008,2025-02-16,122,1200802.08,0,9842.64,0,0,Winter
SKU00008,2025-02-23,112,1102375.68,0,9842.64,0,0,Winter
SKU00008,2025-03-02,138,1358284.32,2,9842.64,0,1,Winter
SKU00008,2025-03-09,133,1309071.1199999999,2,9842.64,0,1,Spring
SKU00008,2025-03-16,153,1505923.92,2,9842.64,0,1,Spring
SKU00008,2025-03-23,139,1368126.96,2,9842.64,0,1,Spring
SKU00008,2025-03-30,154,1515766.56,2,9842.64,0,1,Spring
SKU00008,2025-04-06,146,1437025.44,0,9842.64,0,0,Spring
SKU00008,2025-04-13,131,1289385.84,0,9842.64,0,0,Spring
SKU00008,2025-04-20,138,1358284.32,0,9842.64,0,0,Spring
SKU00008,2025-04-27,130,1279543.2,0,9842.64,0,0,Spring
SKU00008,2025-05-04,127,1250015.28,0,9842.64,0,0,Spring
SKU00008,2025-05-11,139,1368126.96,0,9842.64,0,0,Summer
SKU00008,2025-05-18,121,1190959.44,0,9842.64,0,0,Summer
SKU00008,2025-05-25,118,1161431.52,0,9842.64,0,0,Summer
SKU00008,2025-06-01,135,1328756.4,1,9842.64,0,1,Summer
SKU00008,2025-06-08,122,1200802.08,2,9842.64,0,1,Summer
SKU00008,2025-06-15,136,1338599.04,2,9842.64,0,1,Summer
SKU00008,2025-06-22,101,994106.6399999999,2,9842.64,0,1,Summer
SKU00008,2025-06-29,118,1161431.52,2,9842.64,0,1,Summer
SKU00008,2025-07-06,128,1259857.92,0,9842.64,0,0,Summer
SKU00008,2025-07-13,109,1072847.76,0,9842.64,0,0,Monsoon
SKU00008,2025-07-20,110,1082690.4,0,9842.64,0,0,Monsoon
SKU00008,2025-07-27,105,1033477.2,0,9842.64,0,0,Monsoon
SKU00008,2025-08-03,112,1102375.68,0,9842.64,0,0,Monsoon
SKU00008,2025-08-10,101,994106.6399999999,0,9842.64,0,0,Monsoon
SKU00008,2025-08-17,126,1240172.64,0,9842.64,1,0,Monsoon
SKU00008,2025-08-24,89,875994.96,0,9842.64,0,0,Monsoon
SKU00008,2025-08-31,101,994106.6399999999,0,9842.64,0,0,Monsoon
SKU00008,2025-09-07,92,905522.88,2,9842.64,0,1,Monsoon
SKU00008,2025-09-14,90,885837.6,2,9842.64,0,1,Monsoon
SKU00008,2025-09-21,87,856309.6799999999,2,9842.64,0,1,Monsoon
SKU00008,2025-09-28,93,915365.52,2,9842.64,0,1,Monsoon
SKU00008,2025-10-05,98,964578.72,0,9842.64,0,0,Monsoon
SKU00008,2025-10-12,88,866152.32,0,9842.64,0,0,Autumn
SKU00008,2025-10-19,115,1131903.6,0,9842.64,0,0,Autumn
SKU00008,2025-10-26,81,797253.84,0,9842.64,1,0,Autumn
SKU00008,2025-11-02,100,984264.0,2,9842.64,0,1,Autumn
SKU00008,2025-11-09,112,1102375.68,2,9842.64,0,1,Autumn
SKU00008,2025-11-16,94,925208.1599999999,2,9842.64,0,1,Autumn
SKU00008,2025-11-23,91,895680.24,2,9842.64,0,1,Autumn
SKU00008,2025-11-30,117,1151588.8800000001,2,9842.64,0,1,Autumn
SKU00008,2025-12-07,97,954736.08,0,9842.64,0,0,Winter
SKU00008,2025-12-14,112,1102375.68,0,9842.64,0,0,Winter
SKU00008,2025-12-21,100,984264.0,0,9842.64,0,0,Winter
SKU00008,2025-12-28,105,1033477.2,0,9842.64,1,0,Winter
SKU00008,2026-01-04,36,354335.04,0,9842.64,0,0,Winter
SKU00009,2024-01-07,70,163582.3,0,2336.89,0,0,Winter
SKU00009,2024-01-14,66,154234.74,0,2336.89,0,0,Winter
SKU00009,2024-01-21,73,170592.97,0,2336.89,0,0,Winter
SKU00009,2024-01-28,80,186951.19999999998,0,2336.89,1,0,Winter
SKU00009,2024-02-04,103,240699.66999999998,0,2336.89,0,0,Winter
SKU00009,2024-02-11,85,198635.65,0,2336.89,0,0,Winter
SKU00009,2024-02-18,79,184614.31,0,2336.89,0,0,Winter
SKU00009,2024-02-25,80,186951.2,0,2336.89,0,0,Winter
SKU00009,2024-03-03,92,214993.88,2,2336.89,0,1,Winter
SKU00009,2024-03-10,86,200972.54,2,2336.89,0,1,Spring
SKU00009,2024-03-17,101,236025.89,2,2336.89,0,1,Spring
SKU00009,2024-03-24,95,222004.55,2,2336.89,0,1,Spring
SKU00009,2024-03-31,88,205646.32,2,2336.89,0,1,Spring
SKU00009,2024-04-07,82,191624.98,0,2336.89,0,0,Spring
SKU00009,2024-04-14,106,247710.34,0,2336.89,0,0,Spring
SKU00009,2024-04-21,100,233689.0,0,2336.89,0,0,Spring
SKU00009,2024-04-28,104,243036.56,0,2336.89,0,0,Spring
SKU00009,2024-05-05,80,186951.19999999998,0,2336.89,0,0,Spring
SKU00009,2024-05-12,70,163582.3,0,2336.89,0,0,Summer
SKU00009,2024-05-19,83,193961.87,0,2336.89,0,0,Summer
SKU00009,2024-05-26,83,193961.87,0,2336.89,0,0,Summer
SKU00009,2024-06-02,74,172929.86,2,2336.89,0,1,Summer
SKU00009,2024-06-09,94,219667.66,2,2336.89,0,1,Summer
SKU00009,2024-06-16,93,217330.77,2,2336.89,0,1,Summer
SKU00009,2024-06-23,64,149560.96,2,2336.89,0,1,Summer
SKU00009,2024-06-30,84,196298.76,2,2336.89,0,1,Summer
SKU00009,2024-07-07,78,182277.41999999998,0,2336.89,0,0,Monsoon
SKU00009,2024-07-14,63,147224.07,0,2336.89,0,0,Monsoon
SKU00009,2024-07-21,85,198635.65,0,2336.89,0,0,Monsoon
SKU00009,2024-07-28,82,191624.97999999998,0,2336.89,0,0,Monsoon
SKU00009,2024-08-04,85,198635.65,0,2336.89,0,0,Monsoon
SKU00009,2024-08-11,66,154234.74,0,2336.89,0,0,Monsoon
SKU00009,2024-08-18,70,163582.3,0,2336.89,1,0,Monsoon
SKU00009,2024-08-25,59,137876.51,0,2336.89,0,0,Monsoon
SKU00009,2024-09-01,58,135539.62,1,2336.89,0,1,Monsoon
SKU00009,2024-09-08,58,135539.62,2,2336.89,0,1,Monsoon
SKU00009,2024-09-15,56,130865.84,2,2336.89,0,1,Monsoon
SKU00009,2024-09-22,58,135539.62,2,2336.89,0,1,Monsoon
SKU00009,2024-09-29,67,156571.63,2,2336.89,0,1,Monsoon
SKU00009,2024-10-06,42,98149.38,0,2336.89,0,0,Monsoon
SKU00009,2024-10-13,65,151897.85,0,2336.89,0,0,Autumn
SKU00009,2024-10-20,58,135539.62,0,2336.89,0,0,Autumn
SKU00009,2024-10-27,52,121518.28,0,2336.89,0,0,Autumn
SKU00009,2024-11-03,66,154234.74,2,2336.89,1,1,Autumn
SKU00009,2024-11-10,71,165919.19,2,2336.89,0,1,Autumn
SKU00009,2024-11-17,67,156571.63,2,2336.89,0,1,Autumn
SKU00009,2024-11-24,60,140213.4,2,2336.89,0,1,Autumn
SKU00009,2024-12-01,52,121518.28,1,2336.89,0,1,Autumn
SKU00009,2024-12-08,55,128528.95,0,2336.89,0,0,Winter
SKU00009,2024-12-15,71,165919.19,0,2336.89,0,0,Winter
SKU00009,2024-12-22,76,177603.64,0,2336.89,0,0,Winter
SKU00009,2024-12-29,68,158908.52,0,2336.89,1,0,Winter
SKU00009,2025-01-05,66,154234.74,0,2336.89,0,0,Winter
SKU00009,2025-01-12,55,128528.95,0,2336.89,0,0,Winter
SKU00009,2025-01-19,70,163582.3,0,2336.89,0,0,Winter
SKU00009,2025-01-26,71,165919.19,0,2336.89,1,0,Winter
SKU00009,2025-02-02,69,161245.41,0,2336.89,0,0,Winter
SKU00009,2025-02-09,86,200972.54,0,2336.89,0,0,Winter
SKU00009,2025-02-16,74,172929.86,0,2336.89,0,0,Winter
SKU00009,2025-02-23,75,175266.75,0,2336.89,0,0,Winter
SKU00009,2025-03-02,91,212656.99,2,2336.89,0,1,Winter
SKU00009,2025-03-09,99,231352.11,2,2336.89,0,1,Spring
SKU00009,2025-03-16,92,214993.88,2,2336.89,0,1,Spring
SKU00009,2025-03-23,102,238362.78,2,2336.89,0,1,Spring
SKU00009,2025-03-30,82,191624.97999999998,2,2336.89,0,1,Spring
SKU00009,2025-04-06,76,177603.63999999998,0,2336.89,0,0,Spring
SKU00009,2025-04-13,79,184614.31,0,2336.89,0,0,Spring
SKU00009,2025-04-20,69,161245.41,0,2336.89,0,0,Spring
SKU00009,2025-04-27,100,233689.0,0,2336.89,0,0,Spring
SKU00009,2025-05-04,76,177603.64,0,2336.89,0,0,Spring
SKU00009,2025-05-11,92,214993.88,0,2336.89,0,0,Summer
SKU00009,2025-05-18,104,243036.56,0,2336.89,0,0,Summer
SKU00009,2025-05-25,88,205646.32,0,2336.89,0,0,Summer
SKU00009,2025-06-01,74,172929.86,1,2336.89,0,1,Summer
SKU00009,2025-06-08,88,205646.32,2,2336.89,0,1,Summer
SKU00009,2025-06-15,86,200972.53999999998,2,2336.89,0,1,Summer
SKU00009,2025-06-22,81,189288.09,2,2336.89,0,1,Summer
SKU00009,2025-06-29,92,214993.88,2,2336.89,0,1,Summer
SKU00009,2025-07-06,83,193961.87,0,2336.89,0,0,Summer
SKU00009,2025-07-13,69,161245.41,0,2336.89,0,0,Monsoon
SKU00009,2025-07-20,73,170592.97,0,2336.89,0,0,Monsoon
SKU00009,2025-07-27,67,156571.63,0,2336.89,0,0,Monsoon
SKU00009,2025-08-03,69,161245.40999999997,0,2336.89,0,0,Monsoon
SKU00009,2025-08-10,66,154234.74,0,2336.89,0,0,Monsoon
SKU00009,2025-08-17,61,142550.29,0,2336.89,1,0,Monsoon
SKU00009,2025-08-24,69,161245.41,0,2336.89,0,0,Monsoon
SKU00009,2025-08-31,62,144887.18,0,2336.89,0,0,Monsoon
SKU00009,2025-09-07,71,165919.19,2,2336.89,0,1,Monsoon
SKU00009,2025-09-14,87,203309.43,2,2336.89,0,1,Monsoon
SKU00009,2025-09-21,70,163582.30000000002,2,2336.89,0,1,Monsoon
SKU00009,2025-09-28,69,161245.41,2,2336.89,0,1,Monsoon
SKU00009,2025-10-05,58,135539.62,0,2336.89,0,0,Monsoon
SKU00009,2025-10-12,51,119181.39,0,2336.89,0,0,Autumn
SKU00009,2025-10-19,63,147224.07,0,2336.89,0,0,Autumn
SKU00009,2025-10-26,52,121518.28,0,2336.89,1,0,Autumn
SKU00009,2025-11-02,78,182277.41999999998,2,2336.89,0,1,Autumn
SKU00009,2025-11-09,55,128528.95,2,2336.89,0,1,Autumn
SKU00009,2025-11-16,62,144887.18,2,2336.89,0,1,Autumn
SKU00009,2025-11-23,63,147224.07,2,2336.89,0,1,Autumn
SKU00009,2025-11-30,66,154234.74,2,2336.89,0,1,Autumn
SKU00009,2025-12-07,77,179940.53,0,2336.89,0,0,Winter
SKU00009,2025-12-14,82,191624.97999999998,0,2336.89,0,0,Winter
SKU00009,2025-12-21,69,161245.41,0,2336.89,0,0,Winter
SKU00009,2025-12-28,77,179940.53,0,2336.89,1,0,Winter
SKU00009,2026-01-04,21,49074.69,0,2336.89,0,0,Winter
SKU00010,2024-01-07,111,73644.06,0,663.46,0,0,Winter
SKU00010,2024-01-14,108,71653.68000000001,0,663.46,0,0,Winter
SKU00010,2024-01-21,115,76297.9,0,663.46,0,0,Winter
SKU00010,2024-01-28,115,76297.9,0,663.46,1,0,Winter
SKU00010,2024-02-04,129,85586.34,0,663.46,0,0,Winter
SKU00010,2024-02-11,136,90230.56,0,663.46,0,0,Winter
SKU00010,2024-02-18,133,88240.18000000001,0,663.46,0,0,Winter
SKU00010,2024-02-25,146,96865.16,0,663.46,0,0,Winter
SKU00010,2024-03-03,145,96201.7,2,663.46,0,1,Winter
SKU00010,2024-03-10,154,102172.84,2,663.46,0,1,Spring
SKU00010,2024-03-17,138,91557.48000000001,2,663.46,0,1,Spring
SKU00010,2024-03-24,141,93547.86,2,663.46,0,1,Spring
SKU00010,2024-03-31,162,107480.52,2,663.46,0,1,Spring
SKU00010,2024-04-07,124,82269.04000000001,0,663.46,0,0,Spring
SKU00010,2024-04-14,141,93547.86,0,663.46,0,0,Spring
SKU00010,2024-04-21,121,80278.66,0,663.46,0,0,Spring
SKU00010,2024-04-28,121,80278.66,0,663.46,0,0,Spring
SKU00010,2024-05-05,144,95538.24,0,663.46,0,0,Spring
SKU00010,2024-05-12,117,77624.82,0,663.46,0,0,Summer
SKU00010,2024-05-19,145,96201.7,0,663.46,0,0,Summer
SKU00010,2024-05-26,141,93547.86,0,663.46,0,0,Summer
SKU00010,2024-06-02,158,104826.68000000001,2,663.46,0,1,Summer
SKU00010,2024-06-09,151,100182.45999999999,2,663.46,0,1,Summer
SKU00010,2024-06-16,141,93547.86,2,663.46,0,1,Summer
SKU00010,2024-06-23,153,101509.38,2,663.46,0,1,Summer
SKU00010,2024-06-30,129,85586.34,2,663.46,0,1,Summer
SKU00010,2024-07-07,103,68336.38,0,663.46,0,0,Monsoon
SKU00010,2024-07-14,113,74970.98,0,663.46,0,0,Monsoon
SKU00010,2024-07-21,111,73644.06,0,663.46,0,0,Monsoon
SKU00010,2024-07-28,119,78951.74,0,663.46,0,0,Monsoon
SKU00010,2024-08-04,110,72980.6,0,663.46,0,0,Monsoon
SKU00010,2024-08-11,103,68336.38,0,663.46,0,0,Monsoon
SKU00010,2024-08-18,103,68336.38,0,663.46,1,0,Monsoon
SKU00010,2024-08-25,99,65682.54000000001,0,663.46,0,0,Monsoon
SKU00010,2024-09-01,96,63692.16,1,663.46,0,1,Monsoon
SKU00010,2024-09-08,92,61038.32,2,663.46,0,1,Monsoon
SKU00010,2024-09-15,116,76961.36,2,663.46,0,1,Monsoon
SKU00010,2024-09-22,115,76297.9,2,663.46,0,1,Monsoon
SKU00010,2024-09-29,128,84922.88,2,663.46,0,1,Monsoon
SKU00010,2024-10-06,122,80942.12000000001,0,663.46,0,0,Monsoon
SKU00010,2024-10-13,79,52413.340000000004,0,663.46,0,0,Autumn
SKU00010,2024-10-20,74,49096.04,0,663.46,0,0,Autumn
SKU00010,2024-10-27,92,61038.32,0,663.46,0,0,Autumn
SKU00010,2024-11-03,109,72317.14,2,663.46,1,1,Autumn
SKU00010,2024-11-10,100,66346.0,2,663.46,0,1,Autumn
SKU00010,2024-11-17,113,74970.98,2,663.46,0,1,Autumn
SKU00010,2024-11-24,121,80278.66,2,663.46,0,1,Autumn
SKU00010,2024-12-01,93,61701.78,1,663.46,0,1,Autumn
SKU00010,2024-12-08,99,65682.54000000001,0,663.46,0,0,Winter
SKU00010,2024-12-15,106,70326.76000000001,0,663.46,0,0,Winter
SKU00010,2024-12-22,109,72317.14,0,663.46,0,0,Winter
SKU00010,2024-12-29,109,72317.14,0,663.46,1,0,Winter
SKU00010,2025-01-05,116,76961.36,0,663.46,0,0,Winter
SKU00010,2025-01-12,118,78288.28,0,663.46,0,0,Winter
SKU00010,2025-01-19,113,74970.98000000001,0,663.46,0,0,Winter
SKU00010,2025-01-26,118,78288.28,0,663.46,1,0,Winter
SKU00010,2025-02-02,97,64355.62,0,663.46,0,0,Winter
SKU00010,2025-02-09,124,82269.04000000001,0,663.46,0,0,Winter
SKU00010,2025-02-16,128,84922.88,0,663.46,0,0,Winter
SKU00010,2025-02-23,128,84922.88,0,663.46,0,0,Winter
SKU00010,2025-03-02,155,102836.3,2,663.46,0,1,Winter
SKU00010,2025-03-09,160,106153.6,2,663.46,0,1,Spring
SKU00010,2025-03-16,139,92220.94,2,663.46,0,1,Spring
SKU00010,2025-03-23,139,92220.94,2,663.46,0,1,Spring
SKU00010,2025-03-30,156,103499.76000000001,2,663.46,0,1,Spring
SKU00010,2025-04-06,149,98855.54000000001,0,663.46,0,0,Spring
SKU00010,2025-04-13,133,88240.18000000001,0,663.46,0,0,Spring
SKU00010,2025-04-20,137,90894.02,0,663.46,0,0,Spring
SKU00010,2025-04-27,144,95538.23999999999,0,663.46,0,0,Spring
SKU00010,2025-05-04,134,88903.64,0,663.46,0,0,Spring
SKU00010,2025-05-11,130,86249.8,0,663.46,0,0,Summer
SKU00010,2025-05-18,131,86913.26000000001,0,663.46,0,0,Summer
SKU00010,2025-05-25,141,93547.86,0,663.46,0,0,Summer
SKU00010,2025-06-01,145,96201.7,1,663.46,0,1,Summer
SKU00010,2025-06-08,136,90230.56,2,663.46,0,1,Summer
SKU00010,2025-06-15,141,93547.86,2,663.46,0,1,Summer
SKU00010,2025-06-22,139,92220.94,2,663.46,0,1,Summer
SKU00010,2025-06-29,123,81605.58,2,663.46,0,1,Summer
SKU00010,2025-07-06,111,73644.06,0,663.46,0,0,Summer
SKU00010,2025-07-13,120,79615.20000000001,0,663.46,0,0,Monsoon
SKU00010,2025-07-20,124,82269.04,0,663.46,0,0,Monsoon
SKU00010,2025-07-27,105,69663.3,0,663.46,0,0,Monsoon
SKU00010,2025-08-03,91,60374.86,0,663.46,0,0,Monsoon
SKU00010,2025-08-10,95,63028.7,0,663.46,0,0,Monsoon
SKU00010,2025-08-17,113,74970.98,0,663.46,1,0,Monsoon
SKU00010,2025-08-24,100,66346.0,0,663.46,0,0,Monsoon
SKU00010,2025-08-31,114,75634.44,0,663.46,0,0,Monsoon
SKU00010,2025-09-07,104,68999.84,2,663.46,0,1,Monsoon
SKU00010,2025-09-14,92,61038.32,2,663.46,0,1,Monsoon
SKU00010,2025-09-21,114,75634.44,2,663.46,0,1,Monsoon
SKU00010,2025-09-28,100,66346.0,2,663.46,0,1,Monsoon
SKU00010,2025-10-05,79,52413.340000000004,0,663.46,0,0,Monsoon
SKU00010,2025-10-12,83,55067.18,0,663.46,0,0,Autumn
SKU00010,2025-10-19,96,63692.16,0,663.46,0,0,Autumn
SKU00010,2025-10-26,86,57057.56,0,663.46,1,0,Autumn
SKU00010,2025-11-02,120,79615.2,2,663.46,0,1,Autumn
SKU00010,2025-11-09,91,60374.86,2,663.46,0,1,Autumn
SKU00010,2025-11-16,105,69663.3,2,663.46,0,1,Autumn
SKU00010,2025-11-23,102,67672.92,2,663.46,0,1,Autumn
SKU00010,2025-11-30,104,68999.84,2,663.46,0,1,Autumn
SKU00010,2025-12-07,126,83595.96,0,663.46,0,0,Winter
SKU00010,2025-12-14,108,71653.68000000001,0,663.46,0,0,Winter
SKU00010,2025-12-21,102,67672.92,0,663.46,0,0,Winter
SKU00010,2025-12-28,102,67672.92,0,663.46,1,0,Winter
SKU00010,2026-01-04,47,31182.620000000003,0,663.46,0,0,Winter
SKU00011,2024-01-07,14,20223.84,0,1444.56,0,0,Winter
SKU00011,2024-01-14,20,28891.2,0,1444.56,0,0,Winter
SKU00011,2024-01-21,14,20223.84,0,1444.56,0,0,Winter
SKU00011,2024-01-28,15,21668.4,0,1444.56,1,0,Winter
SKU00011,2024-02-04,21,30335.760000000002,0,1444.56,0,0,Winter
SKU00011,2024-02-11,14,20223.84,0,1444.56,0,0,Winter
SKU00011,2024-02-18,20,28891.199999999997,0,1444.56,0,0,Winter
SKU00011,2024-02-25,28,40447.68,0,1444.56,0,0,Winter
SKU00011,2024-03-03,23,33224.880000000005,2,1444.56,0,1,Winter
SKU00011,2024-03-10,21,30335.760000000002,2,1444.56,0,1,Spring
SKU00011,2024-03-17,24,34669.44,2,1444.56,0,1,Spring
SKU00011,2024-03-24,25,36114.0,2,1444.56,0,1,Spring
SKU00011,2024-03-31,16,23112.96,2,1444.56,0,1,Spring
SKU00011,2024-04-07,20,28891.2,0,1444.56,0,0,Spring
SKU00011,2024-04-14,22,31780.32,0,1444.56,0,0,Spring
SKU00011,2024-04-21,19,27446.64,0,1444.56,0,0,Spring
SKU00011,2024-04-28,31,44781.36,0,1444.56,0,0,Spring
SKU00011,2024-05-05,20,28891.2,0,1444.56,0,0,Spring
SKU00011,2024-05-12,30,43336.8,0,1444.56,0,0,Summer
SKU00011,2024-05-19,28,40447.68,0,1444.56,0,0,Summer
SKU00011,2024-05-26,17,24557.52,0,1444.56,0,0,Summer
SKU00011,2024-06-02,26,37558.560000000005,2,1444.56,0,1,Summer
SKU00011,2024-06-09,24,34669.44,2,1444.56,0,1,Summer
SKU00011,2024-06-16,19,27446.64,2,1444.56,0,1,Summer
SKU00011,2024-06-23,16,23112.96,2,1444.56,0,1,Summer
SKU00011,2024-06-30,19,27446.64,2,1444.56,0,1,Summer
SKU00011,2024-07-07,19,27446.64,0,1444.56,0,0,Monsoon
SKU00011,2024-07-14,27,39003.12,0,1444.56,0,0,Monsoon
SKU00011,2024-07-21,12,17334.72,0,1444.56,0,0,Monsoon
SKU00011,2024-07-28,14,20223.84,0,1444.56,0,0,Monsoon
SKU00011,2024-08-04,12,17334.72,0,1444.56,0,0,Monsoon
SKU00011,2024-08-11,16,23112.96,0,1444.56,0,0,Monsoon
SKU00011,2024-08-18,17,24557.52,0,1444.56,1,0,Monsoon
SKU00011,2024-08-25,9,13001.039999999999,0,1444.56,0,0,Monsoon
SKU00011,2024-09-01,17,24557.52,1,1444.56,0,1,Monsoon
SKU00011,2024-09-08,18,26002.08,2,1444.56,0,1,Monsoon
SKU00011,2024-09-15,22,31780.32,2,1444.56,0,1,Monsoon
SKU00011,2024-09-22,15,21668.4,2,1444.56,0,1,Monsoon
SKU00011,2024-09-29,18,26002.08,2,1444.56,0,1,Monsoon
SKU00011,2024-10-06,11,15890.16,0,1444.56,0,0,Monsoon
SKU00011,2024-10-13,16,23112.96,0,1444.56,0,0,Autumn
SKU00011,2024-10-20,13,18779.28,0,1444.56,0,0,Autumn
SKU00011,2024-10-27,9,13001.04,0,1444.56,0,0,Autumn
SKU00011,2024-11-03,15,21668.4,2,1444.56,1,1,Autumn
SKU00011,2024-11-10,11,15890.16,2,1444.56,0,1,Autumn
SKU00011,2024-11-17,16,23112.96,2,1444.56,0,1,Autumn
SKU00011,2024-11-24,25,36114.0,2,1444.56,0,1,Autumn
SKU00011,2024-12-01,22,31780.32,1,1444.56,0,1,Autumn
SKU00011,2024-12-08,25,36114.0,0,1444.56,0,0,Winter
SKU00011,2024-12-15,15,21668.4,0,1444.56,0,0,Winter
SKU00011,2024-12-22,20,28891.199999999997,0,1444.56,0,0,Winter
SKU00011,2024-12-29,17,24557.52,0,1444.56,1,0,Winter
SKU00011,2025-01-05,17,24557.52,0,1444.56,0,0,Winter
SKU00011,2025-01-12,21,30335.760000000002,0,1444.56,0,0,Winter
SKU00011,2025-01-19,19,27446.64,0,1444.56,0,0,Winter
SKU00011,2025-01-26,24,34669.44,0,1444.56,1,0,Winter
SKU00011,2025-02-02,13,18779.28,0,1444.56,0,0,Winter
SKU00011,2025-02-09,16,23112.96,0,1444.56,0,0,Winter
SKU00011,2025-02-16,16,23112.96,0,1444.56,0,0,Winter
SKU00011,2025-02-23,23,33224.88,0,1444.56,0,0,Winter
SKU00011,2025-03-02,18,26002.079999999998,2,1444.56,0,1,Winter
SKU00011,2025-03-09,15,21668.4,2,1444.56,0,1,Spring
SKU00011,2025-03-16,22,31780.32,2,1444.56,0,1,Spring
SKU00011,2025-03-23,19,27446.64,2,1444.56,0,1,Spring
SKU00011,2025-03-30,18,26002.079999999998,2,1444.56,0,1,Spring
SKU00011,2025-04-06,20,28891.2,0,1444.56,0,0,Spring
SKU00011,2025-04-13,26,37558.56,0,1444.56,0,0,Spring
SKU00011,2025-04-20,22,31780.32,0,1444.56,0,0,Spring
SKU00011,2025-04-27,24,34669.44,0,1444.56,0,0,Spring
SKU00011,2025-05-04,17,24557.52,0,1444.56,0,0,Spring
SKU00011,2025-05-11,17,24557.52,0,1444.56,0,0,Summer
SKU00011,2025-05-18,14,20223.84,0,1444.56,0,0,Summer
SKU00011,2025-05-25,16,23112.96,0,1444.56,0,0,Summer
SKU00011,2025-06-01,29,41892.240000000005,1,1444.56,0,1,Summer
SKU00011,2025-06-08,20,28891.2,2,1444.56,0,1,Summer
SKU00011,2025-06-15,26,37558.56,2,1444.56,0,1,Summer
SKU00011,2025-06-22,18,26002.079999999998,2,1444.56,0,1,Summer
SKU00011,2025-06-29,22,31780.32,2,1444.56,0,1,Summer
SKU00011,2025-07-06,25,36114.0,0,1444.56,0,0,Summer
SKU00011,2025-07-13,14,20223.84,0,1444.56,0,0,Monsoon
SKU00011,2025-07-20,21,30335.76,0,1444.56,0,0,Monsoon
SKU00011,2025-07-27,11,15890.16,0,1444.56,0,0,Monsoon
SKU00011,2025-08-03,18,26002.08,0,1444.56,0,0,Monsoon
SKU00011,2025-08-10,22,31780.32,0,1444.56,0,0,Monsoon
SKU00011,2025-08-17,14,20223.84,0,1444.56,1,0,Monsoon
SKU00011,2025-08-24,24,34669.44,0,1444.56,0,0,Monsoon
SKU00011,2025-08-31,11,15890.16,0,1444.56,0,0,Monsoon
SKU00011,2025-09-07,16,23112.96,2,1444.56,0,1,Monsoon
SKU00011,2025-09-14,16,23112.96,2,1444.56,0,1,Monsoon
SKU00011,2025-09-21,16,23112.96,2,1444.56,0,1,Monsoon
SKU00011,2025-09-28,11,15890.16,2,1444.56,0,1,Monsoon
SKU00011,2025-10-05,28,40447.68,0,1444.56,0,0,Monsoon
SKU00011,2025-10-12,16,23112.96,0,1444.56,0,0,Autumn
SKU00011,2025-10-19,11,15890.16,0,1444.56,0,0,Autumn
SKU00011,2025-10-26,18,26002.08,0,1444.56,1,0,Autumn
SKU00011,2025-11-02,19,27446.64,2,1444.56,0,1,Autumn
SKU00011,2025-11-09,19,27446.64,2,1444.56,0,1,Autumn
SKU00011,2025-11-16,25,36114.0,2,1444.56,0,1,Autumn
SKU00011,2025-11-23,9,13001.039999999999,2,1444.56,0,1,Autumn
SKU00011,2025-11-30,15,21668.4,2,1444.56,0,1,Autumn
SKU00011,2025-12-07,17,24557.52,0,1444.56,0,0,Winter
SKU00011,2025-12-14,23,33224.880000000005,0,1444.56,0,0,Winter
SKU00011,2025-12-21,18,26002.08,0,1444.56,0,0,Winter
SKU00011,2025-12-28,22,31780.32,0,1444.56,1,0,Winter
SKU00011,2026-01-04,3,4333.68,0,1444.5600000000002,0,0,Winter
SKU00012,2024-01-07,181,1589065.97,0,8779.37,0,0,Winter
SKU00012,2024-01-14,176,1545169.12,0,8779.37,0,0,Winter
SKU00012,2024-01-21,178,1562727.8599999999,0,8779.37,0,0,Winter
SKU00012,2024-01-28,185,1624183.45,0,8779.37,1,0,Winter
SKU00012,2024-02-04,186,1632962.82,0,8779.37,0,0,Winter
SKU00012,2024-02-11,206,1808550.22,0,8779.37,0,0,Winter
SKU00012,2024-02-18,192,1685639.04,0,8779.37,0,0,Winter
SKU00012,2024-02-25,190,1668080.3,0,8779.37,0,0,Winter
SKU00012,2024-03-03,229,2010475.73,2,8779.37,0,1,Winter
SKU00012,2024-03-10,205,1799770.85,2,8779.37,0,1,Spring
SKU00012,2024-03-17,206,1808550.22,2,8779.37,0,1,Spring
SKU00012,2024-03-24,210,1843667.7,2,8779.37,0,1,Spring
SKU00012,2024-03-31,231,2028034.47,2,8779.37,0,1,Spring
SKU00012,2024-04-07,223,1957799.51,0,8779.37,0,0,Spring
SKU00012,2024-04-14,211,1852447.0699999998,0,8779.37,0,0,Spring
SKU00012,2024-04-21,216,1896343.92,0,8779.37,0,0,Spring
SKU00012,2024-04-28,217,1905123.29,0,8779.37,0,0,Spring
SKU00012,2024-05-05,209,1834888.3299999998,0,8779.37,0,0,Spring
SKU00012,2024-05-12,210,1843667.7,0,8779.37,0,0,Summer
SKU00012,2024-05-19,188,1650521.56,0,8779.37,0,0,Summer
SKU00012,2024-05-26,183,1606624.71,0,8779.37,0,0,Summer
SKU00012,2024-06-02,204,1790991.48,2,8779.37,0,1,Summer
SKU00012,2024-06-09,205,1799770.85,2,8779.37,0,1,Summer
SKU00012,2024-06-16,230,2019255.1,2,8779.37,0,1,Summer
SKU00012,2024-06-23,213,1870005.81,2,8779.37,0,1,Summer
SKU00012,2024-06-30,202,1773432.74,2,8779.37,0,1,Summer
SKU00012,2024-07-07,173,1518831.01,0,8779.37,0,0,Monsoon
SKU00012,2024-07-14,174,1527610.38,0,8779.37,0,0,Monsoon
SKU00012,2024-07-21,190,1668080.3,0,8779.37,0,0,Monsoon
SKU00012,2024-07-28,198,1738315.26,0,8779.37,0,0,Monsoon
SKU00012,2024-08-04,163,1431037.31,0,8779.37,0,0,Monsoon
SKU00012,2024-08-11,163,1431037.31,0,8779.37,0,0,Monsoon
SKU00012,2024-08-18,154,1352022.98,0,8779.37,1,0,Monsoon
SKU00012,2024-08-25,169,1483713.53,0,8779.37,0,0,Monsoon
SKU00012,2024-09-01,176,1545169.12,1,8779.37,0,1,Monsoon
SKU00012,2024-09-08,151,1325684.87,2,8779.37,0,1,Monsoon
SKU00012,2024-09-15,167,1466154.79,2,8779.37,0,1,Monsoon
SKU00012,2024-09-22,163,1431037.31,2,8779.37,0,1,Monsoon
SKU00012,2024-09-29,174,1527610.38,2,8779.37,0,1,Monsoon
SKU00012,2024-10-06,144,1264229.28,0,8779.37,0,0,Monsoon
SKU00012,2024-10-13,144,1264229.28,0,8779.37,0,0,Autumn
SKU00012,2024-10-20,144,1264229.28,0,8779.37,0,0,Autumn
SKU00012,2024-10-27,140,1229111.8,0,8779.37,0,0,Autumn
SKU00012,2024-11-03,183,1606624.71,2,8779.37,1,1,Autumn
SKU00012,2024-11-10,156,1369581.72,2,8779.37,0,1,Autumn
SKU00012,2024-11-17,179,1571507.23,2,8779.37,0,1,Autumn
SKU00012,2024-11-24,177,1553948.49,2,8779.37,0,1,Autumn
SKU00012,2024-12-01,170,1492492.9,1,8779.37,0,1,Autumn
SKU00012,2024-12-08,147,1290567.39,0,8779.37,0,0,Winter
SKU00012,2024-12-15,184,1615404.08,0,8779.37,0,0,Winter
SKU00012,2024-12-22,161,1413478.57,0,8779.37,0,0,Winter
SKU00012,2024-12-29,161,1413478.57,0,8779.37,1,0,Winter
SKU00012,2025-01-05,161,1413478.57,0,8779.37,0,0,Winter
SKU00012,2025-01-12,180,1580286.5999999999,0,8779.37,0,0,Winter
SKU00012,2025-01-19,194,1703197.78,0,8779.37,0,0,Winter
SKU00012,2025-01-26,191,1676859.67,0,8779.37,1,0,Winter
SKU00012,2025-02-02,172,1510051.6400000001,0,8779.37,0,0,Winter
SKU00012,2025-02-09,195,1711977.15,0,8779.37,0,0,Winter
SKU00012,2025-02-16,203,1782212.1099999999,0,8779.37,0,0,Winter
SKU00012,2025-02-23,214,1878785.18,0,8779.37,0,0,Winter
SKU00012,2025-03-02,208,1826108.96,2,8779.37,0,1,Winter
SKU00012,2025-03-09,224,1966578.88,2,8779.37,0,1,Spring
SKU00012,2025-03-16,217,1905123.29,2,8779.37,0,1,Spring
SKU00012,2025-03-23,217,1905123.29,2,8779.37,0,1,Spring
SKU00012,2025-03-30,253,2221180.61,2,8779.37,0,1,Spring
SKU00012,2025-04-06,218,1913902.66,0,8779.37,0,0,Spring
SKU00012,2025-04-13,195,1711977.15,0,8779.37,0,0,Spring
SKU00012,2025-04-20,198,1738315.26,0,8779.37,0,0,Spring
SKU00012,2025-04-27,210,1843667.7,0,8779.37,0,0,Spring
SKU00012,2025-05-04,202,1773432.74,0,8779.37,0,0,Spring
SKU00012,2025-05-11,196,1720756.52,0,8779.37,0,0,Summer
SKU00012,2025-05-18,206,1808550.22,0,8779.37,0,0,Summer
SKU00012,2025-05-25,202,1773432.74,0,8779.37,0,0,Summer
SKU00012,2025-06-01,200,1755874.0,1,8779.37,0,1,Summer
SKU00012,2025-06-08,205,1799770.8499999999,2,8779.37,0,1,Summer
SKU00012,2025-06-15,204,1790991.48,2,8779.37,0,1,Summer
SKU00012,2025-06-22,190,1668080.3,2,8779.37,0,1,Summer
SKU00012,2025-06-29,173,1518831.01,2,8779.37,0,1,Summer
SKU00012,2025-07-06,171,1501272.27,0,8779.37,0,0,Summer
SKU00012,2025-07-13,189,1659300.93,0,8779.37,0,0,Monsoon
SKU00012,2025-07-20,179,1571507.23,0,8779.37,0,0,Monsoon
SKU00012,2025-07-27,155,1360802.35,0,8779.37,0,0,Monsoon
SKU00012,2025-08-03,160,1404699.2,0,8779.37,0,0,Monsoon
SKU00012,2025-08-10,163,1431037.31,0,8779.37,0,0,Monsoon
SKU00012,2025-08-17,177,1553948.49,0,8779.37,1,0,Monsoon
SKU00012,2025-08-24,178,1562727.8599999999,0,8779.37,0,0,Monsoon
SKU00012,2025-08-31,171,1501272.27,0,8779.37,0,0,Monsoon
SKU00012,2025-09-07,180,1580286.6,2,8779.37,0,1,Monsoon
SKU00012,2025-09-14,160,1404699.2000000002,2,8779.37,0,1,Monsoon
SKU00012,2025-09-21,171,1501272.27,2,8779.37,0,1,Monsoon
SKU00012,2025-09-28,150,1316905.5,2,8779.37,0,1,Monsoon
SKU00012,2025-10-05,136,1193994.32,0,8779.37,0,0,Monsoon
SKU00012,2025-10-12,140,1229111.8,0,8779.37,0,0,Autumn
SKU00012,2025-10-19,128,1123759.36,0,8779.37,0,0,Autumn
SKU00012,2025-10-26,141,1237891.17,0,8779.37,1,0,Autumn
SKU00012,2025-11-02,151,1325684.87,2,8779.37,0,1,Autumn
SKU00012,2025-11-09,155,1360802.35,2,8779.37,0,1,Autumn
SKU00012,2025-11-16,163,1431037.31,2,8779.37,0,1,Autumn
SKU00012,2025-11-23,155,1360802.35,2,8779.37,0,1,Autumn
SKU00012,2025-11-30,161,1413478.5699999998,2,8779.37,0,1,Autumn
SKU00012,2025-12-07,167,1466154.79,0,8779.37,0,0,Winter
SKU00012,2025-12-14,155,1360802.35,0,8779.37,0,0,Winter
SKU00012,2025-12-21,171,1501272.27,0,8779.37,0,0,Winter
SKU00012,2025-12-28,150,1316905.5,0,8779.37,1,0,Winter
SKU00012,2026-01-04,71,623335.27,0,8779.37,0,0,Winter
SKU00013,2024-01-07,101,581535.78,0,5757.78,0,0,Winter
SKU00013,2024-01-14,99,570020.22,0,5757.78,0,0,Winter
SKU00013,2024-01-21,105,604566.9,0,5757.78,0,0,Winter
SKU00013,2024-01-28,97,558504.66,0,5757.78,1,0,Winter
SKU00013,2024-02-04,98,564262.44,0,5757.78,0,0,Winter
SKU00013,2024-02-11,117,673660.26,0,5757.78,0,0,Winter
SKU00013,2024-02-18,111,639113.58,0,5757.78,0,0,Winter
SKU00013,2024-02-25,94,541231.32,0,5757.78,0,0,Winter
SKU00013,2024-03-03,130,748511.4,2,5757.78,0,1,Winter
SKU00013,2024-03-10,120,690933.6,2,5757.78,0,1,Spring
SKU00013,2024-03-17,137,788815.86,2,5757.78,0,1,Spring
SKU00013,2024-03-24,138,794573.64,2,5757.78,0,1,Spring
SKU00013,2024-03-31,108,621840.24,2,5757.78,0,1,Spring
SKU00013,2024-04-07,114,656386.92,0,5757.78,0,0,Spring
SKU00013,2024-04-14,110,633355.8,0,5757.78,0,0,Spring
SKU00013,2024-04-21,128,736995.84,0,5757.78,0,0,Spring
SKU00013,2024-04-28,102,587293.56,0,5757.78,0,0,Spring
SKU00013,2024-05-05,108,621840.24,0,5757.78,0,0,Spring
SKU00013,2024-05-12,120,690933.6,0,5757.78,0,0,Summer
SKU00013,2024-05-19,103,593051.3400000001,0,5757.78,0,0,Summer
SKU00013,2024-05-26,113,650629.14,0,5757.78,0,0,Summer
SKU00013,2024-06-02,134,771542.52,2,5757.78,0,1,Summer
SKU00013,2024-06-09,112,644871.36,2,5757.78,0,1,Summer
SKU00013,2024-06-16,92,529715.76,2,5757.78,0,1,Summer
SKU00013,2024-06-23,107,616082.46,2,5757.78,0,1,Summer
SKU00013,2024-06-30,107,616082.46,2,5757.78,0,1,Summer
SKU00013,2024-07-07,94,541231.32,0,5757.78,0,0,Monsoon
SKU00013,2024-07-14,95,546989.1,0,5757.78,0,0,Monsoon
SKU00013,2024-07-21,86,495169.07999999996,0,5757.78,0,0,Monsoon
SKU00013,2024-07-28,107,616082.46,0,5757.78,0,0,Monsoon
SKU00013,2024-08-04,104,598809.12,0,5757.78,0,0,Monsoon
SKU00013,2024-08-11,85,489411.3,0,5757.78,0,0,Monsoon
SKU00013,2024-08-18,71,408802.38,0,5757.78,1,0,Monsoon
SKU00013,2024-08-25,91,523957.98,0,5757.78,0,0,Monsoon
SKU00013,2024-09-01,86,495169.07999999996,1,5757.78,0,1,Monsoon
SKU00013,2024-09-08,98,564262.44,2,5757.78,0,1,Monsoon
SKU00013,2024-09-15,101,581535.78,2,5757.78,0,1,Monsoon
SKU00013,2024-09-22,84,483653.52,2,5757.78,0,1,Monsoon
SKU00013,2024-09-29,99,570020.22,2,5757.78,0,1,Monsoon
SKU00013,2024-10-06,68,391529.04,0,5757.78,0,0,Monsoon
SKU00013,2024-10-13,75,431833.5,0,5757.78,0,0,Autumn
SKU00013,2024-10-20,80,460622.4,0,5757.78,0,0,Autumn
SKU00013,2024-10-27,64,368497.92,0,5757.78,0,0,Autumn
SKU00013,2024-11-03,93,535473.54,2,5757.78,1,1,Autumn
SKU00013,2024-11-10,72,414560.16000000003,2,5757.78,0,1,Autumn
SKU00013,2024-11-17,96,552746.88,2,5757.78,0,1,Autumn
SKU00013,2024-11-24,101,581535.78,2,5757.78,0,1,Autumn
SKU00013,2024-12-01,81,466380.18,1,5757.78,0,1,Autumn
SKU00013,2024-12-08,95,546989.1,0,5757.78,0,0,Winter
SKU00013,2024-12-15,94,541231.32,0,5757.78,0,0,Winter
SKU00013,2024-12-22,84,483653.52,0,5757.78,0,0,Winter
SKU00013,2024-12-29,83,477895.74,0,5757.78,1,0,Winter
SKU00013,2025-01-05,82,472137.96,0,5757.78,0,0,Winter
SKU00013,2025-01-12,93,535473.54,0,5757.78,0,0,Winter
SKU00013,2025-01-19,98,564262.44,0,5757.78,0,0,Winter
SKU00013,2025-01-26,87,500926.86,0,5757.78,1,0,Winter
SKU00013,2025-02-02,91,523957.98,0,5757.78,0,0,Winter
SKU00013,2025-02-09,97,558504.66,0,5757.78,0,0,Winter
SKU00013,2025-02-16,97,558504.66,0,5757.78,0,0,Winter
SKU00013,2025-02-23,100,575778.0,0,5757.78,0,0,Winter
SKU00013,2025-03-02,105,604566.9,2,5757.78,0,1,Winter
SKU00013,2025-03-09,110,633355.8,2,5757.78,0,1,Spring
SKU00013,2025-03-16,110,633355.8,2,5757.78,0,1,Spring
SKU00013,2025-03-23,115,662144.7,2,5757.78,0,1,Spring
SKU00013,2025-03-30,127,731238.06,2,5757.78,0,1,Spring
SKU00013,2025-04-06,111,639113.58,0,5757.78,0,0,Spring
SKU00013,2025-04-13,105,604566.9,0,5757.78,0,0,Spring
SKU00013,2025-04-20,114,656386.9199999999,0,5757.78,0,0,Spring
SKU00013,2025-04-27,110,633355.8,0,5757.78,0,0,Spring
SKU00013,2025-05-04,109,627598.02,0,5757.78,0,0,Spring
SKU00013,2025-05-11,139,800331.42,0,5757.78,0,0,Summer
SKU00013,2025-05-18,106,610324.68,0,5757.78,0,0,Summer
SKU00013,2025-05-25,90,518200.2,0,5757.78,0,0,Summer
SKU00013,2025-06-01,117,673660.26,1,5757.78,0,1,Summer
SKU00013,2025-06-08,99,570020.22,2,5757.78,0,1,Summer
SKU00013,2025-06-15,115,662144.7,2,5757.78,0,1,Summer
SKU00013,2025-06-22,118,679418.04,2,5757.78,0,1,Summer
SKU00013,2025-06-29,128,736995.84,2,5757.78,0,1,Summer
SKU00013,2025-07-06,101,581535.78,0,5757.78,0,0,Summer
SKU00013,2025-07-13,109,627598.02,0,5757.78,0,0,Monsoon
SKU00013,2025-07-20,87,500926.86,0,5757.78,0,0,Monsoon
SKU00013,2025-07-27,87,500926.86,0,5757.78,0,0,Monsoon
SKU00013,2025-08-03,85,489411.3,0,5757.78,0,0,Monsoon
SKU00013,2025-08-10,82,472137.95999999996,0,5757.78,0,0,Monsoon
SKU00013,2025-08-17,106,610324.6799999999,0,5757.78,1,0,Monsoon
SKU00013,2025-08-24,96,552746.88,0,5757.78,0,0,Monsoon
SKU00013,2025-08-31,84,483653.52,0,5757.78,0,0,Monsoon
SKU00013,2025-09-07,99,570020.22,2,5757.78,0,1,Monsoon
SKU00013,2025-09-14,105,604566.9,2,5757.78,0,1,Monsoon
SKU00013,2025-09-21,82,472137.96,2,5757.78,0,1,Monsoon
SKU00013,2025-09-28,82,472137.95999999996,2,5757.78,0,1,Monsoon
SKU00013,2025-10-05,96,552746.88,0,5757.78,0,0,Monsoon
SKU00013,2025-10-12,87,500926.86,0,5757.78,0,0,Autumn
SKU00013,2025-10-19,61,351224.57999999996,0,5757.78,0,0,Autumn
SKU00013,2025-10-26,69,397286.82,0,5757.78,1,0,Autumn
SKU00013,2025-11-02,79,454864.62,2,5757.78,0,1,Autumn
SKU00013,2025-11-09,84,483653.52,2,5757.78,0,1,Autumn
SKU00013,2025-11-16,89,512442.42,2,5757.78,0,1,Autumn
SKU00013,2025-11-23,80,460622.4,2,5757.78,0,1,Autumn
SKU00013,2025-11-30,95,546989.1,2,5757.78,0,1,Autumn
SKU00013,2025-12-07,78,449106.83999999997,0,5757.78,0,0,Winter
SKU00013,2025-12-14,107,616082.46,0,5757.78,0,0,Winter
SKU00013,2025-12-21,96,552746.88,0,5757.78,0,0,Winter
SKU00013,2025-12-28,71,408802.38,0,5757.78,1,0,Winter
SKU00013,2026-01-04,27,155460.06,0,5757.78,0,0,Winter
SKU00014,2024-01-07,155,351966.25,0,2270.75,0,0,Winter
SKU00014,2024-01-14,152,345154.0,0,2270.75,0,0,Winter
SKU00014,2024-01-21,145,329258.75,0,2270.75,0,0,Winter
SKU00014,2024-01-28,132,299739.0,0,2270.75,1,0,Winter
SKU00014,2024-02-04,138,313363.5,0,2270.75,0,0,Winter
SKU00014,2024-02-11,165,374673.75,0,2270.75,0,0,Winter
SKU00014,2024-02-18,169,383756.75,0,2270.75,0,0,Winter
SKU00014,2024-02-25,147,333800.25,0,2270.75,0,0,Winter
SKU00014,2024-03-03,188,426901.0,2,2270.75,0,1,Winter
SKU00014,2024-03-10,185,420088.75,2,2270.75,0,1,Spring
SKU00014,2024-03-17,194,440525.5,2,2270.75,0,1,Spring
SKU00014,2024-03-24,193,438254.75,2,2270.75,0,1,Spring
SKU00014,2024-03-31,193,438254.75,2,2270.75,0,1,Spring
SKU00014,2024-04-07,174,395110.5,0,2270.75,0,0,Spring
SKU00014,2024-04-14,186,422359.5,0,2270.75,0,0,Spring
SKU00014,2024-04-21,198,449608.5,0,2270.75,0,0,Spring
SKU00014,2024-04-28,151,342883.25,0,2270.75,0,0,Spring
SKU00014,2024-05-05,170,386027.5,0,2270.75,0,0,Spring
SKU00014,2024-05-12,163,370132.25,0,2270.75,0,0,Summer
SKU00014,2024-05-19,146,331529.5,0,2270.75,0,0,Summer
SKU00014,2024-05-26,168,381486.0,0,2270.75,0,0,Summer
SKU00014,2024-06-02,199,451879.25,2,2270.75,0,1,Summer
SKU00014,2024-06-09,174,395110.5,2,2270.75,0,1,Summer
SKU00014,2024-06-16,175,397381.25,2,2270.75,0,1,Summer
SKU00014,2024-06-23,176,399652.0,2,2270.75,0,1,Summer
SKU00014,2024-06-30,184,417818.0,2,2270.75,0,1,Summer
SKU00014,2024-07-07,137,311092.75,0,2270.75,0,0,Monsoon
SKU00014,2024-07-14,158,358778.5,0,2270.75,0,0,Monsoon
SKU00014,2024-07-21,151,342883.25,0,2270.75,0,0,Monsoon
SKU00014,2024-07-28,154,349695.5,0,2270.75,0,0,Monsoon
SKU00014,2024-08-04,132,299739.0,0,2270.75,0,0,Monsoon
SKU00014,2024-08-11,144,326988.0,0,2270.75,0,0,Monsoon
SKU00014,2024-08-18,123,279302.25,0,2270.75,1,0,Monsoon
SKU00014,2024-08-25,129,292926.75,0,2270.75,0,0,Monsoon
SKU00014,2024-09-01,135,306551.25,1,2270.75,0,1,Monsoon
SKU00014,2024-09-08,146,331529.5,2,2270.75,0,1,Monsoon
SKU00014,2024-09-15,145,329258.75,2,2270.75,0,1,Monsoon
SKU00014,2024-09-22,137,311092.75,2,2270.75,0,1,Monsoon
SKU00014,2024-09-29,151,342883.25,2,2270.75,0,1,Monsoon
SKU00014,2024-10-06,97,220262.75,0,2270.75,0,0,Monsoon
SKU00014,2024-10-13,126,286114.5,0,2270.75,0,0,Autumn
SKU00014,2024-10-20,123,279302.25,0,2270.75,0,0,Autumn
SKU00014,2024-10-27,128,290656.0,0,2270.75,0,0,Autumn
SKU00014,2024-11-03,132,299739.0,2,2270.75,1,1,Autumn
SKU00014,2024-11-10,130,295197.5,2,2270.75,0,1,Autumn
SKU00014,2024-11-17,124,281573.0,2,2270.75,0,1,Autumn
SKU00014,2024-11-24,152,345154.0,2,2270.75,0,1,Autumn
SKU00014,2024-12-01,142,322446.5,1,2270.75,0,1,Autumn
SKU00014,2024-12-08,128,290656.0,0,2270.75,0,0,Winter
SKU00014,2024-12-15,135,306551.25,0,2270.75,0,0,Winter
SKU00014,2024-12-22,141,320175.75,0,2270.75,0,0,Winter
SKU00014,2024-12-29,135,306551.25,0,2270.75,1,0,Winter
SKU00014,2025-01-05,131,297468.25,0,2270.75,0,0,Winter
SKU00014,2025-01-12,131,297468.25,0,2270.75,0,0,Winter
SKU00014,2025-01-19,144,326988.0,0,2270.75,0,0,Winter
SKU00014,2025-01-26,181,411005.75,0,2270.75,1,0,Winter
SKU00014,2025-02-02,126,286114.5,0,2270.75,0,0,Winter
SKU00014,2025-02-09,167,379215.25,0,2270.75,0,0,Winter
SKU00014,2025-02-16,188,426901.0,0,2270.75,0,0,Winter
SKU00014,2025-02-23,155,351966.25,0,2270.75,0,0,Winter
SKU00014,2025-03-02,180,408735.0,2,2270.75,0,1,Winter
SKU00014,2025-03-09,182,413276.5,2,2270.75,0,1,Spring
SKU00014,2025-03-16,207,470045.25,2,2270.75,0,1,Spring
SKU00014,2025-03-23,187,424630.25,2,2270.75,0,1,Spring
SKU00014,2025-03-30,173,392839.75,2,2270.75,0,1,Spring
SKU00014,2025-04-06,163,370132.25,0,2270.75,0,0,Spring
SKU00014,2025-04-13,182,413276.5,0,2270.75,0,0,Spring
SKU00014,2025-04-20,176,399652.0,0,2270.75,0,0,Spring
SKU00014,2025-04-27,177,401922.75,0,2270.75,0,0,Spring
SKU00014,2025-05-04,156,354237.0,0,2270.75,0,0,Spring
SKU00014,2025-05-11,156,354237.0,0,2270.75,0,0,Summer
SKU00014,2025-05-18,151,342883.25,0,2270.75,0,0,Summer
SKU00014,2025-05-25,164,372403.0,0,2270.75,0,0,Summer
SKU00014,2025-06-01,164,372403.0,1,2270.75,0,1,Summer
SKU00014,2025-06-08,202,458691.5,2,2270.75,0,1,Summer
SKU00014,2025-06-15,163,370132.25,2,2270.75,0,1,Summer
SKU00014,2025-06-22,159,361049.25,2,2270.75,0,1,Summer
SKU00014,2025-06-29,191,433713.25,2,2270.75,0,1,Summer
SKU00014,2025-07-06,134,304280.5,0,2270.75,0,0,Summer
SKU00014,2025-07-13,126,286114.5,0,2270.75,0,0,Monsoon
SKU00014,2025-07-20,139,315634.25,0,2270.75,0,0,Monsoon
SKU00014,2025-07-27,148,336071.0,0,2270.75,0,0,Monsoon
SKU00014,2025-08-03,141,320175.75,0,2270.75,0,0,Monsoon
SKU00014,2025-08-10,121,274760.75,0,2270.75,0,0,Monsoon
SKU00014,2025-08-17,123,279302.25,0,2270.75,1,0,Monsoon
SKU00014,2025-08-24,131,297468.25,0,2270.75,0,0,Monsoon
SKU00014,2025-08-31,157,356507.75,0,2270.75,0,0,Monsoon
SKU00014,2025-09-07,127,288385.25,2,2270.75,0,1,Monsoon
SKU00014,2025-09-14,151,342883.25,2,2270.75,0,1,Monsoon
SKU00014,2025-09-21,140,317905.0,2,2270.75,0,1,Monsoon
SKU00014,2025-09-28,132,299739.0,2,2270.75,0,1,Monsoon
SKU00014,2025-10-05,123,279302.25,0,2270.75,0,0,Monsoon
SKU00014,2025-10-12,122,277031.5,0,2270.75,0,0,Autumn
SKU00014,2025-10-19,120,272490.0,0,2270.75,0,0,Autumn
SKU00014,2025-10-26,133,302009.75,0,2270.75,1,0,Autumn
SKU00014,2025-11-02,127,288385.25,2,2270.75,0,1,Autumn
SKU00014,2025-11-09,117,265677.75,2,2270.75,0,1,Autumn
SKU00014,2025-11-16,130,295197.5,2,2270.75,0,1,Autumn
SKU00014,2025-11-23,130,295197.5,2,2270.75,0,1,Autumn
SKU00014,2025-11-30,151,342883.25,2,2270.75,0,1,Autumn
SKU00014,2025-12-07,124,281573.0,0,2270.75,0,0,Winter
SKU00014,2025-12-14,137,311092.75,0,2270.75,0,0,Winter
SKU00014,2025-12-21,116,263407.0,0,2270.75,0,0,Winter
SKU00014,2025-12-28,122,277031.5,0,2270.75,1,0,Winter
SKU00014,2026-01-04,51,115808.25,0,2270.75,0,0,Winter
SKU00015,2024-01-07,35,217424.2,0,6212.12,0,0,Winter
SKU00015,2024-01-14,27,167727.24,0,6212.12,0,0,Winter
SKU00015,2024-01-21,30,186363.6,0,6212.12,0,0,Winter
SKU00015,2024-01-28,27,167727.24,0,6212.12,1,0,Winter
SKU00015,2024-02-04,35,217424.2,0,6212.12,0,0,Winter
SKU00015,2024-02-11,46,285757.52,0,6212.12,0,0,Winter
SKU00015,2024-02-18,29,180151.48,0,6212.12,0,0,Winter
SKU00015,2024-02-25,35,217424.2,0,6212.12,0,0,Winter
SKU00015,2024-03-03,26,161515.12,2,6212.12,0,1,Winter
SKU00015,2024-03-10,43,267121.16000000003,2,6212.12,0,1,Spring
SKU00015,2024-03-17,42,260909.04,2,6212.12,0,1,Spring
SKU00015,2024-03-24,41,254696.91999999998,2,6212.12,0,1,Spring
SKU00015,2024-03-31,34,211212.08000000002,2,6212.12,0,1,Spring
SKU00015,2024-04-07,29,180151.48,0,6212.12,0,0,Spring
SKU00015,2024-04-14,37,229848.44,0,6212.12,0,0,Spring
SKU00015,2024-04-21,26,161515.12,0,6212.12,0,0,Spring
SKU00015,2024-04-28,35,217424.2,0,6212.12,0,0,Spring
SKU00015,2024-05-05,30,186363.6,0,6212.12,0,0,Spring
SKU00015,2024-05-12,26,161515.12,0,6212.12,0,0,Summer
SKU00015,2024-05-19,31,192575.72,0,6212.12,0,0,Summer
SKU00015,2024-05-26,36,223636.32,0,6212.12,0,0,Summer
SKU00015,2024-06-02,32,198787.84,2,6212.12,0,1,Summer
SKU00015,2024-06-09,41,254696.91999999998,2,6212.12,0,1,Summer
SKU00015,2024-06-16,36,223636.32,2,6212.12,0,1,Summer
SKU00015,2024-06-23,29,180151.48,2,6212.12,0,1,Summer
SKU00015,2024-06-30,29,180151.47999999998,2,6212.12,0,1,Summer
SKU00015,2024-07-07,27,167727.24,0,6212.12,0,0,Monsoon
SKU00015,2024-07-14,30,186363.59999999998,0,6212.12,0,0,Monsoon
SKU00015,2024-07-21,31,192575.72,0,6212.12,0,0,Monsoon
SKU00015,2024-07-28,26,161515.12,0,6212.12,0,0,Monsoon
SKU00015,2024-08-04,24,149090.88,0,6212.12,0,0,Monsoon
SKU00015,2024-08-11,22,136666.64,0,6212.12,0,0,Monsoon
SKU00015,2024-08-18,24,149090.88,0,6212.12,1,0,Monsoon
SKU00015,2024-08-25,25,155303.0,0,6212.12,0,0,Monsoon
SKU00015,2024-09-01,28,173939.36,1,6212.12,0,1,Monsoon
SKU00015,2024-09-08,25,155303.0,2,6212.12,0,1,Monsoon
SKU00015,2024-09-15,26,161515.12,2,6212.12,0,1,Monsoon
SKU00015,2024-09-22,21,130454.51999999999,2,6212.12,0,1,Monsoon
SKU00015,2024-09-29,20,124242.4,2,6212.12,0,1,Monsoon
SKU00015,2024-10-06,34,211212.08,0,6212.12,0,0,Monsoon
SKU00015,2024-10-13,29,180151.48,0,6212.12,0,0,Autumn
SKU00015,2024-10-20,22,136666.64,0,6212.12,0,0,Autumn
SKU00015,2024-10-27,24,149090.88,0,6212.12,0,0,Autumn
SKU00015,2024-11-03,25,155303.0,2,6212.12,1,1,Autumn
SKU00015,2024-11-10,25,155303.0,2,6212.12,0,1,Autumn
SKU00015,2024-11-17,19,118030.28,2,6212.12,0,1,Autumn
SKU00015,2024-11-24,34,211212.08000000002,2,6212.12,0,1,Autumn
SKU00015,2024-12-01,22,136666.64,1,6212.12,0,1,Autumn
SKU00015,2024-12-08,29,180151.47999999998,0,6212.12,0,0,Winter
SKU00015,2024-12-15,21,130454.52,0,6212.12,0,0,Winter
SKU00015,2024-12-22,26,161515.12,0,6212.12,0,0,Winter
SKU00015,2024-12-29,32,198787.84,0,6212.12,1,0,Winter
SKU00015,2025-01-05,31,192575.72,0,6212.12,0,0,Winter
SKU00015,2025-01-12,25,155303.0,0,6212.12,0,0,Winter
SKU00015,2025-01-19,27,167727.24,0,6212.12,0,0,Winter
SKU00015,2025-01-26,32,198787.84,0,6212.12,1,0,Winter
SKU00015,2025-02-02,29,180151.47999999998,0,6212.12,0,0,Winter
SKU00015,2025-02-09,31,192575.72,0,6212.12,0,0,Winter
SKU00015,2025-02-16,37,229848.44,0,6212.12,0,0,Winter
SKU00015,2025-02-23,30,186363.6,0,6212.12,0,0,Winter
SKU00015,2025-03-02,36,223636.32,2,6212.12,0,1,Winter
SKU00015,2025-03-09,37,229848.44,2,6212.12,0,1,Spring
SKU00015,2025-03-16,38,236060.56,2,6212.12,0,1,Spring
SKU00015,2025-03-23,22,136666.63999999998,2,6212.12,0,1,Spring
SKU00015,2025-03-30,30,186363.6,2,6212.12,0,1,Spring
SKU00015,2025-04-06,40,248484.8,0,6212.12,0,0,Spring
SKU00015,2025-04-13,38,236060.56,0,6212.12,0,0,Spring
SKU00015,2025-04-20,36,223636.32,0,6212.12,0,0,Spring
SKU00015,2025-04-27,33,204999.96,0,6212.12,0,0,Spring
SKU00015,2025-05-04,31,192575.72,0,6212.12,0,0,Spring
SKU00015,2025-05-11,40,248484.8,0,6212.12,0,0,Summer
SKU00015,2025-05-18,33,204999.96,0,6212.12,0,0,Summer
SKU00015,2025-05-25,27,167727.24,0,6212.12,0,0,Summer
SKU00015,2025-06-01,36,223636.31999999998,1,6212.12,0,1,Summer
SKU00015,2025-06-08,30,186363.6,2,6212.12,0,1,Summer
SKU00015,2025-06-15,23,142878.76,2,6212.12,0,1,Summer
SKU00015,2025-06-22,32,198787.84,2,6212.12,0,1,Summer
SKU00015,2025-06-29,25,155303.0,2,6212.12,0,1,Summer
SKU00015,2025-07-06,22,136666.63999999998,0,6212.12,0,0,Summer
SKU00015,2025-07-13,23,142878.76,0,6212.12,0,0,Monsoon
SKU00015,2025-07-20,29,180151.48,0,6212.12,0,0,Monsoon
SKU00015,2025-07-27,27,167727.24,0,6212.12,0,0,Monsoon
SKU00015,2025-08-03,25,155303.0,0,6212.12,0,0,Monsoon
SKU00015,2025-08-10,23,142878.76,0,6212.12,0,0,Monsoon
SKU00015,2025-08-17,27,167727.24,0,6212.12,1,0,Monsoon
SKU00015,2025-08-24,26,161515.12,0,6212.12,0,0,Monsoon
SKU00015,2025-08-31,28,173939.36000000002,0,6212.12,0,0,Monsoon
SKU00015,2025-09-07,28,173939.36000000002,2,6212.12,0,1,Monsoon
SKU00015,2025-09-14,24,149090.88,2,6212.12,0,1,Monsoon
SKU00015,2025-09-21,23,142878.76,2,6212.12,0,1,Monsoon
SKU00015,2025-09-28,28,173939.36,2,6212.12,0,1,Monsoon
SKU00015,2025-10-05,19,118030.28,0,6212.12,0,0,Monsoon
SKU00015,2025-10-12,16,99393.92,0,6212.12,0,0,Autumn
SKU00015,2025-10-19,21,130454.51999999999,0,6212.12,0,0,Autumn
SKU00015,2025-10-26,21,130454.52,0,6212.12,1,0,Autumn
SKU00015,2025-11-02,17,105606.04,2,6212.12,0,1,Autumn
SKU00015,2025-11-09,13,80757.56,2,6212.12,0,1,Autumn
SKU00015,2025-11-16,24,149090.88,2,6212.12,0,1,Autumn
SKU00015,2025-11-23,24,149090.88,2,6212.12,0,1,Autumn
SKU00015,2025-11-30,31,192575.72,2,6212.12,0,1,Autumn
SKU00015,2025-12-07,22,136666.64,0,6212.12,0,0,Winter
SKU00015,2025-12-14,31,192575.71999999997,0,6212.12,0,0,Winter
SKU00015,2025-12-21,21,130454.51999999999,0,6212.12,0,0,Winter
SKU00015,2025-12-28,27,167727.24,0,6212.12,1,0,Winter
SKU00015,2026-01-04,7,43484.84,0,6212.12,0,0,Winter
SKU00016,2024-01-07,81,175512.42,0,2166.82,0,0,Winter
SKU00016,2024-01-14,104,225349.28,0,2166.82,0,0,Winter
SKU00016,2024-01-21,88,190680.16,0,2166.82,0,0,Winter
SKU00016,2024-01-28,103,223182.46,0,2166.82,1,0,Winter
SKU00016,2024-02-04,96,208014.72,0,2166.82,0,0,Winter
SKU00016,2024-02-11,96,208014.72,0,2166.82,0,0,Winter
SKU00016,2024-02-18,101,218848.82,0,2166.82,0,0,Winter
SKU00016,2024-02-25,97,210181.54,0,2166.82,0,0,Winter
SKU00016,2024-03-03,115,249184.30000000002,2,2166.82,0,1,Winter
SKU00016,2024-03-10,110,238350.2,2,2166.82,0,1,Spring
SKU00016,2024-03-17,133,288187.06,2,2166.82,0,1,Spring
SKU00016,2024-03-24,122,264352.04000000004,2,2166.82,0,1,Spring
SKU00016,2024-03-31,98,212348.36,2,2166.82,0,1,Spring
SKU00016,2024-04-07,109,236183.38,0,2166.82,0,0,Spring
SKU00016,2024-04-14,98,212348.36,0,2166.82,0,0,Spring
SKU00016,2024-04-21,125,270852.5,0,2166.82,0,0,Spring
SKU00016,2024-04-28,116,251351.12,0,2166.82,0,0,Spring
SKU00016,2024-05-05,93,201514.26,0,2166.82,0,0,Spring
SKU00016,2024-05-12,95,205847.90000000002,0,2166.82,0,0,Summer
SKU00016,2024-05-19,129,279519.78,0,2166.82,0,0,Summer
SKU00016,2024-05-26,122,264352.04,0,2166.82,0,0,Summer
SKU00016,2024-06-02,108,234016.56,2,2166.82,0,1,Summer
SKU00016,2024-06-09,110,238350.2,2,2166.82,0,1,Summer
SKU00016,2024-06-16,107,231849.74000000002,2,2166.82,0,1,Summer
SKU00016,2024-06-23,106,229682.92,2,2166.82,0,1,Summer
SKU00016,2024-06-30,108,234016.56,2,2166.82,0,1,Summer
SKU00016,2024-07-07,93,201514.26,0,2166.82,0,0,Monsoon
SKU00016,2024-07-14,99,214515.18,0,2166.82,0,0,Monsoon
SKU00016,2024-07-21,78,169011.96,0,2166.82,0,0,Monsoon
SKU00016,2024-07-28,92,199347.44,0,2166.82,0,0,Monsoon
SKU00016,2024-08-04,90,195013.8,0,2166.82,0,0,Monsoon
SKU00016,2024-08-11,82,177679.24,0,2166.82,0,0,Monsoon
SKU00016,2024-08-18,96,208014.72,0,2166.82,1,0,Monsoon
SKU00016,2024-08-25,78,169011.96000000002,0,2166.82,0,0,Monsoon
SKU00016,2024-09-01,98,212348.36,1,2166.82,0,1,Monsoon
SKU00016,2024-09-08,94,203681.08000000002,2,2166.82,0,1,Monsoon
SKU00016,2024-09-15,77,166845.14,2,2166.82,0,1,Monsoon
SKU00016,2024-09-22,90,195013.8,2,2166.82,0,1,Monsoon
SKU00016,2024-09-29,89,192846.98,2,2166.82,0,1,Monsoon
SKU00016,2024-10-06,71,153844.22,0,2166.82,0,0,Monsoon
SKU00016,2024-10-13,85,184179.7,0,2166.82,0,0,Autumn
SKU00016,2024-10-20,84,182012.88,0,2166.82,0,0,Autumn
SKU00016,2024-10-27,82,177679.24,0,2166.82,0,0,Autumn
SKU00016,2024-11-03,98,212348.36000000002,2,2166.82,1,1,Autumn
SKU00016,2024-11-10,84,182012.88,2,2166.82,0,1,Autumn
SKU00016,2024-11-17,104,225349.28000000003,2,2166.82,0,1,Autumn
SKU00016,2024-11-24,94,203681.08000000002,2,2166.82,0,1,Autumn
SKU00016,2024-12-01,97,210181.54,1,2166.82,0,1,Autumn
SKU00016,2024-12-08,83,179846.06,0,2166.82,0,0,Winter
SKU00016,2024-12-15,71,153844.22,0,2166.82,0,0,Winter
SKU00016,2024-12-22,82,177679.24,0,2166.82,0,0,Winter
SKU00016,2024-12-29,75,162511.5,0,2166.82,1,0,Winter
SKU00016,2025-01-05,92,199347.44,0,2166.82,0,0,Winter
SKU00016,2025-01-12,97,210181.54,0,2166.82,0,0,Winter
SKU00016,2025-01-19,76,164678.32,0,2166.82,0,0,Winter
SKU00016,2025-01-26,100,216682.0,0,2166.82,1,0,Winter
SKU00016,2025-02-02,95,205847.9,0,2166.82,0,0,Winter
SKU00016,2025-02-09,112,242683.84,0,2166.82,0,0,Winter
SKU00016,2025-02-16,93,201514.26,0,2166.82,0,0,Winter
SKU00016,2025-02-23,97,210181.54,0,2166.82,0,0,Winter
SKU00016,2025-03-02,135,292520.7,2,2166.82,0,1,Winter
SKU00016,2025-03-09,103,223182.46000000002,2,2166.82,0,1,Spring
SKU00016,2025-03-16,115,249184.30000000002,2,2166.82,0,1,Spring
SKU00016,2025-03-23,113,244850.66,2,2166.82,0,1,Spring
SKU00016,2025-03-30,146,316355.72000000003,2,2166.82,0,1,Spring
SKU00016,2025-04-06,116,251351.12,0,2166.82,0,0,Spring
SKU00016,2025-04-13,124,268685.68,0,2166.82,0,0,Spring
SKU00016,2025-04-20,98,212348.36,0,2166.82,0,0,Spring
SKU00016,2025-04-27,102,221015.64,0,2166.82,0,0,Spring
SKU00016,2025-05-04,111,240517.02000000002,0,2166.82,0,0,Spring
SKU00016,2025-05-11,114,247017.48,0,2166.82,0,0,Summer
SKU00016,2025-05-18,126,273019.32,0,2166.82,0,0,Summer
SKU00016,2025-05-25,107,231849.74,0,2166.82,0,0,Summer
SKU00016,2025-06-01,116,251351.12,1,2166.82,0,1,Summer
SKU00016,2025-06-08,111,240517.02000000002,2,2166.82,0,1,Summer
SKU00016,2025-06-15,112,242683.84,2,2166.82,0,1,Summer
SKU00016,2025-06-22,112,242683.84000000003,2,2166.82,0,1,Summer
SKU00016,2025-06-29,116,251351.12,2,2166.82,0,1,Summer
SKU00016,2025-07-06,101,218848.82,0,2166.82,0,0,Summer
SKU00016,2025-07-13,103,223182.46000000002,0,2166.82,0,0,Monsoon
SKU00016,2025-07-20,104,225349.28,0,2166.82,0,0,Monsoon
SKU00016,2025-07-27,97,210181.54,0,2166.82,0,0,Monsoon
SKU00016,2025-08-03,85,184179.7,0,2166.82,0,0,Monsoon
SKU00016,2025-08-10,93,201514.26,0,2166.82,0,0,Monsoon
SKU00016,2025-08-17,85,184179.7,0,2166.82,1,0,Monsoon
SKU00016,2025-08-24,90,195013.8,0,2166.82,0,0,Monsoon
SKU00016,2025-08-31,85,184179.7,0,2166.82,0,0,Monsoon
SKU00016,2025-09-07,66,143010.12,2,2166.82,0,1,Monsoon
SKU00016,2025-09-14,78,169011.96,2,2166.82,0,1,Monsoon
SKU00016,2025-09-21,76,164678.32,2,2166.82,0,1,Monsoon
SKU00016,2025-09-28,78,169011.96000000002,2,2166.82,0,1,Monsoon
SKU00016,2025-10-05,72,156011.04,0,2166.82,0,0,Monsoon
SKU00016,2025-10-12,84,182012.88,0,2166.82,0,0,Autumn
SKU00016,2025-10-19,86,186346.52000000002,0,2166.82,0,0,Autumn
SKU00016,2025-10-26,73,158177.86000000002,0,2166.82,1,0,Autumn
SKU00016,2025-11-02,109,236183.38,2,2166.82,0,1,Autumn
SKU00016,2025-11-09,92,199347.44,2,2166.82,0,1,Autumn
SKU00016,2025-11-16,95,205847.9,2,2166.82,0,1,Autumn
SKU00016,2025-11-23,75,162511.5,2,2166.82,0,1,Autumn
SKU00016,2025-11-30,71,153844.22,2,2166.82,0,1,Autumn
SKU00016,2025-12-07,77,166845.14,0,2166.82,0,0,Winter
SKU00016,2025-12-14,78,169011.96,0,2166.82,0,0,Winter
SKU00016,2025-12-21,74,160344.68,0,2166.82,0,0,Winter
SKU00016,2025-12-28,104,225349.28,0,2166.82,1,0,Winter
SKU00016,2026-01-04,37,80172.34,0,2166.82,0,0,Winter
SKU00017,2024-01-07,84,712094.88,0,8477.32,0,0,Winter
SKU00017,2024-01-14,84,712094.88,0,8477.32,0,0,Winter
SKU00017,2024-01-21,88,746004.16,0,8477.32,0,0,Winter
SKU00017,2024-01-28,94,796868.0800000001,0,8477.32,1,0,Winter
SKU00017,2024-02-04,89,754481.48,0,8477.32,0,0,Winter
SKU00017,2024-02-11,96,813822.72,0,8477.32,0,0,Winter
SKU00017,2024-02-18,99,839254.6799999999,0,8477.32,0,0,Winter
SKU00017,2024-02-25,80,678185.6,0,8477.32,0,0,Winter
SKU00017,2024-03-03,121,1025755.72,2,8477.32,0,1,Winter
SKU00017,2024-03-10,130,1102051.6,2,8477.32,0,1,Spring
SKU00017,2024-03-17,115,974891.8,2,8477.32,0,1,Spring
SKU00017,2024-03-24,109,924027.88,2,8477.32,0,1,Spring
SKU00017,2024-03-31,114,966414.48,2,8477.32,0,1,Spring
SKU00017,2024-04-07,125,1059665.0,0,8477.32,0,0,Spring
SKU00017,2024-04-14,130,1102051.6,0,8477.32,0,0,Spring
SKU00017,2024-04-21,108,915550.5599999999,0,8477.32,0,0,Spring
SKU00017,2024-04-28,126,1068142.32,0,8477.32,0,0,Spring
SKU00017,2024-05-05,129,1093574.28,0,8477.32,0,0,Spring
SKU00017,2024-05-12,109,924027.88,0,8477.32,0,0,Summer
SKU00017,2024-05-19,109,924027.88,0,8477.32,0,0,Summer
SKU00017,2024-05-26,122,1034233.04,0,8477.32,0,0,Summer
SKU00017,2024-06-02,118,1000323.76,2,8477.32,0,1,Summer
SKU00017,2024-06-09,121,1025755.72,2,8477.32,0,1,Summer
SKU00017,2024-06-16,110,932505.2,2,8477.32,0,1,Summer
SKU00017,2024-06-23,102,864686.64,2,8477.32,0,1,Summer
SKU00017,2024-06-30,125,1059665.0,2,8477.32,0,1,Summer
SKU00017,2024-07-07,112,949459.84,0,8477.32,0,0,Monsoon
SKU00017,2024-07-14,109,924027.88,0,8477.32,0,0,Monsoon
SKU00017,2024-07-21,106,898595.9199999999,0,8477.32,0,0,Monsoon
SKU00017,2024-07-28,104,881641.28,0,8477.32,0,0,Monsoon
SKU00017,2024-08-04,98,830777.36,0,8477.32,0,0,Monsoon
SKU00017,2024-08-11,100,847732.0,0,8477.32,0,0,Monsoon
SKU00017,2024-08-18,94,796868.0800000001,0,8477.32,1,0,Monsoon
SKU00017,2024-08-25,95,805345.4,0,8477.32,0,0,Monsoon
SKU00017,2024-09-01,85,720572.2,1,8477.32,0,1,Monsoon
SKU00017,2024-09-08,98,830777.36,2,8477.32,0,1,Monsoon
SKU00017,2024-09-15,88,746004.16,2,8477.32,0,1,Monsoon
SKU00017,2024-09-22,88,746004.1599999999,2,8477.32,0,1,Monsoon
SKU00017,2024-09-29,101,856209.3200000001,2,8477.32,0,1,Monsoon
SKU00017,2024-10-06,60,508639.2,0,8477.32,0,0,Monsoon
SKU00017,2024-10-13,67,567980.44,0,8477.32,0,0,Autumn
SKU00017,2024-10-20,100,847732.0,0,8477.32,0,0,Autumn
SKU00017,2024-10-27,82,695140.24,0,8477.32,0,0,Autumn
SKU00017,2024-11-03,90,762958.7999999999,2,8477.32,1,1,Autumn
SKU00017,2024-11-10,95,805345.4,2,8477.32,0,1,Autumn
SKU00017,2024-11-17,86,729049.52,2,8477.32,0,1,Autumn
SKU00017,2024-11-24,97,822300.04,2,8477.32,0,1,Autumn
SKU00017,2024-12-01,82,695140.24,1,8477.32,0,1,Autumn
SKU00017,2024-12-08,81,686662.9199999999,0,8477.32,0,0,Winter
SKU00017,2024-12-15,88,746004.1599999999,0,8477.32,0,0,Winter
SKU00017,2024-12-22,80,678185.6,0,8477.32,0,0,Winter
SKU00017,2024-12-29,94,796868.0800000001,0,8477.32,1,0,Winter
SKU00017,2025-01-05,85,720572.2,0,8477.32,0,0,Winter
SKU00017,2025-01-12,97,822300.04,0,8477.32,0,0,Winter
SKU00017,2025-01-19,106,898595.9199999999,0,8477.32,0,0,Winter
SKU00017,2025-01-26,89,754481.48,0,8477.32,1,0,Winter
SKU00017,2025-02-02,89,754481.48,0,8477.32,0,0,Winter
SKU00017,2025-02-09,112,949459.84,0,8477.32,0,0,Winter
SKU00017,2025-02-16,97,822300.04,0,8477.32,0,0,Winter
SKU00017,2025-02-23,107,907073.24,0,8477.32,0,0,Winter
SKU00017,2025-03-02,127,1076619.6400000001,2,8477.32,0,1,Winter
SKU00017,2025-03-09,104,881641.28,2,8477.32,0,1,Spring
SKU00017,2025-03-16,129,1093574.28,2,8477.32,0,1,Spring
SKU00017,2025-03-23,124,1051187.68,2,8477.32,0,1,Spring
SKU00017,2025-03-30,135,1144438.2,2,8477.32,0,1,Spring
SKU00017,2025-04-06,114,966414.48,0,8477.32,0,0,Spring
SKU00017,2025-04-13,115,974891.8,0,8477.32,0,0,Spring
SKU00017,2025-04-20,115,974891.8,0,8477.32,0,0,Spring
SKU00017,2025-04-27,138,1169870.16,0,8477.32,0,0,Spring
SKU00017,2025-05-04,95,805345.4,0,8477.32,0,0,Spring
SKU00017,2025-05-11,102,864686.64,0,8477.32,0,0,Summer
SKU00017,2025-05-18,109,924027.88,0,8477.32,0,0,Summer
SKU00017,2025-05-25,114,966414.48,0,8477.32,0,0,Summer
SKU00017,2025-06-01,109,924027.88,1,8477.32,0,1,Summer
SKU00017,2025-06-08,111,940982.52,2,8477.32,0,1,Summer
SKU00017,2025-06-15,113,957937.16,2,8477.32,0,1,Summer
SKU00017,2025-06-22,114,966414.48,2,8477.32,0,1,Summer
SKU00017,2025-06-29,133,1127483.56,2,8477.32,0,1,Summer
SKU00017,2025-07-06,105,890118.6000000001,0,8477.32,0,0,Summer
SKU00017,2025-07-13,97,822300.04,0,8477.32,0,0,Monsoon
SKU00017,2025-07-20,98,830777.36,0,8477.32,0,0,Monsoon
SKU00017,2025-07-27,83,703617.5599999999,0,8477.32,0,0,Monsoon
SKU00017,2025-08-03,82,695140.24,0,8477.32,0,0,Monsoon
SKU00017,2025-08-10,76,644276.32,0,8477.32,0,0,Monsoon
SKU00017,2025-08-17,85,720572.2,0,8477.32,1,0,Monsoon
SKU00017,2025-08-24,85,720572.2,0,8477.32,0,0,Monsoon
SKU00017,2025-08-31,78,661230.96,0,8477.32,0,0,Monsoon
SKU00017,2025-09-07,71,601889.72,2,8477.32,0,1,Monsoon
SKU00017,2025-09-14,77,652753.64,2,8477.32,0,1,Monsoon
SKU00017,2025-09-21,83,703617.56,2,8477.32,0,1,Monsoon
SKU00017,2025-09-28,90,762958.8,2,8477.32,0,1,Monsoon
SKU00017,2025-10-05,75,635799.0,0,8477.32,0,0,Monsoon
SKU00017,2025-10-12,76,644276.32,0,8477.32,0,0,Autumn
SKU00017,2025-10-19,84,712094.88,0,8477.32,0,0,Autumn
SKU00017,2025-10-26,61,517116.51999999996,0,8477.32,1,0,Autumn
SKU00017,2025-11-02,83,703617.56,2,8477.32,0,1,Autumn
SKU00017,2025-11-09,103,873163.96,2,8477.32,0,1,Autumn
SKU00017,2025-11-16,88,746004.1599999999,2,8477.32,0,1,Autumn
SKU00017,2025-11-23,87,737526.84,2,8477.32,0,1,Autumn
SKU00017,2025-11-30,90,762958.8,2,8477.32,0,1,Autumn
SKU00017,2025-12-07,105,890118.6,0,8477.32,0,0,Winter
SKU00017,2025-12-14,96,813822.72,0,8477.32,0,0,Winter
SKU00017,2025-12-21,81,686662.9199999999,0,8477.32,0,0,Winter
SKU00017,2025-12-28,98,830777.36,0,8477.32,1,0,Winter
SKU00017,2026-01-04,37,313660.83999999997,0,8477.32,0,0,Winter
SKU00018,2024-01-07,176,981272.16,0,5575.409999999999,0,0,Winter
SKU00018,2024-01-14,175,975696.75,0,5575.409999999999,0,0,Winter
SKU00018,2024-01-21,153,853037.73,0,5575.409999999999,0,0,Winter
SKU00018,2024-01-28,188,1048177.0800000001,0,5575.409999999999,1,0,Winter
SKU00018,2024-02-04,162,903216.42,0,5575.409999999999,0,0,Winter
SKU00018,2024-02-11,171,953395.11,0,5575.409999999999,0,0,Winter
SKU00018,2024-02-18,178,992422.98,0,5575.409999999999,0,0,Winter
SKU00018,2024-02-25,205,1142959.05,0,5575.409999999999,0,0,Winter
SKU00018,2024-03-03,195,1087204.95,2,5575.409999999999,0,1,Winter
SKU00018,2024-03-10,206,1148534.46,2,5575.409999999999,0,1,Spring
SKU00018,2024-03-17,223,1243316.43,2,5575.409999999999,0,1,Spring
SKU00018,2024-03-24,227,1265618.07,2,5575.409999999999,0,1,Spring
SKU00018,2024-03-31,221,1232165.61,2,5575.409999999999,0,1,Spring
SKU00018,2024-04-07,197,1098355.77,0,5575.409999999999,0,0,Spring
SKU00018,2024-04-14,190,1059327.9,0,5575.409999999999,0,0,Spring
SKU00018,2024-04-21,209,1165260.69,0,5575.409999999999,0,0,Spring
SKU00018,2024-04-28,209,1165260.69,0,5575.409999999999,0,0,Spring
SKU00018,2024-05-05,204,1137383.6400000001,0,5575.409999999999,0,0,Spring
SKU00018,2024-05-12,220,1226590.2,0,5575.409999999999,0,0,Summer
SKU00018,2024-05-19,203,1131808.23,0,5575.409999999999,0,0,Summer
SKU00018,2024-05-26,185,1031450.85,0,5575.409999999999,0,0,Summer
SKU00018,2024-06-02,199,1109506.59,2,5575.409999999999,0,1,Summer
SKU00018,2024-06-09,194,1081629.54,2,5575.409999999999,0,1,Summer
SKU00018,2024-06-16,191,1064903.31,2,5575.409999999999,0,1,Summer
SKU00018,2024-06-23,198,1103931.18,2,5575.409999999999,0,1,Summer
SKU00018,2024-06-30,197,1098355.77,2,5575.409999999999,0,1,Summer
SKU00018,2024-07-07,163,908791.83,0,5575.409999999999,0,0,Monsoon
SKU00018,2024-07-14,181,1009149.21,0,5575.409999999999,0,0,Monsoon
SKU00018,2024-07-21,169,942244.29,0,5575.409999999999,0,0,Monsoon
SKU00018,2024-07-28,158,880914.78,0,5575.409999999999,0,0,Monsoon
SKU00018,2024-08-04,172,958970.52,0,5575.409999999999,0,0,Monsoon
SKU00018,2024-08-11,164,914367.24,0,5575.409999999999,0,0,Monsoon
SKU00018,2024-08-18,167,931093.47,0,5575.409999999999,1,0,Monsoon
SKU00018,2024-08-25,169,942244.29,0,5575.409999999999,0,0,Monsoon
SKU00018,2024-09-01,171,953395.11,1,5575.409999999999,0,1,Monsoon
SKU00018,2024-09-08,158,880914.78,2,5575.409999999999,0,1,Monsoon
SKU00018,2024-09-15,158,880914.78,2,5575.409999999999,0,1,Monsoon
SKU00018,2024-09-22,163,908791.8300000001,2,5575.409999999999,0,1,Monsoon
SKU00018,2024-09-29,169,942244.29,2,5575.409999999999,0,1,Monsoon
SKU00018,2024-10-06,134,747104.94,0,5575.409999999999,0,0,Monsoon
SKU00018,2024-10-13,153,853037.73,0,5575.409999999999,0,0,Autumn
SKU00018,2024-10-20,140,780557.4,0,5575.409999999999,0,0,Autumn
SKU00018,2024-10-27,159,886490.19,0,5575.409999999999,0,0,Autumn
SKU00018,2024-11-03,170,947819.7,2,5575.409999999999,1,1,Autumn
SKU00018,2024-11-10,162,903216.42,2,5575.409999999999,0,1,Autumn
SKU00018,2024-11-17,150,836311.5,2,5575.409999999999,0,1,Autumn
SKU00018,2024-11-24,153,853037.73,2,5575.409999999999,0,1,Autumn
SKU00018,2024-12-01,143,797283.63,1,5575.409999999999,0,1,Autumn
SKU00018,2024-12-08,182,1014724.62,0,5575.409999999999,0,0,Winter
SKU00018,2024-12-15,150,836311.5,0,5575.409999999999,0,0,Winter
SKU00018,2024-12-22,172,958970.52,0,5575.409999999999,0,0,Winter
SKU00018,2024-12-29,154,858613.14,0,5575.409999999999,1,0,Winter
SKU00018,2025-01-05,181,1009149.21,0,5575.409999999999,0,0,Winter
SKU00018,2025-01-12,172,958970.52,0,5575.409999999999,0,0,Winter
SKU00018,2025-01-19,164,914367.24,0,5575.409999999999,0,0,Winter
SKU00018,2025-01-26,163,908791.83,0,5575.409999999999,1,0,Winter
SKU00018,2025-02-02,178,992422.98,0,5575.409999999999,0,0,Winter
SKU00018,2025-02-09,175,975696.75,0,5575.409999999999,0,0,Winter
SKU00018,2025-02-16,186,1037026.26,0,5575.409999999999,0,0,Winter
SKU00018,2025-02-23,194,1081629.54,0,5575.409999999999,0,0,Winter
SKU00018,2025-03-02,211,1176411.51,2,5575.409999999999,0,1,Winter
SKU00018,2025-03-09,206,1148534.46,2,5575.409999999999,0,1,Spring
SKU00018,2025-03-16,214,1193137.74,2,5575.409999999999,0,1,Spring
SKU00018,2025-03-23,219,1221014.79,2,5575.409999999999,0,1,Spring
SKU00018,2025-03-30,196,1092780.36,2,5575.409999999999,0,1,Spring
SKU00018,2025-04-06,207,1154109.87,0,5575.409999999999,0,0,Spring
SKU00018,2025-04-13,197,1098355.77,0,5575.409999999999,0,0,Spring
SKU00018,2025-04-20,212,1181986.92,0,5575.409999999999,0,0,Spring
SKU00018,2025-04-27,210,1170836.1,0,5575.409999999999,0,0,Spring
SKU00018,2025-05-04,220,1226590.2,0,5575.409999999999,0,0,Spring
SKU00018,2025-05-11,220,1226590.2,0,5575.409999999999,0,0,Summer
SKU00018,2025-05-18,207,1154109.87,0,5575.409999999999,0,0,Summer
SKU00018,2025-05-25,201,1120657.41,0,5575.409999999999,0,0,Summer
SKU00018,2025-06-01,192,1070478.72,1,5575.409999999999,0,1,Summer
SKU00018,2025-06-08,203,1131808.23,2,5575.409999999999,0,1,Summer
SKU00018,2025-06-15,201,1120657.41,2,5575.409999999999,0,1,Summer
SKU00018,2025-06-22,212,1181986.92,2,5575.409999999999,0,1,Summer
SKU00018,2025-06-29,194,1081629.54,2,5575.409999999999,0,1,Summer
SKU00018,2025-07-06,164,914367.24,0,5575.409999999999,0,0,Summer
SKU00018,2025-07-13,156,869763.9600000001,0,5575.409999999999,0,0,Monsoon
SKU00018,2025-07-20,167,931093.47,0,5575.409999999999,0,0,Monsoon
SKU00018,2025-07-27,159,886490.1900000001,0,5575.409999999999,0,0,Monsoon
SKU00018,2025-08-03,179,997998.39,0,5575.409999999999,0,0,Monsoon
SKU00018,2025-08-10,139,774981.99,0,5575.409999999999,0,0,Monsoon
SKU00018,2025-08-17,146,814009.86,0,5575.409999999999,1,0,Monsoon
SKU00018,2025-08-24,151,841886.91,0,5575.409999999999,0,0,Monsoon
SKU00018,2025-08-31,161,897641.01,0,5575.409999999999,0,0,Monsoon
SKU00018,2025-09-07,150,836311.5,2,5575.409999999999,0,1,Monsoon
SKU00018,2025-09-14,155,864188.5499999999,2,5575.409999999999,0,1,Monsoon
SKU00018,2025-09-21,148,825160.68,2,5575.409999999999,0,1,Monsoon
SKU00018,2025-09-28,146,814009.86,2,5575.409999999999,0,1,Monsoon
SKU00018,2025-10-05,138,769406.58,0,5575.409999999999,0,0,Monsoon
SKU00018,2025-10-12,154,858613.14,0,5575.409999999999,0,0,Autumn
SKU00018,2025-10-19,141,786132.8099999999,0,5575.409999999999,0,0,Autumn
SKU00018,2025-10-26,135,752680.35,0,5575.409999999999,1,0,Autumn
SKU00018,2025-11-02,166,925518.0599999999,2,5575.409999999999,0,1,Autumn
SKU00018,2025-11-09,157,875339.37,2,5575.409999999999,0,1,Autumn
SKU00018,2025-11-16,142,791708.22,2,5575.409999999999,0,1,Autumn
SKU00018,2025-11-23,150,836311.5,2,5575.409999999999,0,1,Autumn
SKU00018,2025-11-30,152,847462.3200000001,2,5575.409999999999,0,1,Autumn
SKU00018,2025-12-07,158,880914.78,0,5575.409999999999,0,0,Winter
SKU00018,2025-12-14,162,903216.42,0,5575.409999999999,0,0,Winter
SKU00018,2025-12-21,160,892065.6,0,5575.409999999999,0,0,Winter
SKU00018,2025-12-28,161,897641.01,0,5575.409999999999,1,0,Winter
SKU00018,2026-01-04,58,323373.78,0,5575.41,0,0,Winter
SKU00019,2024-01-07,101,486804.85,0,4819.85,0,0,Winter
SKU00019,2024-01-14,115,554282.75,0,4819.85,0,0,Winter
SKU00019,2024-01-21,103,496444.55000000005,0,4819.85,0,0,Winter
SKU00019,2024-01-28,107,515723.94999999995,0,4819.85,1,0,Winter
SKU00019,2024-02-04,136,655499.6,0,4819.85,0,0,Winter
SKU00019,2024-02-11,119,573562.15,0,4819.85,0,0,Winter
SKU00019,2024-02-18,117,563922.45,0,4819.85,0,0,Winter
SKU00019,2024-02-25,117,563922.45,0,4819.85,0,0,Winter
SKU00019,2024-03-03,132,636220.2,2,4819.85,0,1,Winter
SKU00019,2024-03-10,132,636220.2,2,4819.85,0,1,Spring
SKU00019,2024-03-17,137,660319.45,2,4819.85,0,1,Spring
SKU00019,2024-03-24,136,655499.6,2,4819.85,0,1,Spring
SKU00019,2024-03-31,135,650679.75,2,4819.85,0,1,Spring
SKU00019,2024-04-07,151,727797.35,0,4819.85,0,0,Spring
SKU00019,2024-04-14,135,650679.75,0,4819.85,0,0,Spring
SKU00019,2024-04-21,132,636220.2,0,4819.85,0,0,Spring
SKU00019,2024-04-28,139,669959.15,0,4819.85,0,0,Spring
SKU00019,2024-05-05,134,645859.9,0,4819.85,0,0,Spring
SKU00019,2024-05-12,141,679598.85,0,4819.85,0,0,Summer
SKU00019,2024-05-19,151,727797.35,0,4819.85,0,0,Summer
SKU00019,2024-05-26,131,631400.35,0,4819.85,0,0,Summer
SKU00019,2024-06-02,147,708517.95,2,4819.85,0,1,Summer
SKU00019,2024-06-09,122,588021.7,2,4819.85,0,1,Summer
SKU00019,2024-06-16,137,660319.45,2,4819.85,0,1,Summer
SKU00019,2024-06-23,110,530183.5,2,4819.85,0,1,Summer
SKU00019,2024-06-30,117,563922.45,2,4819.85,0,1,Summer
SKU00019,2024-07-07,113,544643.05,0,4819.85,0,0,Monsoon
SKU00019,2024-07-14,115,554282.75,0,4819.85,0,0,Monsoon
SKU00019,2024-07-21,101,486804.85,0,4819.85,0,0,Monsoon
SKU00019,2024-07-28,108,520543.80000000005,0,4819.85,0,0,Monsoon
SKU00019,2024-08-04,115,554282.75,0,4819.85,0,0,Monsoon
SKU00019,2024-08-11,89,428966.65,0,4819.85,0,0,Monsoon
SKU00019,2024-08-18,93,448246.05,0,4819.85,1,0,Monsoon
SKU00019,2024-08-25,104,501264.4,0,4819.85,0,0,Monsoon
SKU00019,2024-09-01,102,491624.7,1,4819.85,0,1,Monsoon
SKU00019,2024-09-08,104,501264.4,2,4819.85,0,1,Monsoon
SKU00019,2024-09-15,108,520543.8,2,4819.85,0,1,Monsoon
SKU00019,2024-09-22,80,385588.0,2,4819.85,0,1,Monsoon
SKU00019,2024-09-29,97,467525.45,2,4819.85,0,1,Monsoon
SKU00019,2024-10-06,81,390407.85,0,4819.85,0,0,Monsoon
SKU00019,2024-10-13,93,448246.05000000005,0,4819.85,0,0,Autumn
SKU00019,2024-10-20,85,409687.25,0,4819.85,0,0,Autumn
SKU00019,2024-10-27,86,414507.1,0,4819.85,0,0,Autumn
SKU00019,2024-11-03,98,472345.3,2,4819.85,1,1,Autumn
SKU00019,2024-11-10,95,457885.75,2,4819.85,0,1,Autumn
SKU00019,2024-11-17,112,539823.2,2,4819.85,0,1,Autumn
SKU00019,2024-11-24,113,544643.0499999999,2,4819.85,0,1,Autumn
SKU00019,2024-12-01,110,530183.5,1,4819.85,0,1,Autumn
SKU00019,2024-12-08,120,578382.0,0,4819.85,0,0,Winter
SKU00019,2024-12-15,97,467525.45,0,4819.85,0,0,Winter
SKU00019,2024-12-22,106,510904.1,0,4819.85,0,0,Winter
SKU00019,2024-12-29,86,414507.10000000003,0,4819.85,1,0,Winter
SKU00019,2025-01-05,100,481985.0,0,4819.85,0,0,Winter
SKU00019,2025-01-12,114,549462.9,0,4819.85,0,0,Winter
SKU00019,2025-01-19,113,544643.05,0,4819.85,0,0,Winter
SKU00019,2025-01-26,115,554282.75,0,4819.85,1,0,Winter
SKU00019,2025-02-02,109,525363.65,0,4819.85,0,0,Winter
SKU00019,2025-02-09,95,457885.75,0,4819.85,0,0,Winter
SKU00019,2025-02-16,111,535003.35,0,4819.85,0,0,Winter
SKU00019,2025-02-23,132,636220.2,0,4819.85,0,0,Winter
SKU00019,2025-03-02,140,674779.0,2,4819.85,0,1,Winter
SKU00019,2025-03-09,143,689238.55,2,4819.85,0,1,Spring
SKU00019,2025-03-16,135,650679.75,2,4819.85,0,1,Spring
SKU00019,2025-03-23,127,612120.95,2,4819.85,0,1,Spring
SKU00019,2025-03-30,130,626580.5,2,4819.85,0,1,Spring
SKU00019,2025-04-06,132,636220.2,0,4819.85,0,0,Spring
SKU00019,2025-04-13,144,694058.4,0,4819.85,0,0,Spring
SKU00019,2025-04-20,135,650679.75,0,4819.85,0,0,Spring
SKU00019,2025-04-27,117,563922.45,0,4819.85,0,0,Spring
SKU00019,2025-05-04,127,612120.95,0,4819.85,0,0,Spring
SKU00019,2025-05-11,122,588021.7,0,4819.85,0,0,Summer
SKU00019,2025-05-18,112,539823.2,0,4819.85,0,0,Summer
SKU00019,2025-05-25,131,631400.35,0,4819.85,0,0,Summer
SKU00019,2025-06-01,130,626580.5,1,4819.85,0,1,Summer
SKU00019,2025-06-08,148,713337.8,2,4819.85,0,1,Summer
SKU00019,2025-06-15,115,554282.75,2,4819.85,0,1,Summer
SKU00019,2025-06-22,136,655499.6000000001,2,4819.85,0,1,Summer
SKU00019,2025-06-29,129,621760.65,2,4819.85,0,1,Summer
SKU00019,2025-07-06,94,453065.9,0,4819.85,0,0,Summer
SKU00019,2025-07-13,100,481985.0,0,4819.85,0,0,Monsoon
SKU00019,2025-07-20,111,535003.35,0,4819.85,0,0,Monsoon
SKU00019,2025-07-27,90,433786.5,0,4819.85,0,0,Monsoon
SKU00019,2025-08-03,116,559102.6,0,4819.85,0,0,Monsoon
SKU00019,2025-08-10,104,501264.4,0,4819.85,0,0,Monsoon
SKU00019,2025-08-17,106,510904.1,0,4819.85,1,0,Monsoon
SKU00019,2025-08-24,109,525363.65,0,4819.85,0,0,Monsoon
SKU00019,2025-08-31,93,448246.05,0,4819.85,0,0,Monsoon
SKU00019,2025-09-07,103,496444.55,2,4819.85,0,1,Monsoon
SKU00019,2025-09-14,76,366308.6,2,4819.85,0,1,Monsoon
SKU00019,2025-09-21,100,481985.0,2,4819.85,0,1,Monsoon
SKU00019,2025-09-28,105,506084.25,2,4819.85,0,1,Monsoon
SKU00019,2025-10-05,83,400047.55,0,4819.85,0,0,Monsoon
SKU00019,2025-10-12,92,443426.2,0,4819.85,0,0,Autumn
SKU00019,2025-10-19,96,462705.6,0,4819.85,0,0,Autumn
SKU00019,2025-10-26,84,404867.4,0,4819.85,1,0,Autumn
SKU00019,2025-11-02,91,438606.35,2,4819.85,0,1,Autumn
SKU00019,2025-11-09,103,496444.55,2,4819.85,0,1,Autumn
SKU00019,2025-11-16,112,539823.2,2,4819.85,0,1,Autumn
SKU00019,2025-11-23,110,530183.5,2,4819.85,0,1,Autumn
SKU00019,2025-11-30,88,424146.80000000005,2,4819.85,0,1,Autumn
SKU00019,2025-12-07,103,496444.55,0,4819.85,0,0,Winter
SKU00019,2025-12-14,96,462705.6,0,4819.85,0,0,Winter
SKU00019,2025-12-21,107,515723.95,0,4819.85,0,0,Winter
SKU00019,2025-12-28,104,501264.4,0,4819.85,1,0,Winter
SKU00019,2026-01-04,40,192794.0,0,4819.85,0,0,Winter
SKU00020,2024-01-07,92,358573.68,0,3897.54,0,0,Winter
SKU00020,2024-01-14,102,397549.08,0,3897.54,0,0,Winter
SKU00020,2024-01-21,100,389754.0,0,3897.54,0,0,Winter
SKU00020,2024-01-28,92,358573.68,0,3897.54,1,0,Winter
SKU00020,2024-02-04,94,366368.76,0,3897.54,0,0,Winter
SKU00020,2024-02-11,118,459909.72,0,3897.54,0,0,Winter
SKU00020,2024-02-18,114,444319.56,0,3897.54,0,0,Winter
SKU00020,2024-02-25,108,420934.32,0,3897.54,0,0,Winter
SKU00020,2024-03-03,117,456012.18,2,3897.54,0,1,Winter
SKU00020,2024-03-10,120,467704.8,2,3897.54,0,1,Spring
SKU00020,2024-03-17,123,479397.42,2,3897.54,0,1,Spring
SKU00020,2024-03-24,119,463807.26,2,3897.54,0,1,Spring
SKU00020,2024-03-31,104,405344.16000000003,2,3897.54,0,1,Spring
SKU00020,2024-04-07,97,378061.38,0,3897.54,0,0,Spring
SKU00020,2024-04-14,105,409241.7,0,3897.54,0,0,Spring
SKU00020,2024-04-21,122,475499.88,0,3897.54,0,0,Spring
SKU00020,2024-04-28,97,378061.38,0,3897.54,0,0,Spring
SKU00020,2024-05-05,90,350778.6,0,3897.54,0,0,Spring
SKU00020,2024-05-12,100,389754.0,0,3897.54,0,0,Summer
SKU00020,2024-05-19,110,428729.4,0,3897.54,0,0,Summer
SKU00020,2024-05-26,120,467704.80000000005,0,3897.54,0,0,Summer
SKU00020,2024-06-02,117,456012.18,2,3897.54,0,1,Summer
SKU00020,2024-06-09,104,405344.16,2,3897.54,0,1,Summer
SKU00020,2024-06-16,127,494987.57999999996,2,3897.54,0,1,Summer
SKU00020,2024-06-23,122,475499.88,2,3897.54,0,1,Summer
SKU00020,2024-06-30,113,440422.02,2,3897.54,0,1,Summer
SKU00020,2024-07-07,94,366368.76,0,3897.54,0,0,Monsoon
SKU00020,2024-07-14,96,374163.83999999997,0,3897.54,0,0,Monsoon
SKU00020,2024-07-21,112,436524.48,0,3897.54,0,0,Monsoon
SKU00020,2024-07-28,97,378061.38,0,3897.54,0,0,Monsoon
SKU00020,2024-08-04,102,397549.08,0,3897.54,0,0,Monsoon
SKU00020,2024-08-11,88,342983.52,0,3897.54,0,0,Monsoon
SKU00020,2024-08-18,96,374163.83999999997,0,3897.54,1,0,Monsoon
SKU00020,2024-08-25,95,370266.3,0,3897.54,0,0,Monsoon
SKU00020,2024-09-01,102,397549.08,1,3897.54,0,1,Monsoon
SKU00020,2024-09-08,84,327393.36,2,3897.54,0,1,Monsoon
SKU00020,2024-09-15,69,268930.26,2,3897.54,0,1,Monsoon
SKU00020,2024-09-22,83,323495.82,2,3897.54,0,1,Monsoon
SKU00020,2024-09-29,80,311803.2,2,3897.54,0,1,Monsoon
SKU00020,2024-10-06,77,300110.58,0,3897.54,0,0,Monsoon
SKU00020,2024-10-13,83,323495.82,0,3897.54,0,0,Autumn
SKU00020,2024-10-20,92,358573.68,0,3897.54,0,0,Autumn
SKU00020,2024-10-27,83,323495.82,0,3897.54,0,0,Autumn
SKU00020,2024-11-03,71,276725.34,2,3897.54,1,1,Autumn
SKU00020,2024-11-10,81,315700.74,2,3897.54,0,1,Autumn
SKU00020,2024-11-17,87,339085.98,2,3897.54,0,1,Autumn
SKU00020,2024-11-24,69,268930.26,2,3897.54,0,1,Autumn
SKU00020,2024-12-01,84,327393.36,1,3897.54,0,1,Autumn
SKU00020,2024-12-08,88,342983.52,0,3897.54,0,0,Winter
SKU00020,2024-12-15,80,311803.2,0,3897.54,0,0,Winter
SKU00020,2024-12-22,81,315700.74,0,3897.54,0,0,Winter
SKU00020,2024-12-29,87,339085.98,0,3897.54,1,0,Winter
SKU00020,2025-01-05,93,362471.22,0,3897.54,0,0,Winter
SKU00020,2025-01-12,83,323495.82,0,3897.54,0,0,Winter
SKU00020,2025-01-19,95,370266.3,0,3897.54,0,0,Winter
SKU00020,2025-01-26,100,389754.0,0,3897.54,1,0,Winter
SKU00020,2025-02-02,79,307905.66,0,3897.54,0,0,Winter
SKU00020,2025-02-09,93,362471.22,0,3897.54,0,0,Winter
SKU00020,2025-02-16,105,409241.7,0,3897.54,0,0,Winter
SKU00020,2025-02-23,97,378061.38,0,3897.54,0,0,Winter
SKU00020,2025-03-02,95,370266.3,2,3897.54,0,1,Winter
SKU00020,2025-03-09,119,463807.26,2,3897.54,0,1,Spring
SKU00020,2025-03-16,105,409241.69999999995,2,3897.54,0,1,Spring
SKU00020,2025-03-23,101,393651.54,2,3897.54,0,1,Spring
SKU00020,2025-03-30,111,432626.94,2,3897.54,0,1,Spring
SKU00020,2025-04-06,132,514475.28,0,3897.54,0,0,Spring
SKU00020,2025-04-13,107,417036.77999999997,0,3897.54,0,0,Spring
SKU00020,2025-04-20,117,456012.18,0,3897.54,0,0,Spring
SKU00020,2025-04-27,111,432626.94,0,3897.54,0,0,Spring
SKU00020,2025-05-04,107,417036.77999999997,0,3897.54,0,0,Spring
SKU00020,2025-05-11,115,448217.1,0,3897.54,0,0,Summer
SKU00020,2025-05-18,110,428729.4,0,3897.54,0,0,Summer
SKU00020,2025-05-25,105,409241.7,0,3897.54,0,0,Summer
SKU00020,2025-06-01,112,436524.48,1,3897.54,0,1,Summer
SKU00020,2025-06-08,111,432626.93999999994,2,3897.54,0,1,Summer
SKU00020,2025-06-15,89,346881.06,2,3897.54,0,1,Summer
SKU00020,2025-06-22,116,452114.63999999996,2,3897.54,0,1,Summer
SKU00020,2025-06-29,104,405344.16000000003,2,3897.54,0,1,Summer
SKU00020,2025-07-06,104,405344.16000000003,0,3897.54,0,0,Summer
SKU00020,2025-07-13,89,346881.06,0,3897.54,0,0,Monsoon
SKU00020,2025-07-20,97,378061.38,0,3897.54,0,0,Monsoon
SKU00020,2025-07-27,96,374163.83999999997,0,3897.54,0,0,Monsoon
SKU00020,2025-08-03,69,268930.26,0,3897.54,0,0,Monsoon
SKU00020,2025-08-10,94,366368.76,0,3897.54,0,0,Monsoon
SKU00020,2025-08-17,87,339085.98,0,3897.54,1,0,Monsoon
SKU00020,2025-08-24,99,385856.46,0,3897.54,0,0,Monsoon
SKU00020,2025-08-31,74,288417.96,0,3897.54,0,0,Monsoon
SKU00020,2025-09-07,97,378061.38,2,3897.54,0,1,Monsoon
SKU00020,2025-09-14,91,354676.14,2,3897.54,0,1,Monsoon
SKU00020,2025-09-21,79,307905.66000000003,2,3897.54,0,1,Monsoon
SKU00020,2025-09-28,86,335188.44,2,3897.54,0,1,Monsoon
SKU00020,2025-10-05,75,292315.5,0,3897.54,0,0,Monsoon
SKU00020,2025-10-12,107,417036.78,0,3897.54,0,0,Autumn
SKU00020,2025-10-19,74,288417.96,0,3897.54,0,0,Autumn
SKU00020,2025-10-26,88,342983.52,0,3897.54,1,0,Autumn
SKU00020,2025-11-02,101,393651.54,2,3897.54,0,1,Autumn
SKU00020,2025-11-09,78,304008.12,2,3897.54,0,1,Autumn
SKU00020,2025-11-16,92,358573.68,2,3897.54,0,1,Autumn
SKU00020,2025-11-23,81,315700.74,2,3897.54,0,1,Autumn
SKU00020,2025-11-30,97,378061.38,2,3897.54,0,1,Autumn
SKU00020,2025-12-07,85,331290.9,0,3897.54,0,0,Winter
SKU00020,2025-12-14,82,319598.27999999997,0,3897.54,0,0,Winter
SKU00020,2025-12-21,74,288417.95999999996,0,3897.54,0,0,Winter
SKU00020,2025-12-28,99,385856.46,0,3897.54,1,0,Winter
SKU00020,2026-01-04,43,167594.22,0,3897.5399999999995,0,0,Winter
SKU00021,2024-01-07,50,385564.0,0,7711.28,0,0,Winter
SKU00021,2024-01-14,65,501233.2,0,7711.28,0,0,Winter
SKU00021,2024-01-21,51,393275.28,0,7711.28,0,0,Winter
SKU00021,2024-01-28,50,385564.0,0,7711.28,1,0,Winter
SKU00021,2024-02-04,71,547500.88,0,7711.28,0,0,Winter
SKU00021,2024-02-11,54,416409.12,0,7711.28,0,0,Winter
SKU00021,2024-02-18,67,516655.76,0,7711.28,0,0,Winter
SKU00021,2024-02-25,71,547500.88,0,7711.28,0,0,Winter
SKU00021,2024-03-03,68,524367.04,2,7711.28,0,1,Winter
SKU00021,2024-03-10,79,609191.12,2,7711.28,0,1,Spring
SKU00021,2024-03-17,77,593768.56,2,7711.28,0,1,Spring
SKU00021,2024-03-24,59,454965.52,2,7711.28,0,1,Spring
SKU00021,2024-03-31,65,501233.2,2,7711.28,0,1,Spring
SKU00021,2024-04-07,54,416409.12,0,7711.28,0,0,Spring
SKU00021,2024-04-14,62,478099.36,0,7711.28,0,0,Spring
SKU00021,2024-04-21,80,616902.4,0,7711.28,0,0,Spring
SKU00021,2024-04-28,74,570634.72,0,7711.28,0,0,Spring
SKU00021,2024-05-05,79,609191.12,0,7711.28,0,0,Spring
SKU00021,2024-05-12,67,516655.76,0,7711.28,0,0,Summer
SKU00021,2024-05-19,70,539789.6,0,7711.28,0,0,Summer
SKU00021,2024-05-26,61,470388.08,0,7711.28,0,0,Summer
SKU00021,2024-06-02,73,562923.4400000001,2,7711.28,0,1,Summer
SKU00021,2024-06-09,59,454965.52,2,7711.28,0,1,Summer
SKU00021,2024-06-16,76,586057.28,2,7711.28,0,1,Summer
SKU00021,2024-06-23,56,431831.68,2,7711.28,0,1,Summer
SKU00021,2024-06-30,56,431831.68,2,7711.28,0,1,Summer
SKU00021,2024-07-07,60,462676.8,0,7711.28,0,0,Monsoon
SKU00021,2024-07-14,53,408697.84,0,7711.28,0,0,Monsoon
SKU00021,2024-07-21,63,485810.64,0,7711.28,0,0,Monsoon
SKU00021,2024-07-28,55,424120.4,0,7711.28,0,0,Monsoon
SKU00021,2024-08-04,55,424120.4,0,7711.28,0,0,Monsoon
SKU00021,2024-08-11,52,400986.56,0,7711.28,0,0,Monsoon
SKU00021,2024-08-18,68,524367.04,0,7711.28,1,0,Monsoon
SKU00021,2024-08-25,59,454965.52,0,7711.28,0,0,Monsoon
SKU00021,2024-09-01,53,408697.83999999997,1,7711.28,0,1,Monsoon
SKU00021,2024-09-08,52,400986.56,2,7711.28,0,1,Monsoon
SKU00021,2024-09-15,55,424120.4,2,7711.28,0,1,Monsoon
SKU00021,2024-09-22,48,370141.44,2,7711.28,0,1,Monsoon
SKU00021,2024-09-29,61,470388.08,2,7711.28,0,1,Monsoon
SKU00021,2024-10-06,50,385564.0,0,7711.28,0,0,Monsoon
SKU00021,2024-10-13,39,300739.92,0,7711.28,0,0,Autumn
SKU00021,2024-10-20,43,331585.04,0,7711.28,0,0,Autumn
SKU00021,2024-10-27,55,424120.4,0,7711.28,0,0,Autumn
SKU00021,2024-11-03,58,447254.24,2,7711.28,1,1,Autumn
SKU00021,2024-11-10,58,447254.24,2,7711.28,0,1,Autumn
SKU00021,2024-11-17,63,485810.64,2,7711.28,0,1,Autumn
SKU00021,2024-11-24,54,416409.12,2,7711.28,0,1,Autumn
SKU00021,2024-12-01,37,285317.36,1,7711.28,0,1,Autumn
SKU00021,2024-12-08,55,424120.4,0,7711.28,0,0,Winter
SKU00021,2024-12-15,63,485810.64,0,7711.28,0,0,Winter
SKU00021,2024-12-22,50,385564.0,0,7711.28,0,0,Winter
SKU00021,2024-12-29,54,416409.12,0,7711.28,1,0,Winter
SKU00021,2025-01-05,48,370141.44,0,7711.28,0,0,Winter
SKU00021,2025-01-12,63,485810.64,0,7711.28,0,0,Winter
SKU00021,2025-01-19,60,462676.80000000005,0,7711.28,0,0,Winter
SKU00021,2025-01-26,57,439542.96,0,7711.28,1,0,Winter
SKU00021,2025-02-02,73,562923.4400000001,0,7711.28,0,0,Winter
SKU00021,2025-02-09,63,485810.64,0,7711.28,0,0,Winter
SKU00021,2025-02-16,73,562923.4400000001,0,7711.28,0,0,Winter
SKU00021,2025-02-23,63,485810.64,0,7711.28,0,0,Winter
SKU00021,2025-03-02,78,601479.84,2,7711.28,0,1,Winter
SKU00021,2025-03-09,59,454965.52,2,7711.28,0,1,Spring
SKU00021,2025-03-16,64,493521.92,2,7711.28,0,1,Spring
SKU00021,2025-03-23,75,578346.0,2,7711.28,0,1,Spring
SKU00021,2025-03-30,76,586057.28,2,7711.28,0,1,Spring
SKU00021,2025-04-06,68,524367.04,0,7711.28,0,0,Spring
SKU00021,2025-04-13,50,385564.0,0,7711.28,0,0,Spring
SKU00021,2025-04-20,66,508944.48,0,7711.28,0,0,Spring
SKU00021,2025-04-27,61,470388.08,0,7711.28,0,0,Spring
SKU00021,2025-05-04,66,508944.48,0,7711.28,0,0,Spring
SKU00021,2025-05-11,79,609191.12,0,7711.28,0,0,Summer
SKU00021,2025-05-18,72,555212.16,0,7711.28,0,0,Summer
SKU00021,2025-05-25,70,539789.6,0,7711.28,0,0,Summer
SKU00021,2025-06-01,71,547500.88,1,7711.28,0,1,Summer
SKU00021,2025-06-08,77,593768.5599999999,2,7711.28,0,1,Summer
SKU00021,2025-06-15,79,609191.12,2,7711.28,0,1,Summer
SKU00021,2025-06-22,67,516655.76,2,7711.28,0,1,Summer
SKU00021,2025-06-29,69,532078.32,2,7711.28,0,1,Summer
SKU00021,2025-07-06,57,439542.96,0,7711.28,0,0,Summer
SKU00021,2025-07-13,68,524367.04,0,7711.28,0,0,Monsoon
SKU00021,2025-07-20,58,447254.24,0,7711.28,0,0,Monsoon
SKU00021,2025-07-27,62,478099.36,0,7711.28,0,0,Monsoon
SKU00021,2025-08-03,54,416409.12,0,7711.28,0,0,Monsoon
SKU00021,2025-08-10,60,462676.8,0,7711.28,0,0,Monsoon
SKU00021,2025-08-17,54,416409.12,0,7711.28,1,0,Monsoon
SKU00021,2025-08-24,60,462676.8,0,7711.28,0,0,Monsoon
SKU00021,2025-08-31,43,331585.04,0,7711.28,0,0,Monsoon
SKU00021,2025-09-07,47,362430.16000000003,2,7711.28,0,1,Monsoon
SKU00021,2025-09-14,55,424120.4,2,7711.28,0,1,Monsoon
SKU00021,2025-09-21,55,424120.4,2,7711.28,0,1,Monsoon
SKU00021,2025-09-28,53,408697.83999999997,2,7711.28,0,1,Monsoon
SKU00021,2025-10-05,35,269894.8,0,7711.28,0,0,Monsoon
SKU00021,2025-10-12,48,370141.44,0,7711.28,0,0,Autumn
SKU00021,2025-10-19,65,501233.2,0,7711.28,0,0,Autumn
SKU00021,2025-10-26,44,339296.32,0,7711.28,1,0,Autumn
SKU00021,2025-11-02,58,447254.24,2,7711.28,0,1,Autumn
SKU00021,2025-11-09,46,354718.88,2,7711.28,0,1,Autumn
SKU00021,2025-11-16,45,347007.60000000003,2,7711.28,0,1,Autumn
SKU00021,2025-11-23,43,331585.04,2,7711.28,0,1,Autumn
SKU00021,2025-11-30,47,362430.16000000003,2,7711.28,0,1,Autumn
SKU00021,2025-12-07,52,400986.56,0,7711.28,0,0,Winter
SKU00021,2025-12-14,59,454965.52,0,7711.28,0,0,Winter
SKU00021,2025-12-21,47,362430.16000000003,0,7711.28,0,0,Winter
SKU00021,2025-12-28,50,385564.0,0,7711.28,1,0,Winter
SKU00021,2026-01-04,19,146514.32,0,7711.28,0,0,Winter
SKU00022,2024-01-07,64,294209.92,0,4597.03,0,0,Winter
SKU00022,2024-01-14,72,330986.16000000003,0,4597.03,0,0,Winter
SKU00022,2024-01-21,74,340180.22,0,4597.03,0,0,Winter
SKU00022,2024-01-28,74,340180.22,0,4597.03,1,0,Winter
SKU00022,2024-02-04,57,262030.71,0,4597.03,0,0,Winter
SKU00022,2024-02-11,87,399941.61,0,4597.03,0,0,Winter
SKU00022,2024-02-18,80,367762.4,0,4597.03,0,0,Winter
SKU00022,2024-02-25,69,317195.07,0,4597.03,0,0,Winter
SKU00022,2024-03-03,96,441314.88,2,4597.03,0,1,Winter
SKU00022,2024-03-10,73,335583.19,2,4597.03,0,1,Spring
SKU00022,2024-03-17,97,445911.91,2,4597.03,0,1,Spring
SKU00022,2024-03-24,75,344777.25,2,4597.03,0,1,Spring
SKU00022,2024-03-31,93,427523.79,2,4597.03,0,1,Spring
SKU00022,2024-04-07,82,376956.46,0,4597.03,0,0,Spring
SKU00022,2024-04-14,100,459703.0,0,4597.03,0,0,Spring
SKU00022,2024-04-21,73,335583.19,0,4597.03,0,0,Spring
SKU00022,2024-04-28,96,441314.88,0,4597.03,0,0,Spring
SKU00022,2024-05-05,87,399941.61,0,4597.03,0,0,Spring
SKU00022,2024-05-12,83,381553.49,0,4597.03,0,0,Summer
SKU00022,2024-05-19,84,386150.51999999996,0,4597.03,0,0,Summer
SKU00022,2024-05-26,82,376956.46,0,4597.03,0,0,Summer
SKU00022,2024-06-02,78,358568.33999999997,2,4597.03,0,1,Summer
SKU00022,2024-06-09,63,289612.89,2,4597.03,0,1,Summer
SKU00022,2024-06-16,91,418329.73,2,4597.03,0,1,Summer
SKU00022,2024-06-23,94,432120.81999999995,2,4597.03,0,1,Summer
SKU00022,2024-06-30,76,349374.28,2,4597.03,0,1,Summer
SKU00022,2024-07-07,58,266627.74,0,4597.03,0,0,Monsoon
SKU00022,2024-07-14,74,340180.22,0,4597.03,0,0,Monsoon
SKU00022,2024-07-21,68,312598.04,0,4597.03,0,0,Monsoon
SKU00022,2024-07-28,70,321792.1,0,4597.03,0,0,Monsoon
SKU00022,2024-08-04,59,271224.77,0,4597.03,0,0,Monsoon
SKU00022,2024-08-11,64,294209.92,0,4597.03,0,0,Monsoon
SKU00022,2024-08-18,56,257433.68,0,4597.03,1,0,Monsoon
SKU00022,2024-08-25,68,312598.04,0,4597.03,0,0,Monsoon
SKU00022,2024-09-01,66,303403.98,1,4597.03,0,1,Monsoon
SKU00022,2024-09-08,64,294209.92,2,4597.03,0,1,Monsoon
SKU00022,2024-09-15,59,271224.77,2,4597.03,0,1,Monsoon
SKU00022,2024-09-22,66,303403.98,2,4597.03,0,1,Monsoon
SKU00022,2024-09-29,72,330986.16,2,4597.03,0,1,Monsoon
SKU00022,2024-10-06,53,243642.59,0,4597.03,0,0,Monsoon
SKU00022,2024-10-13,55,252836.65,0,4597.03,0,0,Autumn
SKU00022,2024-10-20,52,239045.56,0,4597.03,0,0,Autumn
SKU00022,2024-10-27,47,216060.41,0,4597.03,0,0,Autumn
SKU00022,2024-11-03,56,257433.68,2,4597.03,1,1,Autumn
SKU00022,2024-11-10,54,248239.62,2,4597.03,0,1,Autumn
SKU00022,2024-11-17,69,317195.07,2,4597.03,0,1,Autumn
SKU00022,2024-11-24,64,294209.92,2,4597.03,0,1,Autumn
SKU00022,2024-12-01,61,280418.83,1,4597.03,0,1,Autumn
SKU00022,2024-12-08,62,285015.86,0,4597.03,0,0,Winter
SKU00022,2024-12-15,70,321792.1,0,4597.03,0,0,Winter
SKU00022,2024-12-22,46,211463.38,0,4597.03,0,0,Winter
SKU00022,2024-12-29,59,271224.77,0,4597.03,1,0,Winter
SKU00022,2025-01-05,77,353971.31,0,4597.03,0,0,Winter
SKU00022,2025-01-12,77,353971.31,0,4597.03,0,0,Winter
SKU00022,2025-01-19,69,317195.07,0,4597.03,0,0,Winter
SKU00022,2025-01-26,79,363165.37,0,4597.03,1,0,Winter
SKU00022,2025-02-02,75,344777.25,0,4597.03,0,0,Winter
SKU00022,2025-02-09,75,344777.25,0,4597.03,0,0,Winter
SKU00022,2025-02-16,86,395344.57999999996,0,4597.03,0,0,Winter
SKU00022,2025-02-23,88,404538.64,0,4597.03,0,0,Winter
SKU00022,2025-03-02,76,349374.27999999997,2,4597.03,0,1,Winter
SKU00022,2025-03-09,78,358568.34,2,4597.03,0,1,Spring
SKU00022,2025-03-16,82,376956.45999999996,2,4597.03,0,1,Spring
SKU00022,2025-03-23,84,386150.52,2,4597.03,0,1,Spring
SKU00022,2025-03-30,87,399941.61,2,4597.03,0,1,Spring
SKU00022,2025-04-06,61,280418.83,0,4597.03,0,0,Spring
SKU00022,2025-04-13,67,308001.01,0,4597.03,0,0,Spring
SKU00022,2025-04-20,77,353971.31,0,4597.03,0,0,Spring
SKU00022,2025-04-27,81,372359.43,0,4597.03,0,0,Spring
SKU00022,2025-05-04,85,390747.55,0,4597.03,0,0,Spring
SKU00022,2025-05-11,69,317195.07,0,4597.03,0,0,Summer
SKU00022,2025-05-18,80,367762.39999999997,0,4597.03,0,0,Summer
SKU00022,2025-05-25,93,427523.79,0,4597.03,0,0,Summer
SKU00022,2025-06-01,90,413732.69999999995,1,4597.03,0,1,Summer
SKU00022,2025-06-08,89,409135.67,2,4597.03,0,1,Summer
SKU00022,2025-06-15,90,413732.7,2,4597.03,0,1,Summer
SKU00022,2025-06-22,86,395344.57999999996,2,4597.03,0,1,Summer
SKU00022,2025-06-29,83,381553.49,2,4597.03,0,1,Summer
SKU00022,2025-07-06,70,321792.1,0,4597.03,0,0,Summer
SKU00022,2025-07-13,58,266627.74,0,4597.03,0,0,Monsoon
SKU00022,2025-07-20,82,376956.46,0,4597.03,0,0,Monsoon
SKU00022,2025-07-27,64,294209.92,0,4597.03,0,0,Monsoon
SKU00022,2025-08-03,70,321792.1,0,4597.03,0,0,Monsoon
SKU00022,2025-08-10,64,294209.92,0,4597.03,0,0,Monsoon
SKU00022,2025-08-17,64,294209.92,0,4597.03,1,0,Monsoon
SKU00022,2025-08-24,69,317195.07,0,4597.03,0,0,Monsoon
SKU00022,2025-08-31,49,225254.47,0,4597.03,0,0,Monsoon
SKU00022,2025-09-07,55,252836.65,2,4597.03,0,1,Monsoon
SKU00022,2025-09-14,67,308001.01,2,4597.03,0,1,Monsoon
SKU00022,2025-09-21,60,275821.8,2,4597.03,0,1,Monsoon
SKU00022,2025-09-28,61,280418.83,2,4597.03,0,1,Monsoon
SKU00022,2025-10-05,50,229851.5,0,4597.03,0,0,Monsoon
SKU00022,2025-10-12,54,248239.62,0,4597.03,0,0,Autumn
SKU00022,2025-10-19,58,266627.74,0,4597.03,0,0,Autumn
SKU00022,2025-10-26,51,234448.53,0,4597.03,1,0,Autumn
SKU00022,2025-11-02,62,285015.86,2,4597.03,0,1,Autumn
SKU00022,2025-11-09,44,202269.32,2,4597.03,0,1,Autumn
SKU00022,2025-11-16,78,358568.33999999997,2,4597.03,0,1,Autumn
SKU00022,2025-11-23,53,243642.59,2,4597.03,0,1,Autumn
SKU00022,2025-11-30,69,317195.07,2,4597.03,0,1,Autumn
SKU00022,2025-12-07,70,321792.1,0,4597.03,0,0,Winter
SKU00022,2025-12-14,60,275821.8,0,4597.03,0,0,Winter
SKU00022,2025-12-21,62,285015.86,0,4597.03,0,0,Winter
SKU00022,2025-12-28,84,386150.52,0,4597.03,1,0,Winter
SKU00022,2026-01-04,17,78149.51,0,4597.03,0,0,Winter
SKU00023,2024-01-07,100,141674.0,0,1416.74,0,0,Winter
SKU00023,2024-01-14,83,117589.42,0,1416.74,0,0,Winter
SKU00023,2024-01-21,97,137423.78,0,1416.74,0,0,Winter
SKU00023,2024-01-28,100,141674.0,0,1416.74,1,0,Winter
SKU00023,2024-02-04,126,178509.24,0,1416.74,0,0,Winter
SKU00023,2024-02-11,126,178509.24,0,1416.74,0,0,Winter
SKU00023,2024-02-18,109,154424.66,0,1416.74,0,0,Winter
SKU00023,2024-02-25,99,140257.26,0,1416.74,0,0,Winter
SKU00023,2024-03-03,114,161508.36,2,1416.74,0,1,Winter
SKU00023,2024-03-10,136,192676.64,2,1416.74,0,1,Spring
SKU00023,2024-03-17,137,194093.38,2,1416.74,0,1,Spring
SKU00023,2024-03-24,99,140257.26,2,1416.74,0,1,Spring
SKU00023,2024-03-31,117,165758.58000000002,2,1416.74,0,1,Spring
SKU00023,2024-04-07,122,172842.28,0,1416.74,0,0,Spring
SKU00023,2024-04-14,132,187009.68,0,1416.74,0,0,Spring
SKU00023,2024-04-21,118,167175.32,0,1416.74,0,0,Spring
SKU00023,2024-04-28,102,144507.47999999998,0,1416.74,0,0,Spring
SKU00023,2024-05-05,102,144507.48,0,1416.74,0,0,Spring
SKU00023,2024-05-12,120,170008.8,0,1416.74,0,0,Summer
SKU00023,2024-05-19,129,182759.46,0,1416.74,0,0,Summer
SKU00023,2024-05-26,101,143090.74,0,1416.74,0,0,Summer
SKU00023,2024-06-02,123,174259.02000000002,2,1416.74,0,1,Summer
SKU00023,2024-06-09,116,164341.84000000003,2,1416.74,0,1,Summer
SKU00023,2024-06-16,114,161508.36,2,1416.74,0,1,Summer
SKU00023,2024-06-23,124,175675.76,2,1416.74,0,1,Summer
SKU00023,2024-06-30,118,167175.32,2,1416.74,0,1,Summer
SKU00023,2024-07-07,109,154424.66,0,1416.74,0,0,Monsoon
SKU00023,2024-07-14,88,124673.12,0,1416.74,0,0,Monsoon
SKU00023,2024-07-21,102,144507.48,0,1416.74,0,0,Monsoon
SKU00023,2024-07-28,109,154424.66,0,1416.74,0,0,Monsoon
SKU00023,2024-08-04,105,148757.7,0,1416.74,0,0,Monsoon
SKU00023,2024-08-11,105,148757.7,0,1416.74,0,0,Monsoon
SKU00023,2024-08-18,82,116172.68,0,1416.74,1,0,Monsoon
SKU00023,2024-08-25,99,140257.26,0,1416.74,0,0,Monsoon
SKU00023,2024-09-01,85,120422.9,1,1416.74,0,1,Monsoon
SKU00023,2024-09-08,88,124673.12,2,1416.74,0,1,Monsoon
SKU00023,2024-09-15,87,123256.38,2,1416.74,0,1,Monsoon
SKU00023,2024-09-22,85,120422.9,2,1416.74,0,1,Monsoon
SKU00023,2024-09-29,89,126089.86,2,1416.74,0,1,Monsoon
SKU00023,2024-10-06,76,107672.24,0,1416.74,0,0,Monsoon
SKU00023,2024-10-13,67,94921.58,0,1416.74,0,0,Autumn
SKU00023,2024-10-20,74,104838.76000000001,0,1416.74,0,0,Autumn
SKU00023,2024-10-27,84,119006.16,0,1416.74,0,0,Autumn
SKU00023,2024-11-03,86,121839.64,2,1416.74,1,1,Autumn
SKU00023,2024-11-10,85,120422.9,2,1416.74,0,1,Autumn
SKU00023,2024-11-17,94,133173.56,2,1416.74,0,1,Autumn
SKU00023,2024-11-24,98,138840.52,2,1416.74,0,1,Autumn
SKU00023,2024-12-01,111,157258.14,1,1416.74,0,1,Autumn
SKU00023,2024-12-08,104,147340.96,0,1416.74,0,0,Winter
SKU00023,2024-12-15,80,113339.2,0,1416.74,0,0,Winter
SKU00023,2024-12-22,90,127506.6,0,1416.74,0,0,Winter
SKU00023,2024-12-29,99,140257.26,0,1416.74,1,0,Winter
SKU00023,2025-01-05,117,165758.58000000002,0,1416.74,0,0,Winter
SKU00023,2025-01-12,114,161508.36,0,1416.74,0,0,Winter
SKU00023,2025-01-19,92,130340.08,0,1416.74,0,0,Winter
SKU00023,2025-01-26,83,117589.42,0,1416.74,1,0,Winter
SKU00023,2025-02-02,106,150174.44,0,1416.74,0,0,Winter
SKU00023,2025-02-09,98,138840.52,0,1416.74,0,0,Winter
SKU00023,2025-02-16,113,160091.62,0,1416.74,0,0,Winter
SKU00023,2025-02-23,115,162925.1,0,1416.74,0,0,Winter
SKU00023,2025-03-02,119,168592.06,2,1416.74,0,1,Winter
SKU00023,2025-03-09,125,177092.5,2,1416.74,0,1,Spring
SKU00023,2025-03-16,131,185592.94,2,1416.74,0,1,Spring
SKU00023,2025-03-23,127,179925.98,2,1416.74,0,1,Spring
SKU00023,2025-03-30,141,199760.34,2,1416.74,0,1,Spring
SKU00023,2025-04-06,121,171425.54,0,1416.74,0,0,Spring
SKU00023,2025-04-13,127,179925.98,0,1416.74,0,0,Spring
SKU00023,2025-04-20,120,170008.8,0,1416.74,0,0,Spring
SKU00023,2025-04-27,128,181342.72,0,1416.74,0,0,Spring
SKU00023,2025-05-04,107,151591.18,0,1416.74,0,0,Spring
SKU00023,2025-05-11,133,188426.41999999998,0,1416.74,0,0,Summer
SKU00023,2025-05-18,111,157258.14,0,1416.74,0,0,Summer
SKU00023,2025-05-25,118,167175.32,0,1416.74,0,0,Summer
SKU00023,2025-06-01,112,158674.88,1,1416.74,0,1,Summer
SKU00023,2025-06-08,122,172842.28,2,1416.74,0,1,Summer
SKU00023,2025-06-15,117,165758.58,2,1416.74,0,1,Summer
SKU00023,2025-06-22,133,188426.41999999998,2,1416.74,0,1,Summer
SKU00023,2025-06-29,130,184176.2,2,1416.74,0,1,Summer
SKU00023,2025-07-06,105,148757.7,0,1416.74,0,0,Summer
SKU00023,2025-07-13,100,141674.0,0,1416.74,0,0,Monsoon
SKU00023,2025-07-20,91,128923.34,0,1416.74,0,0,Monsoon
SKU00023,2025-07-27,107,151591.18,0,1416.74,0,0,Monsoon
SKU00023,2025-08-03,102,144507.48,0,1416.74,0,0,Monsoon
SKU00023,2025-08-10,107,151591.18,0,1416.74,0,0,Monsoon
SKU00023,2025-08-17,102,144507.48,0,1416.74,1,0,Monsoon
SKU00023,2025-08-24,95,134590.3,0,1416.74,0,0,Monsoon
SKU00023,2025-08-31,82,116172.68,0,1416.74,0,0,Monsoon
SKU00023,2025-09-07,76,107672.23999999999,2,1416.74,0,1,Monsoon
SKU00023,2025-09-14,53,75087.22,2,1416.74,0,1,Monsoon
SKU00023,2025-09-21,111,157258.14,2,1416.74,0,1,Monsoon
SKU00023,2025-09-28,90,127506.6,2,1416.74,0,1,Monsoon
SKU00023,2025-10-05,89,126089.86,0,1416.74,0,0,Monsoon
SKU00023,2025-10-12,80,113339.2,0,1416.74,0,0,Autumn
SKU00023,2025-10-19,74,104838.76,0,1416.74,0,0,Autumn
SKU00023,2025-10-26,91,128923.34,0,1416.74,1,0,Autumn
SKU00023,2025-11-02,84,119006.16,2,1416.74,0,1,Autumn
SKU00023,2025-11-09,91,128923.34,2,1416.74,0,1,Autumn
SKU00023,2025-11-16,88,124673.12,2,1416.74,0,1,Autumn
SKU00023,2025-11-23,88,124673.12,2,1416.74,0,1,Autumn
SKU00023,2025-11-30,90,127506.6,2,1416.74,0,1,Autumn
SKU00023,2025-12-07,97,137423.78,0,1416.74,0,0,Winter
SKU00023,2025-12-14,98,138840.52,0,1416.74,0,0,Winter
SKU00023,2025-12-21,96,136007.04,0,1416.74,0,0,Winter
SKU00023,2025-12-28,99,140257.26,0,1416.74,1,0,Winter
SKU00023,2026-01-04,39,55252.86,0,1416.74,0,0,Winter
SKU00024,2024-01-07,93,164504.91,0,1768.8700000000001,0,0,Winter
SKU00024,2024-01-14,81,143278.47,0,1768.8700000000001,0,0,Winter
SKU00024,2024-01-21,95,168042.65,0,1768.8700000000001,0,0,Winter
SKU00024,2024-01-28,87,153891.69,0,1768.8700000000001,1,0,Winter
SKU00024,2024-02-04,100,176887.0,0,1768.8700000000001,0,0,Winter
SKU00024,2024-02-11,106,187500.22,0,1768.8700000000001,0,0,Winter
SKU00024,2024-02-18,84,148585.08,0,1768.8700000000001,0,0,Winter
SKU00024,2024-02-25,90,159198.3,0,1768.8700000000001,0,0,Winter
SKU00024,2024-03-03,114,201651.18,2,1768.8700000000001,0,1,Winter
SKU00024,2024-03-10,115,203420.05,2,1768.8700000000001,0,1,Spring
SKU00024,2024-03-17,118,208726.66,2,1768.8700000000001,0,1,Spring
SKU00024,2024-03-24,111,196344.57,2,1768.8700000000001,0,1,Spring
SKU00024,2024-03-31,117,206957.79,2,1768.8700000000001,0,1,Spring
SKU00024,2024-04-07,95,168042.65,0,1768.8700000000001,0,0,Spring
SKU00024,2024-04-14,103,182193.61,0,1768.8700000000001,0,0,Spring
SKU00024,2024-04-21,113,199882.31,0,1768.8700000000001,0,0,Spring
SKU00024,2024-04-28,106,187500.22,0,1768.8700000000001,0,0,Spring
SKU00024,2024-05-05,103,182193.61,0,1768.8700000000001,0,0,Spring
SKU00024,2024-05-12,108,191037.96,0,1768.8700000000001,0,0,Summer
SKU00024,2024-05-19,109,192806.83,0,1768.8700000000001,0,0,Summer
SKU00024,2024-05-26,104,183962.48,0,1768.8700000000001,0,0,Summer
SKU00024,2024-06-02,118,208726.66,2,1768.8700000000001,0,1,Summer
SKU00024,2024-06-09,97,171580.39,2,1768.8700000000001,0,1,Summer
SKU00024,2024-06-16,95,168042.65,2,1768.8700000000001,0,1,Summer
SKU00024,2024-06-23,114,201651.18,2,1768.8700000000001,0,1,Summer
SKU00024,2024-06-30,105,185731.35,2,1768.8700000000001,0,1,Summer
SKU00024,2024-07-07,100,176887.0,0,1768.8700000000001,0,0,Monsoon
SKU00024,2024-07-14,83,146816.21,0,1768.8700000000001,0,0,Monsoon
SKU00024,2024-07-21,92,162736.04,0,1768.8700000000001,0,0,Monsoon
SKU00024,2024-07-28,92,162736.04,0,1768.8700000000001,0,0,Monsoon
SKU00024,2024-08-04,88,155660.56,0,1768.8700000000001,0,0,Monsoon
SKU00024,2024-08-11,83,146816.21,0,1768.8700000000001,0,0,Monsoon
SKU00024,2024-08-18,86,152122.82,0,1768.8700000000001,1,0,Monsoon
SKU00024,2024-08-25,100,176887.0,0,1768.8700000000001,0,0,Monsoon
SKU00024,2024-09-01,88,155660.56,1,1768.8700000000001,0,1,Monsoon
SKU00024,2024-09-08,84,148585.08,2,1768.8700000000001,0,1,Monsoon
SKU00024,2024-09-15,83,146816.21,2,1768.8700000000001,0,1,Monsoon
SKU00024,2024-09-22,72,127358.64,2,1768.8700000000001,0,1,Monsoon
SKU00024,2024-09-29,85,150353.95,2,1768.8700000000001,0,1,Monsoon
SKU00024,2024-10-06,83,146816.21,0,1768.8700000000001,0,0,Monsoon
SKU00024,2024-10-13,66,116745.42,0,1768.8700000000001,0,0,Autumn
SKU00024,2024-10-20,72,127358.64,0,1768.8700000000001,0,0,Autumn
SKU00024,2024-10-27,62,109669.94,0,1768.8700000000001,0,0,Autumn
SKU00024,2024-11-03,86,152122.82,2,1768.8700000000001,1,1,Autumn
SKU00024,2024-11-10,78,137971.86,2,1768.8700000000001,0,1,Autumn
SKU00024,2024-11-17,72,127358.64,2,1768.8700000000001,0,1,Autumn
SKU00024,2024-11-24,74,130896.38,2,1768.8700000000001,0,1,Autumn
SKU00024,2024-12-01,65,114976.55,1,1768.8700000000001,0,1,Autumn
SKU00024,2024-12-08,76,134434.12,0,1768.8700000000001,0,0,Winter
SKU00024,2024-12-15,101,178655.87,0,1768.8700000000001,0,0,Winter
SKU00024,2024-12-22,75,132665.25,0,1768.8700000000001,0,0,Winter
SKU00024,2024-12-29,71,125589.77,0,1768.8700000000001,1,0,Winter
SKU00024,2025-01-05,101,178655.87,0,1768.8700000000001,0,0,Winter
SKU00024,2025-01-12,77,136202.99,0,1768.8700000000001,0,0,Winter
SKU00024,2025-01-19,73,129127.51000000001,0,1768.8700000000001,0,0,Winter
SKU00024,2025-01-26,80,141509.6,0,1768.8700000000001,1,0,Winter
SKU00024,2025-02-02,88,155660.56,0,1768.8700000000001,0,0,Winter
SKU00024,2025-02-09,84,148585.08000000002,0,1768.8700000000001,0,0,Winter
SKU00024,2025-02-16,95,168042.65,0,1768.8700000000001,0,0,Winter
SKU00024,2025-02-23,91,160967.16999999998,0,1768.8700000000001,0,0,Winter
SKU00024,2025-03-02,116,205188.91999999998,2,1768.8700000000001,0,1,Winter
SKU00024,2025-03-09,104,183962.48,2,1768.8700000000001,0,1,Spring
SKU00024,2025-03-16,117,206957.78999999998,2,1768.8700000000001,0,1,Spring
SKU00024,2025-03-23,141,249410.66999999998,2,1768.8700000000001,0,1,Spring
SKU00024,2025-03-30,119,210495.53,2,1768.8700000000001,0,1,Spring
SKU00024,2025-04-06,116,205188.91999999998,0,1768.8700000000001,0,0,Spring
SKU00024,2025-04-13,90,159198.30000000002,0,1768.8700000000001,0,0,Spring
SKU00024,2025-04-20,110,194575.7,0,1768.8700000000001,0,0,Spring
SKU00024,2025-04-27,105,185731.35,0,1768.8700000000001,0,0,Spring
SKU00024,2025-05-04,108,191037.96000000002,0,1768.8700000000001,0,0,Spring
SKU00024,2025-05-11,121,214033.27000000002,0,1768.8700000000001,0,0,Summer
SKU00024,2025-05-18,88,155660.56,0,1768.8700000000001,0,0,Summer
SKU00024,2025-05-25,91,160967.16999999998,0,1768.8700000000001,0,0,Summer
SKU00024,2025-06-01,97,171580.39,1,1768.8700000000001,0,1,Summer
SKU00024,2025-06-08,94,166273.78,2,1768.8700000000001,0,1,Summer
SKU00024,2025-06-15,105,185731.35,2,1768.8700000000001,0,1,Summer
SKU00024,2025-06-22,101,178655.87,2,1768.8700000000001,0,1,Summer
SKU00024,2025-06-29,107,189269.09,2,1768.8700000000001,0,1,Summer
SKU00024,2025-07-06,94,166273.78,0,1768.8700000000001,0,0,Summer
SKU00024,2025-07-13,79,139740.73,0,1768.8700000000001,0,0,Monsoon
SKU00024,2025-07-20,70,123820.9,0,1768.8700000000001,0,0,Monsoon
SKU00024,2025-07-27,73,129127.51,0,1768.8700000000001,0,0,Monsoon
SKU00024,2025-08-03,104,183962.48,0,1768.8700000000001,0,0,Monsoon
SKU00024,2025-08-10,84,148585.08,0,1768.8700000000001,0,0,Monsoon
SKU00024,2025-08-17,83,146816.21,0,1768.8700000000001,1,0,Monsoon
SKU00024,2025-08-24,69,122052.03,0,1768.8700000000001,0,0,Monsoon
SKU00024,2025-08-31,93,164504.91,0,1768.8700000000001,0,0,Monsoon
SKU00024,2025-09-07,104,183962.48,2,1768.8700000000001,0,1,Monsoon
SKU00024,2025-09-14,79,139740.72999999998,2,1768.8700000000001,0,1,Monsoon
SKU00024,2025-09-21,84,148585.08000000002,2,1768.8700000000001,0,1,Monsoon
SKU00024,2025-09-28,80,141509.6,2,1768.8700000000001,0,1,Monsoon
SKU00024,2025-10-05,69,122052.03,0,1768.8700000000001,0,0,Monsoon
SKU00024,2025-10-12,65,114976.55,0,1768.8700000000001,0,0,Autumn
SKU00024,2025-10-19,75,132665.25,0,1768.8700000000001,0,0,Autumn
SKU00024,2025-10-26,82,145047.34,0,1768.8700000000001,1,0,Autumn
SKU00024,2025-11-02,83,146816.21,2,1768.8700000000001,0,1,Autumn
SKU00024,2025-11-09,82,145047.34,2,1768.8700000000001,0,1,Autumn
SKU00024,2025-11-16,82,145047.34,2,1768.8700000000001,0,1,Autumn
SKU00024,2025-11-23,80,141509.6,2,1768.8700000000001,0,1,Autumn
SKU00024,2025-11-30,76,134434.12,2,1768.8700000000001,0,1,Autumn
SKU00024,2025-12-07,93,164504.91,0,1768.8700000000001,0,0,Winter
SKU00024,2025-12-14,72,127358.64,0,1768.8700000000001,0,0,Winter
SKU00024,2025-12-21,85,150353.95,0,1768.8700000000001,0,0,Winter
SKU00024,2025-12-28,71,125589.77,0,1768.8700000000001,1,0,Winter
SKU00024,2026-01-04,27,47759.49,0,1768.87,0,0,Winter
SKU00025,2024-01-07,14,161812.14,0,11558.01,0,0,Winter
SKU00025,2024-01-14,21,242718.21000000002,0,11558.01,0,0,Winter
SKU00025,2024-01-21,16,184928.16,0,11558.01,0,0,Winter
SKU00025,2024-01-28,24,277392.24,0,11558.01,1,0,Winter
SKU00025,2024-02-04,18,208044.18,0,11558.01,0,0,Winter
SKU00025,2024-02-11,19,219602.19,0,11558.01,0,0,Winter
SKU00025,2024-02-18,18,208044.18,0,11558.01,0,0,Winter
SKU00025,2024-02-25,23,265834.23,0,11558.01,0,0,Winter
SKU00025,2024-03-03,25,288950.25,2,11558.01,0,1,Winter
SKU00025,2024-03-10,22,254276.22,2,11558.01,0,1,Spring
SKU00025,2024-03-17,21,242718.21000000002,2,11558.01,0,1,Spring
SKU00025,2024-03-24,27,312066.27,2,11558.01,0,1,Spring
SKU00025,2024-03-31,31,358298.31,2,11558.01,0,1,Spring
SKU00025,2024-04-07,24,277392.24,0,11558.01,0,0,Spring
SKU00025,2024-04-14,19,219602.19,0,11558.01,0,0,Spring
SKU00025,2024-04-21,17,196486.17,0,11558.01,0,0,Spring
SKU00025,2024-04-28,28,323624.28,0,11558.01,0,0,Spring
SKU00025,2024-05-05,19,219602.19,0,11558.01,0,0,Spring
SKU00025,2024-05-12,20,231160.2,0,11558.01,0,0,Summer
SKU00025,2024-05-19,21,242718.21,0,11558.01,0,0,Summer
SKU00025,2024-05-26,15,173370.15,0,11558.01,0,0,Summer
SKU00025,2024-06-02,16,184928.16,2,11558.01,0,1,Summer
SKU00025,2024-06-09,21,242718.21000000002,2,11558.01,0,1,Summer
SKU00025,2024-06-16,16,184928.16,2,11558.01,0,1,Summer
SKU00025,2024-06-23,18,208044.18,2,11558.01,0,1,Summer
SKU00025,2024-06-30,25,288950.25,2,11558.01,0,1,Summer
SKU00025,2024-07-07,24,277392.24,0,11558.01,0,0,Monsoon
SKU00025,2024-07-14,23,265834.23,0,11558.01,0,0,Monsoon
SKU00025,2024-07-21,16,184928.16,0,11558.01,0,0,Monsoon
SKU00025,2024-07-28,14,161812.14,0,11558.01,0,0,Monsoon
SKU00025,2024-08-04,18,208044.18,0,11558.01,0,0,Monsoon
SKU00025,2024-08-11,17,196486.17,0,11558.01,0,0,Monsoon
SKU00025,2024-08-18,17,196486.17,0,11558.01,1,0,Monsoon
SKU00025,2024-08-25,19,219602.19,0,11558.01,0,0,Monsoon
SKU00025,2024-09-01,26,300508.26,1,11558.01,0,1,Monsoon
SKU00025,2024-09-08,16,184928.16,2,11558.01,0,1,Monsoon
SKU00025,2024-09-15,17,196486.17,2,11558.01,0,1,Monsoon
SKU00025,2024-09-22,15,173370.15000000002,2,11558.01,0,1,Monsoon
SKU00025,2024-09-29,12,138696.12,2,11558.01,0,1,Monsoon
SKU00025,2024-10-06,14,161812.14,0,11558.01,0,0,Monsoon
SKU00025,2024-10-13,20,231160.2,0,11558.01,0,0,Autumn
SKU00025,2024-10-20,26,300508.26,0,11558.01,0,0,Autumn
SKU00025,2024-10-27,16,184928.16,0,11558.01,0,0,Autumn
SKU00025,2024-11-03,21,242718.21000000002,2,11558.01,1,1,Autumn
SKU00025,2024-11-10,18,208044.18,2,11558.01,0,1,Autumn
SKU00025,2024-11-17,17,196486.17,2,11558.01,0,1,Autumn
SKU00025,2024-11-24,26,300508.26,2,11558.01,0,1,Autumn
SKU00025,2024-12-01,5,57790.05,1,11558.01,0,1,Autumn
SKU00025,2024-12-08,22,254276.22,0,11558.01,0,0,Winter
SKU00025,2024-12-15,24,277392.24,0,11558.01,0,0,Winter
SKU00025,2024-12-22,22,254276.22,0,11558.01,0,0,Winter
SKU00025,2024-12-29,16,184928.16,0,11558.01,1,0,Winter
SKU00025,2025-01-05,15,173370.15,0,11558.01,0,0,Winter
SKU00025,2025-01-12,21,242718.21,0,11558.01,0,0,Winter
SKU00025,2025-01-19,12,138696.12,0,11558.01,0,0,Winter
SKU00025,2025-01-26,21,242718.21000000002,0,11558.01,1,0,Winter
SKU00025,2025-02-02,17,196486.16999999998,0,11558.01,0,0,Winter
SKU00025,2025-02-09,28,323624.28,0,11558.01,0,0,Winter
SKU00025,2025-02-16,16,184928.16,0,11558.01,0,0,Winter
SKU00025,2025-02-23,17,196486.16999999998,0,11558.01,0,0,Winter
SKU00025,2025-03-02,27,312066.27,2,11558.01,0,1,Winter
SKU00025,2025-03-09,20,231160.2,2,11558.01,0,1,Spring
SKU00025,2025-03-16,16,184928.16,2,11558.01,0,1,Spring
SKU00025,2025-03-23,28,323624.28,2,11558.01,0,1,Spring
SKU00025,2025-03-30,27,312066.27,2,11558.01,0,1,Spring
SKU00025,2025-04-06,10,115580.1,0,11558.01,0,0,Spring
SKU00025,2025-04-13,26,300508.26,0,11558.01,0,0,Spring
SKU00025,2025-04-20,14,161812.14,0,11558.01,0,0,Spring
SKU00025,2025-04-27,16,184928.16,0,11558.01,0,0,Spring
SKU00025,2025-05-04,13,150254.13,0,11558.01,0,0,Spring
SKU00025,2025-05-11,16,184928.16,0,11558.01,0,0,Summer
SKU00025,2025-05-18,21,242718.21,0,11558.01,0,0,Summer
SKU00025,2025-05-25,19,219602.19,0,11558.01,0,0,Summer
SKU00025,2025-06-01,30,346740.3,1,11558.01,0,1,Summer
SKU00025,2025-06-08,19,219602.19,2,11558.01,0,1,Summer
SKU00025,2025-06-15,23,265834.23,2,11558.01,0,1,Summer
SKU00025,2025-06-22,16,184928.16,2,11558.01,0,1,Summer
SKU00025,2025-06-29,25,288950.25,2,11558.01,0,1,Summer
SKU00025,2025-07-06,18,208044.18,0,11558.01,0,0,Summer
SKU00025,2025-07-13,15,173370.15,0,11558.01,0,0,Monsoon
SKU00025,2025-07-20,24,277392.24,0,11558.01,0,0,Monsoon
SKU00025,2025-07-27,23,265834.23,0,11558.01,0,0,Monsoon
SKU00025,2025-08-03,20,231160.2,0,11558.01,0,0,Monsoon
SKU00025,2025-08-10,17,196486.16999999998,0,11558.01,0,0,Monsoon
SKU00025,2025-08-17,13,150254.13,0,11558.01,1,0,Monsoon
SKU00025,2025-08-24,18,208044.18,0,11558.01,0,0,Monsoon
SKU00025,2025-08-31,22,254276.22,0,11558.01,0,0,Monsoon
SKU00025,2025-09-07,17,196486.17,2,11558.01,0,1,Monsoon
SKU00025,2025-09-14,16,184928.16,2,11558.01,0,1,Monsoon
SKU00025,2025-09-21,16,184928.16,2,11558.01,0,1,Monsoon
SKU00025,2025-09-28,21,242718.21,2,11558.01,0,1,Monsoon
SKU00025,2025-10-05,12,138696.12,0,11558.01,0,0,Monsoon
SKU00025,2025-10-12,13,150254.13,0,11558.01,0,0,Autumn
SKU00025,2025-10-19,17,196486.17,0,11558.01,0,0,Autumn
SKU00025,2025-10-26,17,196486.17,0,11558.01,1,0,Autumn
SKU00025,2025-11-02,20,231160.2,2,11558.01,0,1,Autumn
SKU00025,2025-11-09,18,208044.18,2,11558.01,0,1,Autumn
SKU00025,2025-11-16,18,208044.18,2,11558.01,0,1,Autumn
SKU00025,2025-11-23,12,138696.12,2,11558.01,0,1,Autumn
SKU00025,2025-11-30,9,104022.09,2,11558.01,0,1,Autumn
SKU00025,2025-12-07,18,208044.18,0,11558.01,0,0,Winter
SKU00025,2025-12-14,13,150254.13,0,11558.01,0,0,Winter
SKU00025,2025-12-21,14,161812.13999999998,0,11558.01,0,0,Winter
SKU00025,2025-12-28,16,184928.16,0,11558.01,1,0,Winter
SKU00025,2026-01-04,7,80906.07,0,11558.01,0,0,Winter
SKU00026,2024-01-07,166,1815963.64,0,10939.539999999999,0,0,Winter
SKU00026,2024-01-14,156,1706568.24,0,10939.539999999999,0,0,Winter
SKU00026,2024-01-21,152,1662810.08,0,10939.539999999999,0,0,Winter
SKU00026,2024-01-28,150,1640931.0,0,10939.539999999999,1,0,Winter
SKU00026,2024-02-04,158,1728447.32,0,10939.539999999999,0,0,Winter
SKU00026,2024-02-11,195,2133210.3,0,10939.539999999999,0,0,Winter
SKU00026,2024-02-18,169,1848782.26,0,10939.539999999999,0,0,Winter
SKU00026,2024-02-25,171,1870661.34,0,10939.539999999999,0,0,Winter
SKU00026,2024-03-03,161,1761265.94,2,10939.539999999999,0,1,Winter
SKU00026,2024-03-10,189,2067573.06,2,10939.539999999999,0,1,Spring
SKU00026,2024-03-17,222,2428577.88,2,10939.539999999999,0,1,Spring
SKU00026,2024-03-24,202,2209787.08,2,10939.539999999999,0,1,Spring
SKU00026,2024-03-31,179,1958177.6600000001,2,10939.539999999999,0,1,Spring
SKU00026,2024-04-07,159,1739386.8599999999,0,10939.539999999999,0,0,Spring
SKU00026,2024-04-14,196,2144149.84,0,10939.539999999999,0,0,Spring
SKU00026,2024-04-21,181,1980056.74,0,10939.539999999999,0,0,Spring
SKU00026,2024-04-28,186,2034754.44,0,10939.539999999999,0,0,Spring
SKU00026,2024-05-05,174,1903479.96,0,10939.539999999999,0,0,Spring
SKU00026,2024-05-12,190,2078512.6,0,10939.539999999999,0,0,Summer
SKU00026,2024-05-19,162,1772205.48,0,10939.539999999999,0,0,Summer
SKU00026,2024-05-26,180,1969117.2,0,10939.539999999999,0,0,Summer
SKU00026,2024-06-02,201,2198847.54,2,10939.539999999999,0,1,Summer
SKU00026,2024-06-09,183,2001935.82,2,10939.539999999999,0,1,Summer
SKU00026,2024-06-16,175,1914419.5,2,10939.539999999999,0,1,Summer
SKU00026,2024-06-23,211,2308242.94,2,10939.539999999999,0,1,Summer
SKU00026,2024-06-30,182,1990996.28,2,10939.539999999999,0,1,Summer
SKU00026,2024-07-07,163,1783145.02,0,10939.539999999999,0,0,Monsoon
SKU00026,2024-07-14,138,1509656.52,0,10939.539999999999,0,0,Monsoon
SKU00026,2024-07-21,157,1717507.78,0,10939.539999999999,0,0,Monsoon
SKU00026,2024-07-28,137,1498716.98,0,10939.539999999999,0,0,Monsoon
SKU00026,2024-08-04,144,1575293.76,0,10939.539999999999,0,0,Monsoon
SKU00026,2024-08-11,138,1509656.52,0,10939.539999999999,0,0,Monsoon
SKU00026,2024-08-18,138,1509656.52,0,10939.539999999999,1,0,Monsoon
SKU00026,2024-08-25,144,1575293.76,0,10939.539999999999,0,0,Monsoon
SKU00026,2024-09-01,129,1411200.6600000001,1,10939.539999999999,0,1,Monsoon
SKU00026,2024-09-08,146,1597172.8399999999,2,10939.539999999999,0,1,Monsoon
SKU00026,2024-09-15,143,1564354.22,2,10939.539999999999,0,1,Monsoon
SKU00026,2024-09-22,120,1312744.8,2,10939.539999999999,0,1,Monsoon
SKU00026,2024-09-29,129,1411200.6600000001,2,10939.539999999999,0,1,Monsoon
SKU00026,2024-10-06,131,1433079.74,0,10939.539999999999,0,0,Monsoon
SKU00026,2024-10-13,145,1586233.3,0,10939.539999999999,0,0,Autumn
SKU00026,2024-10-20,141,1542475.1400000001,0,10939.539999999999,0,0,Autumn
SKU00026,2024-10-27,137,1498716.98,0,10939.539999999999,0,0,Autumn
SKU00026,2024-11-03,130,1422140.2,2,10939.539999999999,1,1,Autumn
SKU00026,2024-11-10,127,1389321.58,2,10939.539999999999,0,1,Autumn
SKU00026,2024-11-17,156,1706568.24,2,10939.539999999999,0,1,Autumn
SKU00026,2024-11-24,124,1356502.96,2,10939.539999999999,0,1,Autumn
SKU00026,2024-12-01,116,1268986.6400000001,1,10939.539999999999,0,1,Autumn
SKU00026,2024-12-08,162,1772205.48,0,10939.539999999999,0,0,Winter
SKU00026,2024-12-15,148,1619051.92,0,10939.539999999999,0,0,Winter
SKU00026,2024-12-22,131,1433079.74,0,10939.539999999999,0,0,Winter
SKU00026,2024-12-29,145,1586233.3,0,10939.539999999999,1,0,Winter
SKU00026,2025-01-05,147,1608112.38,0,10939.539999999999,0,0,Winter
SKU00026,2025-01-12,165,1805024.1,0,10939.539999999999,0,0,Winter
SKU00026,2025-01-19,136,1487777.44,0,10939.539999999999,0,0,Winter
SKU00026,2025-01-26,165,1805024.0999999999,0,10939.539999999999,1,0,Winter
SKU00026,2025-02-02,161,1761265.94,0,10939.539999999999,0,0,Winter
SKU00026,2025-02-09,170,1859721.8,0,10939.539999999999,0,0,Winter
SKU00026,2025-02-16,166,1815963.6400000001,0,10939.539999999999,0,0,Winter
SKU00026,2025-02-23,177,1936298.58,0,10939.539999999999,0,0,Winter
SKU00026,2025-03-02,169,1848782.26,2,10939.539999999999,0,1,Winter
SKU00026,2025-03-09,173,1892540.42,2,10939.539999999999,0,1,Spring
SKU00026,2025-03-16,197,2155089.38,2,10939.539999999999,0,1,Spring
SKU00026,2025-03-23,207,2264484.78,2,10939.539999999999,0,1,Spring
SKU00026,2025-03-30,202,2209787.08,2,10939.539999999999,0,1,Spring
SKU00026,2025-04-06,174,1903479.96,0,10939.539999999999,0,0,Spring
SKU00026,2025-04-13,195,2133210.3,0,10939.539999999999,0,0,Spring
SKU00026,2025-04-20,160,1750326.4,0,10939.539999999999,0,0,Spring
SKU00026,2025-04-27,189,2067573.06,0,10939.539999999999,0,0,Spring
SKU00026,2025-05-04,179,1958177.6600000001,0,10939.539999999999,0,0,Spring
SKU00026,2025-05-11,177,1936298.58,0,10939.539999999999,0,0,Summer
SKU00026,2025-05-18,184,2012875.36,0,10939.539999999999,0,0,Summer
SKU00026,2025-05-25,177,1936298.58,0,10939.539999999999,0,0,Summer
SKU00026,2025-06-01,206,2253545.2399999998,1,10939.539999999999,0,1,Summer
SKU00026,2025-06-08,199,2176968.46,2,10939.539999999999,0,1,Summer
SKU00026,2025-06-15,201,2198847.54,2,10939.539999999999,0,1,Summer
SKU00026,2025-06-22,171,1870661.34,2,10939.539999999999,0,1,Summer
SKU00026,2025-06-29,161,1761265.94,2,10939.539999999999,0,1,Summer
SKU00026,2025-07-06,150,1640931.0,0,10939.539999999999,0,0,Summer
SKU00026,2025-07-13,153,1673749.6199999999,0,10939.539999999999,0,0,Monsoon
SKU00026,2025-07-20,155,1695628.7,0,10939.539999999999,0,0,Monsoon
SKU00026,2025-07-27,173,1892540.42,0,10939.539999999999,0,0,Monsoon
SKU00026,2025-08-03,156,1706568.24,0,10939.539999999999,0,0,Monsoon
SKU00026,2025-08-10,150,1640931.0,0,10939.539999999999,0,0,Monsoon
SKU00026,2025-08-17,128,1400261.12,0,10939.539999999999,1,0,Monsoon
SKU00026,2025-08-24,123,1345563.42,0,10939.539999999999,0,0,Monsoon
SKU00026,2025-08-31,129,1411200.6600000001,0,10939.539999999999,0,0,Monsoon
SKU00026,2025-09-07,153,1673749.62,2,10939.539999999999,0,1,Monsoon
SKU00026,2025-09-14,124,1356502.96,2,10939.539999999999,0,1,Monsoon
SKU00026,2025-09-21,138,1509656.52,2,10939.539999999999,0,1,Monsoon
SKU00026,2025-09-28,132,1444019.28,2,10939.539999999999,0,1,Monsoon
SKU00026,2025-10-05,114,1247107.56,0,10939.539999999999,0,0,Monsoon
SKU00026,2025-10-12,135,1476837.9,0,10939.539999999999,0,0,Autumn
SKU00026,2025-10-19,138,1509656.52,0,10939.539999999999,0,0,Autumn
SKU00026,2025-10-26,124,1356502.96,0,10939.539999999999,1,0,Autumn
SKU00026,2025-11-02,141,1542475.1400000001,2,10939.539999999999,0,1,Autumn
SKU00026,2025-11-09,127,1389321.58,2,10939.539999999999,0,1,Autumn
SKU00026,2025-11-16,130,1422140.2,2,10939.539999999999,0,1,Autumn
SKU00026,2025-11-23,128,1400261.12,2,10939.539999999999,0,1,Autumn
SKU00026,2025-11-30,126,1378382.04,2,10939.539999999999,0,1,Autumn
SKU00026,2025-12-07,157,1717507.78,0,10939.539999999999,0,0,Winter
SKU00026,2025-12-14,128,1400261.12,0,10939.539999999999,0,0,Winter
SKU00026,2025-12-21,156,1706568.24,0,10939.539999999999,0,0,Winter
SKU00026,2025-12-28,135,1476837.9,0,10939.539999999999,1,0,Winter
SKU00026,2026-01-04,55,601674.7,0,10939.54,0,0,Winter
SKU00027,2024-01-07,162,1379689.2,0,8516.6,0,0,Winter
SKU00027,2024-01-14,170,1447822.0,0,8516.6,0,0,Winter
SKU00027,2024-01-21,170,1447822.0,0,8516.6,0,0,Winter
SKU00027,2024-01-28,145,1234907.0,0,8516.6,1,0,Winter
SKU00027,2024-02-04,182,1550021.2,0,8516.6,0,0,Winter
SKU00027,2024-02-11,188,1601120.8,0,8516.6,0,0,Winter
SKU00027,2024-02-18,177,1507438.2,0,8516.6,0,0,Winter
SKU00027,2024-02-25,158,1345622.8,0,8516.6,0,0,Winter
SKU00027,2024-03-03,188,1601120.8,2,8516.6,0,1,Winter
SKU00027,2024-03-10,212,1805519.2,2,8516.6,0,1,Spring
SKU00027,2024-03-17,214,1822552.4000000001,2,8516.6,0,1,Spring
SKU00027,2024-03-24,195,1660737.0,2,8516.6,0,1,Spring
SKU00027,2024-03-31,195,1660737.0,2,8516.6,0,1,Spring
SKU00027,2024-04-07,200,1703320.0,0,8516.6,0,0,Spring
SKU00027,2024-04-14,181,1541504.6,0,8516.6,0,0,Spring
SKU00027,2024-04-21,185,1575571.0,0,8516.6,0,0,Spring
SKU00027,2024-04-28,205,1745903.0,0,8516.6,0,0,Spring
SKU00027,2024-05-05,188,1601120.8,0,8516.6,0,0,Spring
SKU00027,2024-05-12,194,1652220.4,0,8516.6,0,0,Summer
SKU00027,2024-05-19,196,1669253.6,0,8516.6,0,0,Summer
SKU00027,2024-05-26,193,1643703.8,0,8516.6,0,0,Summer
SKU00027,2024-06-02,210,1788486.0,2,8516.6,0,1,Summer
SKU00027,2024-06-09,179,1524471.4,2,8516.6,0,1,Summer
SKU00027,2024-06-16,219,1865135.4,2,8516.6,0,1,Summer
SKU00027,2024-06-23,200,1703320.0,2,8516.6,0,1,Summer
SKU00027,2024-06-30,178,1515954.8,2,8516.6,0,1,Summer
SKU00027,2024-07-07,149,1268973.4,0,8516.6,0,0,Monsoon
SKU00027,2024-07-14,168,1430788.8,0,8516.6,0,0,Monsoon
SKU00027,2024-07-21,167,1422272.2,0,8516.6,0,0,Monsoon
SKU00027,2024-07-28,154,1311556.4,0,8516.6,0,0,Monsoon
SKU00027,2024-08-04,151,1286006.6,0,8516.6,0,0,Monsoon
SKU00027,2024-08-11,149,1268973.4,0,8516.6,0,0,Monsoon
SKU00027,2024-08-18,158,1345622.8,0,8516.6,1,0,Monsoon
SKU00027,2024-08-25,165,1405239.0,0,8516.6,0,0,Monsoon
SKU00027,2024-09-01,154,1311556.4,1,8516.6,0,1,Monsoon
SKU00027,2024-09-08,127,1081608.2,2,8516.6,0,1,Monsoon
SKU00027,2024-09-15,134,1141224.4,2,8516.6,0,1,Monsoon
SKU00027,2024-09-22,143,1217873.8,2,8516.6,0,1,Monsoon
SKU00027,2024-09-29,156,1328589.6,2,8516.6,0,1,Monsoon
SKU00027,2024-10-06,126,1073091.6,0,8516.6,0,0,Monsoon
SKU00027,2024-10-13,126,1073091.6,0,8516.6,0,0,Autumn
SKU00027,2024-10-20,121,1030508.6,0,8516.6,0,0,Autumn
SKU00027,2024-10-27,151,1286006.6,0,8516.6,0,0,Autumn
SKU00027,2024-11-03,138,1175290.8,2,8516.6,1,1,Autumn
SKU00027,2024-11-10,143,1217873.8,2,8516.6,0,1,Autumn
SKU00027,2024-11-17,153,1303039.8,2,8516.6,0,1,Autumn
SKU00027,2024-11-24,163,1388205.8,2,8516.6,0,1,Autumn
SKU00027,2024-12-01,152,1294523.2,1,8516.6,0,1,Autumn
SKU00027,2024-12-08,153,1303039.8,0,8516.6,0,0,Winter
SKU00027,2024-12-15,154,1311556.4,0,8516.6,0,0,Winter
SKU00027,2024-12-22,133,1132707.8,0,8516.6,0,0,Winter
SKU00027,2024-12-29,172,1464855.2,0,8516.6,1,0,Winter
SKU00027,2025-01-05,185,1575571.0,0,8516.6,0,0,Winter
SKU00027,2025-01-12,167,1422272.2,0,8516.6,0,0,Winter
SKU00027,2025-01-19,190,1618154.0,0,8516.6,0,0,Winter
SKU00027,2025-01-26,179,1524471.4,0,8516.6,1,0,Winter
SKU00027,2025-02-02,160,1362656.0,0,8516.6,0,0,Winter
SKU00027,2025-02-09,197,1677770.2,0,8516.6,0,0,Winter
SKU00027,2025-02-16,187,1592604.2,0,8516.6,0,0,Winter
SKU00027,2025-02-23,156,1328589.5999999999,0,8516.6,0,0,Winter
SKU00027,2025-03-02,204,1737386.4,2,8516.6,0,1,Winter
SKU00027,2025-03-09,206,1754419.6,2,8516.6,0,1,Spring
SKU00027,2025-03-16,219,1865135.4,2,8516.6,0,1,Spring
SKU00027,2025-03-23,216,1839585.6,2,8516.6,0,1,Spring
SKU00027,2025-03-30,206,1754419.6,2,8516.6,0,1,Spring
SKU00027,2025-04-06,188,1601120.7999999998,0,8516.6,0,0,Spring
SKU00027,2025-04-13,195,1660737.0,0,8516.6,0,0,Spring
SKU00027,2025-04-20,228,1941784.8,0,8516.6,0,0,Spring
SKU00027,2025-04-27,180,1532988.0,0,8516.6,0,0,Spring
SKU00027,2025-05-04,188,1601120.8,0,8516.6,0,0,Spring
SKU00027,2025-05-11,180,1532988.0,0,8516.6,0,0,Summer
SKU00027,2025-05-18,209,1779969.4,0,8516.6,0,0,Summer
SKU00027,2025-05-25,204,1737386.4,0,8516.6,0,0,Summer
SKU00027,2025-06-01,195,1660737.0,1,8516.6,0,1,Summer
SKU00027,2025-06-08,181,1541504.5999999999,2,8516.6,0,1,Summer
SKU00027,2025-06-15,165,1405239.0,2,8516.6,0,1,Summer
SKU00027,2025-06-22,193,1643703.8,2,8516.6,0,1,Summer
SKU00027,2025-06-29,183,1558537.7999999998,2,8516.6,0,1,Summer
SKU00027,2025-07-06,165,1405239.0,0,8516.6,0,0,Summer
SKU00027,2025-07-13,185,1575571.0,0,8516.6,0,0,Monsoon
SKU00027,2025-07-20,163,1388205.8,0,8516.6,0,0,Monsoon
SKU00027,2025-07-27,155,1320073.0,0,8516.6,0,0,Monsoon
SKU00027,2025-08-03,156,1328589.6,0,8516.6,0,0,Monsoon
SKU00027,2025-08-10,120,1021992.0,0,8516.6,0,0,Monsoon
SKU00027,2025-08-17,146,1243423.6,0,8516.6,1,0,Monsoon
SKU00027,2025-08-24,145,1234907.0,0,8516.6,0,0,Monsoon
SKU00027,2025-08-31,138,1175290.8,0,8516.6,0,0,Monsoon
SKU00027,2025-09-07,167,1422272.2,2,8516.6,0,1,Monsoon
SKU00027,2025-09-14,143,1217873.8,2,8516.6,0,1,Monsoon
SKU00027,2025-09-21,158,1345622.8,2,8516.6,0,1,Monsoon
SKU00027,2025-09-28,150,1277490.0,2,8516.6,0,1,Monsoon
SKU00027,2025-10-05,151,1286006.6,0,8516.6,0,0,Monsoon
SKU00027,2025-10-12,149,1268973.4,0,8516.6,0,0,Autumn
SKU00027,2025-10-19,127,1081608.2,0,8516.6,0,0,Autumn
SKU00027,2025-10-26,130,1107158.0,0,8516.6,1,0,Autumn
SKU00027,2025-11-02,136,1158257.6,2,8516.6,0,1,Autumn
SKU00027,2025-11-09,147,1251940.2,2,8516.6,0,1,Autumn
SKU00027,2025-11-16,149,1268973.4,2,8516.6,0,1,Autumn
SKU00027,2025-11-23,163,1388205.8,2,8516.6,0,1,Autumn
SKU00027,2025-11-30,162,1379689.2,2,8516.6,0,1,Autumn
SKU00027,2025-12-07,153,1303039.8,0,8516.6,0,0,Winter
SKU00027,2025-12-14,161,1371172.6,0,8516.6,0,0,Winter
SKU00027,2025-12-21,182,1550021.2,0,8516.6,0,0,Winter
SKU00027,2025-12-28,144,1226390.4,0,8516.6,1,0,Winter
SKU00027,2026-01-04,67,570612.2,0,8516.6,0,0,Winter
SKU00028,2024-01-07,32,111490.88,0,3484.09,0,0,Winter
SKU00028,2024-01-14,35,121943.15000000001,0,3484.09,0,0,Winter
SKU00028,2024-01-21,39,135879.51,0,3484.09,0,0,Winter
SKU00028,2024-01-28,34,118459.06,0,3484.09,1,0,Winter
SKU00028,2024-02-04,40,139363.6,0,3484.09,0,0,Winter
SKU00028,2024-02-11,37,128911.33,0,3484.09,0,0,Winter
SKU00028,2024-02-18,43,149815.87,0,3484.09,0,0,Winter
SKU00028,2024-02-25,34,118459.06,0,3484.09,0,0,Winter
SKU00028,2024-03-03,44,153299.96000000002,2,3484.09,0,1,Winter
SKU00028,2024-03-10,54,188140.86000000002,2,3484.09,0,1,Spring
SKU00028,2024-03-17,43,149815.87,2,3484.09,0,1,Spring
SKU00028,2024-03-24,47,163752.23,2,3484.09,0,1,Spring
SKU00028,2024-03-31,56,195109.04,2,3484.09,0,1,Spring
SKU00028,2024-04-07,47,163752.23,0,3484.09,0,0,Spring
SKU00028,2024-04-14,50,174204.5,0,3484.09,0,0,Spring
SKU00028,2024-04-21,56,195109.04,0,3484.09,0,0,Spring
SKU00028,2024-04-28,44,153299.96,0,3484.09,0,0,Spring
SKU00028,2024-05-05,40,139363.6,0,3484.09,0,0,Spring
SKU00028,2024-05-12,45,156784.05000000002,0,3484.09,0,0,Summer
SKU00028,2024-05-19,53,184656.77,0,3484.09,0,0,Summer
SKU00028,2024-05-26,40,139363.6,0,3484.09,0,0,Summer
SKU00028,2024-06-02,52,181172.68,2,3484.09,0,1,Summer
SKU00028,2024-06-09,32,111490.88,2,3484.09,0,1,Summer
SKU00028,2024-06-16,48,167236.32,2,3484.09,0,1,Summer
SKU00028,2024-06-23,52,181172.68,2,3484.09,0,1,Summer
SKU00028,2024-06-30,52,181172.68,2,3484.09,0,1,Summer
SKU00028,2024-07-07,42,146331.78,0,3484.09,0,0,Monsoon
SKU00028,2024-07-14,37,128911.33,0,3484.09,0,0,Monsoon
SKU00028,2024-07-21,39,135879.51,0,3484.09,0,0,Monsoon
SKU00028,2024-07-28,46,160268.14,0,3484.09,0,0,Monsoon
SKU00028,2024-08-04,30,104522.70000000001,0,3484.09,0,0,Monsoon
SKU00028,2024-08-11,28,97554.52,0,3484.09,0,0,Monsoon
SKU00028,2024-08-18,31,108006.79000000001,0,3484.09,1,0,Monsoon
SKU00028,2024-08-25,37,128911.33,0,3484.09,0,0,Monsoon
SKU00028,2024-09-01,31,108006.79000000001,1,3484.09,0,1,Monsoon
SKU00028,2024-09-08,41,142847.69,2,3484.09,0,1,Monsoon
SKU00028,2024-09-15,26,90586.34,2,3484.09,0,1,Monsoon
SKU00028,2024-09-22,44,153299.96000000002,2,3484.09,0,1,Monsoon
SKU00028,2024-09-29,25,87102.25,2,3484.09,0,1,Monsoon
SKU00028,2024-10-06,36,125427.24,0,3484.09,0,0,Monsoon
SKU00028,2024-10-13,29,101038.61,0,3484.09,0,0,Autumn
SKU00028,2024-10-20,34,118459.06,0,3484.09,0,0,Autumn
SKU00028,2024-10-27,26,90586.34,0,3484.09,0,0,Autumn
SKU00028,2024-11-03,40,139363.6,2,3484.09,1,1,Autumn
SKU00028,2024-11-10,32,111490.88,2,3484.09,0,1,Autumn
SKU00028,2024-11-17,33,114974.97,2,3484.09,0,1,Autumn
SKU00028,2024-11-24,30,104522.70000000001,2,3484.09,0,1,Autumn
SKU00028,2024-12-01,41,142847.69,1,3484.09,0,1,Autumn
SKU00028,2024-12-08,36,125427.23999999999,0,3484.09,0,0,Winter
SKU00028,2024-12-15,48,167236.32,0,3484.09,0,0,Winter
SKU00028,2024-12-22,45,156784.05,0,3484.09,0,0,Winter
SKU00028,2024-12-29,37,128911.33,0,3484.09,1,0,Winter
SKU00028,2025-01-05,47,163752.23,0,3484.09,0,0,Winter
SKU00028,2025-01-12,41,142847.69,0,3484.09,0,0,Winter
SKU00028,2025-01-19,43,149815.87,0,3484.09,0,0,Winter
SKU00028,2025-01-26,42,146331.78,0,3484.09,1,0,Winter
SKU00028,2025-02-02,38,132395.42,0,3484.09,0,0,Winter
SKU00028,2025-02-09,44,153299.96000000002,0,3484.09,0,0,Winter
SKU00028,2025-02-16,37,128911.33,0,3484.09,0,0,Winter
SKU00028,2025-02-23,32,111490.88,0,3484.09,0,0,Winter
SKU00028,2025-03-02,41,142847.69,2,3484.09,0,1,Winter
SKU00028,2025-03-09,52,181172.68,2,3484.09,0,1,Spring
SKU00028,2025-03-16,43,149815.87,2,3484.09,0,1,Spring
SKU00028,2025-03-23,50,174204.5,2,3484.09,0,1,Spring
SKU00028,2025-03-30,54,188140.86000000002,2,3484.09,0,1,Spring
SKU00028,2025-04-06,36,125427.24,0,3484.09,0,0,Spring
SKU00028,2025-04-13,42,146331.78,0,3484.09,0,0,Spring
SKU00028,2025-04-20,44,153299.96000000002,0,3484.09,0,0,Spring
SKU00028,2025-04-27,49,170720.41,0,3484.09,0,0,Spring
SKU00028,2025-05-04,44,153299.96000000002,0,3484.09,0,0,Spring
SKU00028,2025-05-11,49,170720.41,0,3484.09,0,0,Summer
SKU00028,2025-05-18,48,167236.32,0,3484.09,0,0,Summer
SKU00028,2025-05-25,52,181172.68,0,3484.09,0,0,Summer
SKU00028,2025-06-01,40,139363.6,1,3484.09,0,1,Summer
SKU00028,2025-06-08,49,170720.41,2,3484.09,0,1,Summer
SKU00028,2025-06-15,41,142847.69,2,3484.09,0,1,Summer
SKU00028,2025-06-22,41,142847.69,2,3484.09,0,1,Summer
SKU00028,2025-06-29,43,149815.87,2,3484.09,0,1,Summer
SKU00028,2025-07-06,32,111490.88,0,3484.09,0,0,Summer
SKU00028,2025-07-13,46,160268.14,0,3484.09,0,0,Monsoon
SKU00028,2025-07-20,42,146331.78,0,3484.09,0,0,Monsoon
SKU00028,2025-07-27,36,125427.24,0,3484.09,0,0,Monsoon
SKU00028,2025-08-03,35,121943.15000000001,0,3484.09,0,0,Monsoon
SKU00028,2025-08-10,40,139363.6,0,3484.09,0,0,Monsoon
SKU00028,2025-08-17,31,108006.79000000001,0,3484.09,1,0,Monsoon
SKU00028,2025-08-24,27,94070.43000000001,0,3484.09,0,0,Monsoon
SKU00028,2025-08-31,45,156784.05000000002,0,3484.09,0,0,Monsoon
SKU00028,2025-09-07,35,121943.15000000001,2,3484.09,0,1,Monsoon
SKU00028,2025-09-14,36,125427.24,2,3484.09,0,1,Monsoon
SKU00028,2025-09-21,34,118459.06,2,3484.09,0,1,Monsoon
SKU00028,2025-09-28,30,104522.70000000001,2,3484.09,0,1,Monsoon
SKU00028,2025-10-05,18,62713.62,0,3484.09,0,0,Monsoon
SKU00028,2025-10-12,31,108006.79000000001,0,3484.09,0,0,Autumn
SKU00028,2025-10-19,32,111490.88,0,3484.09,0,0,Autumn
SKU00028,2025-10-26,30,104522.70000000001,0,3484.09,1,0,Autumn
SKU00028,2025-11-02,31,108006.79000000001,2,3484.09,0,1,Autumn
SKU00028,2025-11-09,30,104522.70000000001,2,3484.09,0,1,Autumn
SKU00028,2025-11-16,40,139363.6,2,3484.09,0,1,Autumn
SKU00028,2025-11-23,39,135879.51,2,3484.09,0,1,Autumn
SKU00028,2025-11-30,34,118459.06,2,3484.09,0,1,Autumn
SKU00028,2025-12-07,40,139363.6,0,3484.09,0,0,Winter
SKU00028,2025-12-14,25,87102.25,0,3484.09,0,0,Winter
SKU00028,2025-12-21,22,76649.98000000001,0,3484.09,0,0,Winter
SKU00028,2025-12-28,31,108006.79000000001,0,3484.09,1,0,Winter
SKU00028,2026-01-04,14,48777.26,0,3484.09,0,0,Winter
SKU00029,2024-01-07,114,1327239.3,0,11642.45,0,0,Winter
SKU00029,2024-01-14,120,1397094.0,0,11642.45,0,0,Winter
SKU00029,2024-01-21,93,1082747.8499999999,0,11642.45,0,0,Winter
SKU00029,2024-01-28,94,1094390.3,0,11642.45,1,0,Winter
SKU00029,2024-02-04,109,1269027.05,0,11642.45,0,0,Winter
SKU00029,2024-02-11,102,1187529.9,0,11642.45,0,0,Winter
SKU00029,2024-02-18,114,1327239.3,0,11642.45,0,0,Winter
SKU00029,2024-02-25,112,1303954.4,0,11642.45,0,0,Winter
SKU00029,2024-03-03,115,1338881.75,2,11642.45,0,1,Winter
SKU00029,2024-03-10,131,1525160.95,2,11642.45,0,1,Spring
SKU00029,2024-03-17,133,1548445.85,2,11642.45,0,1,Spring
SKU00029,2024-03-24,142,1653227.9,2,11642.45,0,1,Spring
SKU00029,2024-03-31,125,1455306.25,2,11642.45,0,1,Spring
SKU00029,2024-04-07,117,1362166.65,0,11642.45,0,0,Spring
SKU00029,2024-04-14,139,1618300.55,0,11642.45,0,0,Spring
SKU00029,2024-04-21,126,1466948.7,0,11642.45,0,0,Spring
SKU00029,2024-04-28,125,1455306.25,0,11642.45,0,0,Spring
SKU00029,2024-05-05,117,1362166.65,0,11642.45,0,0,Spring
SKU00029,2024-05-12,116,1350524.2,0,11642.45,0,0,Summer
SKU00029,2024-05-19,117,1362166.65,0,11642.45,0,0,Summer
SKU00029,2024-05-26,134,1560088.3,0,11642.45,0,0,Summer
SKU00029,2024-06-02,132,1536803.4,2,11642.45,0,1,Summer
SKU00029,2024-06-09,129,1501876.05,2,11642.45,0,1,Summer
SKU00029,2024-06-16,142,1653227.9,2,11642.45,0,1,Summer
SKU00029,2024-06-23,128,1490233.5999999999,2,11642.45,0,1,Summer
SKU00029,2024-06-30,127,1478591.15,2,11642.45,0,1,Summer
SKU00029,2024-07-07,118,1373809.0999999999,0,11642.45,0,0,Monsoon
SKU00029,2024-07-14,101,1175887.45,0,11642.45,0,0,Monsoon
SKU00029,2024-07-21,86,1001250.7,0,11642.45,0,0,Monsoon
SKU00029,2024-07-28,134,1560088.3,0,11642.45,0,0,Monsoon
SKU00029,2024-08-04,100,1164245.0,0,11642.45,0,0,Monsoon
SKU00029,2024-08-11,98,1140960.0999999999,0,11642.45,0,0,Monsoon
SKU00029,2024-08-18,107,1245742.15,0,11642.45,1,0,Monsoon
SKU00029,2024-08-25,106,1234099.7,0,11642.45,0,0,Monsoon
SKU00029,2024-09-01,99,1152602.55,1,11642.45,0,1,Monsoon
SKU00029,2024-09-08,109,1269027.05,2,11642.45,0,1,Monsoon
SKU00029,2024-09-15,104,1210814.8,2,11642.45,0,1,Monsoon
SKU00029,2024-09-22,93,1082747.85,2,11642.45,0,1,Monsoon
SKU00029,2024-09-29,93,1082747.85,2,11642.45,0,1,Monsoon
SKU00029,2024-10-06,98,1140960.1,0,11642.45,0,0,Monsoon
SKU00029,2024-10-13,96,1117675.2,0,11642.45,0,0,Autumn
SKU00029,2024-10-20,90,1047820.5,0,11642.45,0,0,Autumn
SKU00029,2024-10-27,96,1117675.2,0,11642.45,0,0,Autumn
SKU00029,2024-11-03,75,873183.75,2,11642.45,1,1,Autumn
SKU00029,2024-11-10,95,1106032.75,2,11642.45,0,1,Autumn
SKU00029,2024-11-17,110,1280669.5,2,11642.45,0,1,Autumn
SKU00029,2024-11-24,114,1327239.3,2,11642.45,0,1,Autumn
SKU00029,2024-12-01,83,966323.35,1,11642.45,0,1,Autumn
SKU00029,2024-12-08,110,1280669.5,0,11642.45,0,0,Winter
SKU00029,2024-12-15,95,1106032.75,0,11642.45,0,0,Winter
SKU00029,2024-12-22,109,1269027.05,0,11642.45,0,0,Winter
SKU00029,2024-12-29,96,1117675.2,0,11642.45,1,0,Winter
SKU00029,2025-01-05,114,1327239.3,0,11642.45,0,0,Winter
SKU00029,2025-01-12,110,1280669.5,0,11642.45,0,0,Winter
SKU00029,2025-01-19,124,1443663.8,0,11642.45,0,0,Winter
SKU00029,2025-01-26,91,1059462.95,0,11642.45,1,0,Winter
SKU00029,2025-02-02,111,1292311.95,0,11642.45,0,0,Winter
SKU00029,2025-02-09,105,1222457.25,0,11642.45,0,0,Winter
SKU00029,2025-02-16,127,1478591.15,0,11642.45,0,0,Winter
SKU00029,2025-02-23,118,1373809.1,0,11642.45,0,0,Winter
SKU00029,2025-03-02,116,1350524.2,2,11642.45,0,1,Winter
SKU00029,2025-03-09,127,1478591.15,2,11642.45,0,1,Spring
SKU00029,2025-03-16,106,1234099.7,2,11642.45,0,1,Spring
SKU00029,2025-03-23,147,1711440.15,2,11642.45,0,1,Spring
SKU00029,2025-03-30,132,1536803.4,2,11642.45,0,1,Spring
SKU00029,2025-04-06,136,1583373.2,0,11642.45,0,0,Spring
SKU00029,2025-04-13,120,1397094.0,0,11642.45,0,0,Spring
SKU00029,2025-04-20,131,1525160.95,0,11642.45,0,0,Spring
SKU00029,2025-04-27,120,1397094.0,0,11642.45,0,0,Spring
SKU00029,2025-05-04,116,1350524.2,0,11642.45,0,0,Spring
SKU00029,2025-05-11,127,1478591.15,0,11642.45,0,0,Summer
SKU00029,2025-05-18,142,1653227.9,0,11642.45,0,0,Summer
SKU00029,2025-05-25,130,1513518.5,0,11642.45,0,0,Summer
SKU00029,2025-06-01,133,1548445.8499999999,1,11642.45,0,1,Summer
SKU00029,2025-06-08,117,1362166.65,2,11642.45,0,1,Summer
SKU00029,2025-06-15,121,1408736.45,2,11642.45,0,1,Summer
SKU00029,2025-06-22,122,1420378.9,2,11642.45,0,1,Summer
SKU00029,2025-06-29,114,1327239.3,2,11642.45,0,1,Summer
SKU00029,2025-07-06,102,1187529.9,0,11642.45,0,0,Summer
SKU00029,2025-07-13,107,1245742.15,0,11642.45,0,0,Monsoon
SKU00029,2025-07-20,112,1303954.4,0,11642.45,0,0,Monsoon
SKU00029,2025-07-27,120,1397094.0,0,11642.45,0,0,Monsoon
SKU00029,2025-08-03,97,1129317.65,0,11642.45,0,0,Monsoon
SKU00029,2025-08-10,93,1082747.85,0,11642.45,0,0,Monsoon
SKU00029,2025-08-17,113,1315596.85,0,11642.45,1,0,Monsoon
SKU00029,2025-08-24,114,1327239.3,0,11642.45,0,0,Monsoon
SKU00029,2025-08-31,103,1199172.35,0,11642.45,0,0,Monsoon
SKU00029,2025-09-07,90,1047820.5,2,11642.45,0,1,Monsoon
SKU00029,2025-09-14,89,1036178.0499999999,2,11642.45,0,1,Monsoon
SKU00029,2025-09-21,105,1222457.25,2,11642.45,0,1,Monsoon
SKU00029,2025-09-28,86,1001250.7,2,11642.45,0,1,Monsoon
SKU00029,2025-10-05,78,908111.1,0,11642.45,0,0,Monsoon
SKU00029,2025-10-12,92,1071105.4,0,11642.45,0,0,Autumn
SKU00029,2025-10-19,85,989608.25,0,11642.45,0,0,Autumn
SKU00029,2025-10-26,98,1140960.1,0,11642.45,1,0,Autumn
SKU00029,2025-11-02,104,1210814.8,2,11642.45,0,1,Autumn
SKU00029,2025-11-09,88,1024535.6000000001,2,11642.45,0,1,Autumn
SKU00029,2025-11-16,98,1140960.1,2,11642.45,0,1,Autumn
SKU00029,2025-11-23,97,1129317.65,2,11642.45,0,1,Autumn
SKU00029,2025-11-30,96,1117675.2,2,11642.45,0,1,Autumn
SKU00029,2025-12-07,87,1012893.15,0,11642.45,0,0,Winter
SKU00029,2025-12-14,115,1338881.75,0,11642.45,0,0,Winter
SKU00029,2025-12-21,104,1210814.8,0,11642.45,0,0,Winter
SKU00029,2025-12-28,97,1129317.65,0,11642.45,1,0,Winter
SKU00029,2026-01-04,35,407485.75,0,11642.450000000003,0,0,Winter
SKU00030,2024-01-07,39,367906.89,0,9433.51,0,0,Winter
SKU00030,2024-01-14,41,386773.91000000003,0,9433.51,0,0,Winter
SKU00030,2024-01-21,23,216970.73,0,9433.51,0,0,Winter
SKU00030,2024-01-28,28,264138.28,0,9433.51,1,0,Winter
SKU00030,2024-02-04,29,273571.79,0,9433.51,0,0,Winter
SKU00030,2024-02-11,30,283005.3,0,9433.51,0,0,Winter
SKU00030,2024-02-18,36,339606.36,0,9433.51,0,0,Winter
SKU00030,2024-02-25,42,396207.42,0,9433.51,0,0,Winter
SKU00030,2024-03-03,43,405640.93,2,9433.51,0,1,Winter
SKU00030,2024-03-10,22,207537.22,2,9433.51,0,1,Spring
SKU00030,2024-03-17,38,358473.38,2,9433.51,0,1,Spring
SKU00030,2024-03-24,43,405640.93000000005,2,9433.51,0,1,Spring
SKU00030,2024-03-31,36,339606.36,2,9433.51,0,1,Spring
SKU00030,2024-04-07,45,424507.95,0,9433.51,0,0,Spring
SKU00030,2024-04-14,40,377340.4,0,9433.51,0,0,Spring
SKU00030,2024-04-21,38,358473.38,0,9433.51,0,0,Spring
SKU00030,2024-04-28,36,339606.36000000004,0,9433.51,0,0,Spring
SKU00030,2024-05-05,35,330172.85000000003,0,9433.51,0,0,Spring
SKU00030,2024-05-12,41,386773.91000000003,0,9433.51,0,0,Summer
SKU00030,2024-05-19,42,396207.42000000004,0,9433.51,0,0,Summer
SKU00030,2024-05-26,47,443374.97,0,9433.51,0,0,Summer
SKU00030,2024-06-02,40,377340.4,2,9433.51,0,1,Summer
SKU00030,2024-06-09,29,273571.79000000004,2,9433.51,0,1,Summer
SKU00030,2024-06-16,47,443374.97000000003,2,9433.51,0,1,Summer
SKU00030,2024-06-23,28,264138.28,2,9433.51,0,1,Summer
SKU00030,2024-06-30,30,283005.3,2,9433.51,0,1,Summer
SKU00030,2024-07-07,36,339606.36,0,9433.51,0,0,Monsoon
SKU00030,2024-07-14,27,254704.77000000002,0,9433.51,0,0,Monsoon
SKU00030,2024-07-21,27,254704.77000000002,0,9433.51,0,0,Monsoon
SKU00030,2024-07-28,32,301872.32,0,9433.51,0,0,Monsoon
SKU00030,2024-08-04,38,358473.38,0,9433.51,0,0,Monsoon
SKU00030,2024-08-11,45,424507.95,0,9433.51,0,0,Monsoon
SKU00030,2024-08-18,25,235837.75,0,9433.51,1,0,Monsoon
SKU00030,2024-08-25,30,283005.3,0,9433.51,0,0,Monsoon
SKU00030,2024-09-01,39,367906.89,1,9433.51,0,1,Monsoon
SKU00030,2024-09-08,26,245271.26,2,9433.51,0,1,Monsoon
SKU00030,2024-09-15,30,283005.3,2,9433.51,0,1,Monsoon
SKU00030,2024-09-22,32,301872.32,2,9433.51,0,1,Monsoon
SKU00030,2024-09-29,37,349039.87,2,9433.51,0,1,Monsoon
SKU00030,2024-10-06,22,207537.22,0,9433.51,0,0,Monsoon
SKU00030,2024-10-13,18,169803.18,0,9433.51,0,0,Autumn
SKU00030,2024-10-20,31,292438.81,0,9433.51,0,0,Autumn
SKU00030,2024-10-27,26,245271.26,0,9433.51,0,0,Autumn
SKU00030,2024-11-03,27,254704.77,2,9433.51,1,1,Autumn
SKU00030,2024-11-10,28,264138.28,2,9433.51,0,1,Autumn
SKU00030,2024-11-17,30,283005.3,2,9433.51,0,1,Autumn
SKU00030,2024-11-24,30,283005.3,2,9433.51,0,1,Autumn
SKU00030,2024-12-01,32,301872.32,1,9433.51,0,1,Autumn
SKU00030,2024-12-08,30,283005.3,0,9433.51,0,0,Winter
SKU00030,2024-12-15,38,358473.38,0,9433.51,0,0,Winter
SKU00030,2024-12-22,32,301872.32,0,9433.51,0,0,Winter
SKU00030,2024-12-29,27,254704.77000000002,0,9433.51,1,0,Winter
SKU00030,2025-01-05,21,198103.71,0,9433.51,0,0,Winter
SKU00030,2025-01-12,31,292438.81,0,9433.51,0,0,Winter
SKU00030,2025-01-19,34,320739.33999999997,0,9433.51,0,0,Winter
SKU00030,2025-01-26,36,339606.36,0,9433.51,1,0,Winter
SKU00030,2025-02-02,26,245271.26,0,9433.51,0,0,Winter
SKU00030,2025-02-09,41,386773.91000000003,0,9433.51,0,0,Winter
SKU00030,2025-02-16,31,292438.81,0,9433.51,0,0,Winter
SKU00030,2025-02-23,39,367906.89,0,9433.51,0,0,Winter
SKU00030,2025-03-02,47,443374.97000000003,2,9433.51,0,1,Winter
SKU00030,2025-03-09,39,367906.89,2,9433.51,0,1,Spring
SKU00030,2025-03-16,32,301872.32,2,9433.51,0,1,Spring
SKU00030,2025-03-23,44,415074.44,2,9433.51,0,1,Spring
SKU00030,2025-03-30,40,377340.4,2,9433.51,0,1,Spring
SKU00030,2025-04-06,30,283005.3,0,9433.51,0,0,Spring
SKU00030,2025-04-13,35,330172.85,0,9433.51,0,0,Spring
SKU00030,2025-04-20,31,292438.81,0,9433.51,0,0,Spring
SKU00030,2025-04-27,40,377340.4,0,9433.51,0,0,Spring
SKU00030,2025-05-04,44,415074.44,0,9433.51,0,0,Spring
SKU00030,2025-05-11,30,283005.30000000005,0,9433.51,0,0,Summer
SKU00030,2025-05-18,37,349039.87,0,9433.51,0,0,Summer
SKU00030,2025-05-25,38,358473.38,0,9433.51,0,0,Summer
SKU00030,2025-06-01,39,367906.89,1,9433.51,0,1,Summer
SKU00030,2025-06-08,38,358473.38,2,9433.51,0,1,Summer
SKU00030,2025-06-15,51,481109.01,2,9433.51,0,1,Summer
SKU00030,2025-06-22,31,292438.81,2,9433.51,0,1,Summer
SKU00030,2025-06-29,47,443374.97000000003,2,9433.51,0,1,Summer
SKU00030,2025-07-06,27,254704.77000000002,0,9433.51,0,0,Summer
SKU00030,2025-07-13,29,273571.79000000004,0,9433.51,0,0,Monsoon
SKU00030,2025-07-20,36,339606.36,0,9433.51,0,0,Monsoon
SKU00030,2025-07-27,29,273571.79000000004,0,9433.51,0,0,Monsoon
SKU00030,2025-08-03,33,311305.83,0,9433.51,0,0,Monsoon
SKU00030,2025-08-10,30,283005.3,0,9433.51,0,0,Monsoon
SKU00030,2025-08-17,28,264138.28,0,9433.51,1,0,Monsoon
SKU00030,2025-08-24,36,339606.36,0,9433.51,0,0,Monsoon
SKU00030,2025-08-31,32,301872.32,0,9433.51,0,0,Monsoon
SKU00030,2025-09-07,26,245271.26,2,9433.51,0,1,Monsoon
SKU00030,2025-09-14,34,320739.33999999997,2,9433.51,0,1,Monsoon
SKU00030,2025-09-21,32,301872.32,2,9433.51,0,1,Monsoon
SKU00030,2025-09-28,41,386773.91000000003,2,9433.51,0,1,Monsoon
SKU00030,2025-10-05,27,254704.77000000002,0,9433.51,0,0,Monsoon
SKU00030,2025-10-12,25,235837.75,0,9433.51,0,0,Autumn
SKU00030,2025-10-19,32,301872.32,0,9433.51,0,0,Autumn
SKU00030,2025-10-26,27,254704.77,0,9433.51,1,0,Autumn
SKU00030,2025-11-02,28,264138.27999999997,2,9433.51,0,1,Autumn
SKU00030,2025-11-09,25,235837.75,2,9433.51,0,1,Autumn
SKU00030,2025-11-16,34,320739.33999999997,2,9433.51,0,1,Autumn
SKU00030,2025-11-23,33,311305.83,2,9433.51,0,1,Autumn
SKU00030,2025-11-30,26,245271.26,2,9433.51,0,1,Autumn
SKU00030,2025-12-07,25,235837.75,0,9433.51,0,0,Winter
SKU00030,2025-12-14,35,330172.85000000003,0,9433.51,0,0,Winter
SKU00030,2025-12-21,26,245271.26,0,9433.51,0,0,Winter
SKU00030,2025-12-28,28,264138.28,0,9433.51,1,0,Winter
SKU00030,2026-01-04,14,132069.14,0,9433.51,0,0,Winter
SKU00031,2024-01-07,143,1246377.99,0,8715.93,0,0,Winter
SKU00031,2024-01-14,107,932604.51,0,8715.93,0,0,Winter
SKU00031,2024-01-21,132,1150502.76,0,8715.93,0,0,Winter
SKU00031,2024-01-28,144,1255093.92,0,8715.93,1,0,Winter
SKU00031,2024-02-04,138,1202798.34,0,8715.93,0,0,Winter
SKU00031,2024-02-11,137,1194082.4100000001,0,8715.93,0,0,Winter
SKU00031,2024-02-18,137,1194082.4100000001,0,8715.93,0,0,Winter
SKU00031,2024-02-25,150,1307389.5,0,8715.93,0,0,Winter
SKU00031,2024-03-03,136,1185366.48,2,8715.93,0,1,Winter
SKU00031,2024-03-10,163,1420696.59,2,8715.93,0,1,Spring
SKU00031,2024-03-17,167,1455560.31,2,8715.93,0,1,Spring
SKU00031,2024-03-24,166,1446844.38,2,8715.93,0,1,Spring
SKU00031,2024-03-31,150,1307389.5,2,8715.93,0,1,Spring
SKU00031,2024-04-07,158,1377116.94,0,8715.93,0,0,Spring
SKU00031,2024-04-14,130,1133070.9,0,8715.93,0,0,Spring
SKU00031,2024-04-21,165,1438128.45,0,8715.93,0,0,Spring
SKU00031,2024-04-28,121,1054627.53,0,8715.93,0,0,Spring
SKU00031,2024-05-05,159,1385832.87,0,8715.93,0,0,Spring
SKU00031,2024-05-12,152,1324821.3599999999,0,8715.93,0,0,Summer
SKU00031,2024-05-19,143,1246377.99,0,8715.93,0,0,Summer
SKU00031,2024-05-26,150,1307389.5,0,8715.93,0,0,Summer
SKU00031,2024-06-02,160,1394548.8,2,8715.93,0,1,Summer
SKU00031,2024-06-09,151,1316105.43,2,8715.93,0,1,Summer
SKU00031,2024-06-16,150,1307389.5,2,8715.93,0,1,Summer
SKU00031,2024-06-23,152,1324821.3599999999,2,8715.93,0,1,Summer
SKU00031,2024-06-30,164,1429412.52,2,8715.93,0,1,Summer
SKU00031,2024-07-07,133,1159218.69,0,8715.93,0,0,Monsoon
SKU00031,2024-07-14,120,1045911.6,0,8715.93,0,0,Monsoon
SKU00031,2024-07-21,126,1098207.18,0,8715.93,0,0,Monsoon
SKU00031,2024-07-28,122,1063343.46,0,8715.93,0,0,Monsoon
SKU00031,2024-08-04,98,854161.14,0,8715.93,0,0,Monsoon
SKU00031,2024-08-11,145,1263809.85,0,8715.93,0,0,Monsoon
SKU00031,2024-08-18,120,1045911.6,0,8715.93,1,0,Monsoon
SKU00031,2024-08-25,104,906456.72,0,8715.93,0,0,Monsoon
SKU00031,2024-09-01,124,1080775.32,1,8715.93,0,1,Monsoon
SKU00031,2024-09-08,110,958752.3,2,8715.93,0,1,Monsoon
SKU00031,2024-09-15,135,1176650.55,2,8715.93,0,1,Monsoon
SKU00031,2024-09-22,123,1072059.3900000001,2,8715.93,0,1,Monsoon
SKU00031,2024-09-29,116,1011047.88,2,8715.93,0,1,Monsoon
SKU00031,2024-10-06,105,915172.65,0,8715.93,0,0,Monsoon
SKU00031,2024-10-13,109,950036.37,0,8715.93,0,0,Autumn
SKU00031,2024-10-20,109,950036.37,0,8715.93,0,0,Autumn
SKU00031,2024-10-27,112,976184.16,0,8715.93,0,0,Autumn
SKU00031,2024-11-03,129,1124354.97,2,8715.93,1,1,Autumn
SKU00031,2024-11-10,113,984900.0900000001,2,8715.93,0,1,Autumn
SKU00031,2024-11-17,105,915172.65,2,8715.93,0,1,Autumn
SKU00031,2024-11-24,113,984900.09,2,8715.93,0,1,Autumn
SKU00031,2024-12-01,103,897740.79,1,8715.93,0,1,Autumn
SKU00031,2024-12-08,114,993616.02,0,8715.93,0,0,Winter
SKU00031,2024-12-15,107,932604.51,0,8715.93,0,0,Winter
SKU00031,2024-12-22,106,923888.58,0,8715.93,0,0,Winter
SKU00031,2024-12-29,108,941320.44,0,8715.93,1,0,Winter
SKU00031,2025-01-05,138,1202798.34,0,8715.93,0,0,Winter
SKU00031,2025-01-12,145,1263809.85,0,8715.93,0,0,Winter
SKU00031,2025-01-19,132,1150502.76,0,8715.93,0,0,Winter
SKU00031,2025-01-26,140,1220230.2,0,8715.93,1,0,Winter
SKU00031,2025-02-02,131,1141786.83,0,8715.93,0,0,Winter
SKU00031,2025-02-09,152,1324821.36,0,8715.93,0,0,Winter
SKU00031,2025-02-16,163,1420696.59,0,8715.93,0,0,Winter
SKU00031,2025-02-23,130,1133070.9,0,8715.93,0,0,Winter
SKU00031,2025-03-02,137,1194082.41,2,8715.93,0,1,Winter
SKU00031,2025-03-09,170,1481708.1,2,8715.93,0,1,Spring
SKU00031,2025-03-16,133,1159218.69,2,8715.93,0,1,Spring
SKU00031,2025-03-23,145,1263809.85,2,8715.93,0,1,Spring
SKU00031,2025-03-30,173,1507855.8900000001,2,8715.93,0,1,Spring
SKU00031,2025-04-06,131,1141786.83,0,8715.93,0,0,Spring
SKU00031,2025-04-13,160,1394548.8,0,8715.93,0,0,Spring
SKU00031,2025-04-20,132,1150502.76,0,8715.93,0,0,Spring
SKU00031,2025-04-27,130,1133070.9000000001,0,8715.93,0,0,Spring
SKU00031,2025-05-04,153,1333537.29,0,8715.93,0,0,Spring
SKU00031,2025-05-11,156,1359685.08,0,8715.93,0,0,Summer
SKU00031,2025-05-18,145,1263809.85,0,8715.93,0,0,Summer
SKU00031,2025-05-25,158,1377116.94,0,8715.93,0,0,Summer
SKU00031,2025-06-01,153,1333537.29,1,8715.93,0,1,Summer
SKU00031,2025-06-08,156,1359685.08,2,8715.93,0,1,Summer
SKU00031,2025-06-15,162,1411980.66,2,8715.93,0,1,Summer
SKU00031,2025-06-22,144,1255093.92,2,8715.93,0,1,Summer
SKU00031,2025-06-29,136,1185366.48,2,8715.93,0,1,Summer
SKU00031,2025-07-06,124,1080775.32,0,8715.93,0,0,Summer
SKU00031,2025-07-13,111,967468.23,0,8715.93,0,0,Monsoon
SKU00031,2025-07-20,131,1141786.83,0,8715.93,0,0,Monsoon
SKU00031,2025-07-27,127,1106923.11,0,8715.93,0,0,Monsoon
SKU00031,2025-08-03,121,1054627.53,0,8715.93,0,0,Monsoon
SKU00031,2025-08-10,129,1124354.97,0,8715.93,0,0,Monsoon
SKU00031,2025-08-17,136,1185366.48,0,8715.93,1,0,Monsoon
SKU00031,2025-08-24,111,967468.23,0,8715.93,0,0,Monsoon
SKU00031,2025-08-31,123,1072059.3900000001,0,8715.93,0,0,Monsoon
SKU00031,2025-09-07,118,1028479.74,2,8715.93,0,1,Monsoon
SKU00031,2025-09-14,125,1089491.25,2,8715.93,0,1,Monsoon
SKU00031,2025-09-21,118,1028479.74,2,8715.93,0,1,Monsoon
SKU00031,2025-09-28,112,976184.16,2,8715.93,0,1,Monsoon
SKU00031,2025-10-05,107,932604.51,0,8715.93,0,0,Monsoon
SKU00031,2025-10-12,109,950036.37,0,8715.93,0,0,Autumn
SKU00031,2025-10-19,120,1045911.6,0,8715.93,0,0,Autumn
SKU00031,2025-10-26,114,993616.02,0,8715.93,1,0,Autumn
SKU00031,2025-11-02,110,958752.3,2,8715.93,0,1,Autumn
SKU00031,2025-11-09,109,950036.37,2,8715.93,0,1,Autumn
SKU00031,2025-11-16,131,1141786.83,2,8715.93,0,1,Autumn
SKU00031,2025-11-23,113,984900.09,2,8715.93,0,1,Autumn
SKU00031,2025-11-30,104,906456.72,2,8715.93,0,1,Autumn
SKU00031,2025-12-07,96,836729.28,0,8715.93,0,0,Winter
SKU00031,2025-12-14,104,906456.72,0,8715.93,0,0,Winter
SKU00031,2025-12-21,132,1150502.76,0,8715.93,0,0,Winter
SKU00031,2025-12-28,97,845445.21,0,8715.93,1,0,Winter
SKU00031,2026-01-04,50,435796.5,0,8715.93,0,0,Winter
SKU00032,2024-01-07,53,297467.27,0,5612.590000000001,0,0,Winter
SKU00032,2024-01-14,66,370430.94,0,5612.590000000001,0,0,Winter
SKU00032,2024-01-21,72,404106.48,0,5612.590000000001,0,0,Winter
SKU00032,2024-01-28,70,392881.3,0,5612.590000000001,1,0,Winter
SKU00032,2024-02-04,64,359205.76,0,5612.590000000001,0,0,Winter
SKU00032,2024-02-11,89,499520.51,0,5612.590000000001,0,0,Winter
SKU00032,2024-02-18,69,387268.71,0,5612.590000000001,0,0,Winter
SKU00032,2024-02-25,77,432169.43,0,5612.590000000001,0,0,Winter
SKU00032,2024-03-03,93,521970.87,2,5612.590000000001,0,1,Winter
SKU00032,2024-03-10,68,381656.12,2,5612.590000000001,0,1,Spring
SKU00032,2024-03-17,78,437782.02,2,5612.590000000001,0,1,Spring
SKU00032,2024-03-24,85,477070.15,2,5612.590000000001,0,1,Spring
SKU00032,2024-03-31,71,398493.89,2,5612.590000000001,0,1,Spring
SKU00032,2024-04-07,75,420944.25,0,5612.590000000001,0,0,Spring
SKU00032,2024-04-14,74,415331.66,0,5612.590000000001,0,0,Spring
SKU00032,2024-04-21,68,381656.12,0,5612.590000000001,0,0,Spring
SKU00032,2024-04-28,78,437782.02,0,5612.590000000001,0,0,Spring
SKU00032,2024-05-05,73,409719.07,0,5612.590000000001,0,0,Spring
SKU00032,2024-05-12,57,319917.63,0,5612.590000000001,0,0,Summer
SKU00032,2024-05-19,101,566871.59,0,5612.590000000001,0,0,Summer
SKU00032,2024-05-26,72,404106.48,0,5612.590000000001,0,0,Summer
SKU00032,2024-06-02,84,471457.56,2,5612.590000000001,0,1,Summer
SKU00032,2024-06-09,83,465844.97,2,5612.590000000001,0,1,Summer
SKU00032,2024-06-16,65,364818.35,2,5612.590000000001,0,1,Summer
SKU00032,2024-06-23,74,415331.66,2,5612.590000000001,0,1,Summer
SKU00032,2024-06-30,71,398493.89,2,5612.590000000001,0,1,Summer
SKU00032,2024-07-07,66,370430.94,0,5612.590000000001,0,0,Monsoon
SKU00032,2024-07-14,69,387268.71,0,5612.590000000001,0,0,Monsoon
SKU00032,2024-07-21,75,420944.25,0,5612.590000000001,0,0,Monsoon
SKU00032,2024-07-28,53,297467.27,0,5612.590000000001,0,0,Monsoon
SKU00032,2024-08-04,46,258179.14,0,5612.590000000001,0,0,Monsoon
SKU00032,2024-08-11,61,342367.99,0,5612.590000000001,0,0,Monsoon
SKU00032,2024-08-18,54,303079.86,0,5612.590000000001,1,0,Monsoon
SKU00032,2024-08-25,42,235728.78000000003,0,5612.590000000001,0,0,Monsoon
SKU00032,2024-09-01,50,280629.5,1,5612.590000000001,0,1,Monsoon
SKU00032,2024-09-08,58,325530.22,2,5612.590000000001,0,1,Monsoon
SKU00032,2024-09-15,60,336755.4,2,5612.590000000001,0,1,Monsoon
SKU00032,2024-09-22,69,387268.70999999996,2,5612.590000000001,0,1,Monsoon
SKU00032,2024-09-29,43,241341.37,2,5612.590000000001,0,1,Monsoon
SKU00032,2024-10-06,50,280629.5,0,5612.590000000001,0,0,Monsoon
SKU00032,2024-10-13,56,314305.04,0,5612.590000000001,0,0,Autumn
SKU00032,2024-10-20,49,275016.91,0,5612.590000000001,0,0,Autumn
SKU00032,2024-10-27,48,269404.32,0,5612.590000000001,0,0,Autumn
SKU00032,2024-11-03,51,286242.08999999997,2,5612.590000000001,1,1,Autumn
SKU00032,2024-11-10,68,381656.12,2,5612.590000000001,0,1,Autumn
SKU00032,2024-11-17,53,297467.27,2,5612.590000000001,0,1,Autumn
SKU00032,2024-11-24,41,230116.19,2,5612.590000000001,0,1,Autumn
SKU00032,2024-12-01,50,280629.5,1,5612.590000000001,0,1,Autumn
SKU00032,2024-12-08,54,303079.86,0,5612.590000000001,0,0,Winter
SKU00032,2024-12-15,58,325530.22000000003,0,5612.590000000001,0,0,Winter
SKU00032,2024-12-22,59,331142.81,0,5612.590000000001,0,0,Winter
SKU00032,2024-12-29,64,359205.76,0,5612.590000000001,1,0,Winter
SKU00032,2025-01-05,57,319917.63,0,5612.590000000001,0,0,Winter
SKU00032,2025-01-12,54,303079.86,0,5612.590000000001,0,0,Winter
SKU00032,2025-01-19,67,376043.53,0,5612.590000000001,0,0,Winter
SKU00032,2025-01-26,64,359205.76,0,5612.590000000001,1,0,Winter
SKU00032,2025-02-02,63,353593.17000000004,0,5612.590000000001,0,0,Winter
SKU00032,2025-02-09,74,415331.66000000003,0,5612.590000000001,0,0,Winter
SKU00032,2025-02-16,63,353593.17,0,5612.590000000001,0,0,Winter
SKU00032,2025-02-23,80,449007.2,0,5612.590000000001,0,0,Winter
SKU00032,2025-03-02,73,409719.07,2,5612.590000000001,0,1,Winter
SKU00032,2025-03-09,58,325530.22,2,5612.590000000001,0,1,Spring
SKU00032,2025-03-16,98,550033.8200000001,2,5612.590000000001,0,1,Spring
SKU00032,2025-03-23,83,465844.97,2,5612.590000000001,0,1,Spring
SKU00032,2025-03-30,74,415331.66000000003,2,5612.590000000001,0,1,Spring
SKU00032,2025-04-06,68,381656.12,0,5612.590000000001,0,0,Spring
SKU00032,2025-04-13,78,437782.02,0,5612.590000000001,0,0,Spring
SKU00032,2025-04-20,92,516358.28,0,5612.590000000001,0,0,Spring
SKU00032,2025-04-27,71,398493.89,0,5612.590000000001,0,0,Spring
SKU00032,2025-05-04,89,499520.51,0,5612.590000000001,0,0,Spring
SKU00032,2025-05-11,94,527583.46,0,5612.590000000001,0,0,Summer
SKU00032,2025-05-18,73,409719.07,0,5612.590000000001,0,0,Summer
SKU00032,2025-05-25,69,387268.71,0,5612.590000000001,0,0,Summer
SKU00032,2025-06-01,79,443394.61,1,5612.590000000001,0,1,Summer
SKU00032,2025-06-08,77,432169.43,2,5612.590000000001,0,1,Summer
SKU00032,2025-06-15,78,437782.02,2,5612.590000000001,0,1,Summer
SKU00032,2025-06-22,74,415331.66,2,5612.590000000001,0,1,Summer
SKU00032,2025-06-29,55,308692.45,2,5612.590000000001,0,1,Summer
SKU00032,2025-07-06,70,392881.3,0,5612.590000000001,0,0,Summer
SKU00032,2025-07-13,63,353593.17,0,5612.590000000001,0,0,Monsoon
SKU00032,2025-07-20,54,303079.86,0,5612.590000000001,0,0,Monsoon
SKU00032,2025-07-27,52,291854.68,0,5612.590000000001,0,0,Monsoon
SKU00032,2025-08-03,80,449007.2,0,5612.590000000001,0,0,Monsoon
SKU00032,2025-08-10,51,286242.09,0,5612.590000000001,0,0,Monsoon
SKU00032,2025-08-17,65,364818.35,0,5612.590000000001,1,0,Monsoon
SKU00032,2025-08-24,51,286242.09,0,5612.590000000001,0,0,Monsoon
SKU00032,2025-08-31,55,308692.45,0,5612.590000000001,0,0,Monsoon
SKU00032,2025-09-07,48,269404.32,2,5612.590000000001,0,1,Monsoon
SKU00032,2025-09-14,76,426556.83999999997,2,5612.590000000001,0,1,Monsoon
SKU00032,2025-09-21,57,319917.63,2,5612.590000000001,0,1,Monsoon
SKU00032,2025-09-28,60,336755.4,2,5612.590000000001,0,1,Monsoon
SKU00032,2025-10-05,44,246953.96,0,5612.590000000001,0,0,Monsoon
SKU00032,2025-10-12,50,280629.5,0,5612.590000000001,0,0,Autumn
SKU00032,2025-10-19,48,269404.32,0,5612.590000000001,0,0,Autumn
SKU00032,2025-10-26,52,291854.68,0,5612.590000000001,1,0,Autumn
SKU00032,2025-11-02,67,376043.52999999997,2,5612.590000000001,0,1,Autumn
SKU00032,2025-11-09,61,342367.99,2,5612.590000000001,0,1,Autumn
SKU00032,2025-11-16,54,303079.86,2,5612.590000000001,0,1,Autumn
SKU00032,2025-11-23,70,392881.3,2,5612.590000000001,0,1,Autumn
SKU00032,2025-11-30,50,280629.5,2,5612.590000000001,0,1,Autumn
SKU00032,2025-12-07,60,336755.4,0,5612.590000000001,0,0,Winter
SKU00032,2025-12-14,56,314305.04,0,5612.590000000001,0,0,Winter
SKU00032,2025-12-21,68,381656.12,0,5612.590000000001,0,0,Winter
SKU00032,2025-12-28,51,286242.09,0,5612.590000000001,1,0,Winter
SKU00032,2026-01-04,26,145927.34,0,5612.59,0,0,Winter
SKU00033,2024-01-07,114,405612.0,0,3558.0,0,0,Winter
SKU00033,2024-01-14,133,473214.0,0,3558.0,0,0,Winter
SKU00033,2024-01-21,132,469656.0,0,3558.0,0,0,Winter
SKU00033,2024-01-28,127,451866.0,0,3558.0,1,0,Winter
SKU00033,2024-02-04,123,437634.0,0,3558.0,0,0,Winter
SKU00033,2024-02-11,144,512352.0,0,3558.0,0,0,Winter
SKU00033,2024-02-18,105,373590.0,0,3558.0,0,0,Winter
SKU00033,2024-02-25,125,444750.0,0,3558.0,0,0,Winter
SKU00033,2024-03-03,125,444750.0,2,3558.0,0,1,Winter
SKU00033,2024-03-10,149,530142.0,2,3558.0,0,1,Spring
SKU00033,2024-03-17,160,569280.0,2,3558.0,0,1,Spring
SKU00033,2024-03-24,151,537258.0,2,3558.0,0,1,Spring
SKU00033,2024-03-31,162,576396.0,2,3558.0,0,1,Spring
SKU00033,2024-04-07,164,583512.0,0,3558.0,0,0,Spring
SKU00033,2024-04-14,178,633324.0,0,3558.0,0,0,Spring
SKU00033,2024-04-21,148,526584.0,0,3558.0,0,0,Spring
SKU00033,2024-04-28,119,423402.0,0,3558.0,0,0,Spring
SKU00033,2024-05-05,138,491004.0,0,3558.0,0,0,Spring
SKU00033,2024-05-12,155,551490.0,0,3558.0,0,0,Summer
SKU00033,2024-05-19,150,533700.0,0,3558.0,0,0,Summer
SKU00033,2024-05-26,120,426960.0,0,3558.0,0,0,Summer
SKU00033,2024-06-02,145,515910.0,2,3558.0,0,1,Summer
SKU00033,2024-06-09,146,519468.0,2,3558.0,0,1,Summer
SKU00033,2024-06-16,152,540816.0,2,3558.0,0,1,Summer
SKU00033,2024-06-23,158,562164.0,2,3558.0,0,1,Summer
SKU00033,2024-06-30,146,519468.0,2,3558.0,0,1,Summer
SKU00033,2024-07-07,134,476772.0,0,3558.0,0,0,Monsoon
SKU00033,2024-07-14,136,483888.0,0,3558.0,0,0,Monsoon
SKU00033,2024-07-21,122,434076.0,0,3558.0,0,0,Monsoon
SKU00033,2024-07-28,125,444750.0,0,3558.0,0,0,Monsoon
SKU00033,2024-08-04,112,398496.0,0,3558.0,0,0,Monsoon
SKU00033,2024-08-11,107,380706.0,0,3558.0,0,0,Monsoon
SKU00033,2024-08-18,103,366474.0,0,3558.0,1,0,Monsoon
SKU00033,2024-08-25,109,387822.0,0,3558.0,0,0,Monsoon
SKU00033,2024-09-01,107,380706.0,1,3558.0,0,1,Monsoon
SKU00033,2024-09-08,109,387822.0,2,3558.0,0,1,Monsoon
SKU00033,2024-09-15,107,380706.0,2,3558.0,0,1,Monsoon
SKU00033,2024-09-22,88,313104.0,2,3558.0,0,1,Monsoon
SKU00033,2024-09-29,106,377148.0,2,3558.0,0,1,Monsoon
SKU00033,2024-10-06,94,334452.0,0,3558.0,0,0,Monsoon
SKU00033,2024-10-13,95,338010.0,0,3558.0,0,0,Autumn
SKU00033,2024-10-20,104,370032.0,0,3558.0,0,0,Autumn
SKU00033,2024-10-27,114,405612.0,0,3558.0,0,0,Autumn
SKU00033,2024-11-03,118,419844.0,2,3558.0,1,1,Autumn
SKU00033,2024-11-10,123,437634.0,2,3558.0,0,1,Autumn
SKU00033,2024-11-17,103,366474.0,2,3558.0,0,1,Autumn
SKU00033,2024-11-24,109,387822.0,2,3558.0,0,1,Autumn
SKU00033,2024-12-01,86,305988.0,1,3558.0,0,1,Autumn
SKU00033,2024-12-08,107,380706.0,0,3558.0,0,0,Winter
SKU00033,2024-12-15,127,451866.0,0,3558.0,0,0,Winter
SKU00033,2024-12-22,120,426960.0,0,3558.0,0,0,Winter
SKU00033,2024-12-29,108,384264.0,0,3558.0,1,0,Winter
SKU00033,2025-01-05,103,366474.0,0,3558.0,0,0,Winter
SKU00033,2025-01-12,123,437634.0,0,3558.0,0,0,Winter
SKU00033,2025-01-19,138,491004.0,0,3558.0,0,0,Winter
SKU00033,2025-01-26,129,458982.0,0,3558.0,1,0,Winter
SKU00033,2025-02-02,139,494562.0,0,3558.0,0,0,Winter
SKU00033,2025-02-09,146,519468.0,0,3558.0,0,0,Winter
SKU00033,2025-02-16,127,451866.0,0,3558.0,0,0,Winter
SKU00033,2025-02-23,129,458982.0,0,3558.0,0,0,Winter
SKU00033,2025-03-02,138,491004.0,2,3558.0,0,1,Winter
SKU00033,2025-03-09,154,547932.0,2,3558.0,0,1,Spring
SKU00033,2025-03-16,160,569280.0,2,3558.0,0,1,Spring
SKU00033,2025-03-23,149,530142.0,2,3558.0,0,1,Spring
SKU00033,2025-03-30,179,636882.0,2,3558.0,0,1,Spring
SKU00033,2025-04-06,156,555048.0,0,3558.0,0,0,Spring
SKU00033,2025-04-13,159,565722.0,0,3558.0,0,0,Spring
SKU00033,2025-04-20,130,462540.0,0,3558.0,0,0,Spring
SKU00033,2025-04-27,159,565722.0,0,3558.0,0,0,Spring
SKU00033,2025-05-04,152,540816.0,0,3558.0,0,0,Spring
SKU00033,2025-05-11,154,547932.0,0,3558.0,0,0,Summer
SKU00033,2025-05-18,140,498120.0,0,3558.0,0,0,Summer
SKU00033,2025-05-25,132,469656.0,0,3558.0,0,0,Summer
SKU00033,2025-06-01,155,551490.0,1,3558.0,0,1,Summer
SKU00033,2025-06-08,132,469656.0,2,3558.0,0,1,Summer
SKU00033,2025-06-15,154,547932.0,2,3558.0,0,1,Summer
SKU00033,2025-06-22,165,587070.0,2,3558.0,0,1,Summer
SKU00033,2025-06-29,145,515910.0,2,3558.0,0,1,Summer
SKU00033,2025-07-06,137,487446.0,0,3558.0,0,0,Summer
SKU00033,2025-07-13,118,419844.0,0,3558.0,0,0,Monsoon
SKU00033,2025-07-20,121,430518.0,0,3558.0,0,0,Monsoon
SKU00033,2025-07-27,119,423402.0,0,3558.0,0,0,Monsoon
SKU00033,2025-08-03,112,398496.0,0,3558.0,0,0,Monsoon
SKU00033,2025-08-10,110,391380.0,0,3558.0,0,0,Monsoon
SKU00033,2025-08-17,96,341568.0,0,3558.0,1,0,Monsoon
SKU00033,2025-08-24,113,402054.0,0,3558.0,0,0,Monsoon
SKU00033,2025-08-31,115,409170.0,0,3558.0,0,0,Monsoon
SKU00033,2025-09-07,97,345126.0,2,3558.0,0,1,Monsoon
SKU00033,2025-09-14,126,448308.0,2,3558.0,0,1,Monsoon
SKU00033,2025-09-21,110,391380.0,2,3558.0,0,1,Monsoon
SKU00033,2025-09-28,125,444750.0,2,3558.0,0,1,Monsoon
SKU00033,2025-10-05,102,362916.0,0,3558.0,0,0,Monsoon
SKU00033,2025-10-12,88,313104.0,0,3558.0,0,0,Autumn
SKU00033,2025-10-19,100,355800.0,0,3558.0,0,0,Autumn
SKU00033,2025-10-26,95,338010.0,0,3558.0,1,0,Autumn
SKU00033,2025-11-02,95,338010.0,2,3558.0,0,1,Autumn
SKU00033,2025-11-09,119,423402.0,2,3558.0,0,1,Autumn
SKU00033,2025-11-16,116,412728.0,2,3558.0,0,1,Autumn
SKU00033,2025-11-23,120,426960.0,2,3558.0,0,1,Autumn
SKU00033,2025-11-30,121,430518.0,2,3558.0,0,1,Autumn
SKU00033,2025-12-07,117,416286.0,0,3558.0,0,0,Winter
SKU00033,2025-12-14,109,387822.0,0,3558.0,0,0,Winter
SKU00033,2025-12-21,116,412728.0,0,3558.0,0,0,Winter
SKU00033,2025-12-28,96,341568.0,0,3558.0,1,0,Winter
SKU00033,2026-01-04,42,149436.0,0,3558.0,0,0,Winter
SKU00034,2024-01-07,131,198876.34,0,1518.14,0,0,Winter
SKU00034,2024-01-14,146,221648.44,0,1518.14,0,0,Winter
SKU00034,2024-01-21,137,207985.18,0,1518.14,0,0,Winter
SKU00034,2024-01-28,126,191285.64,0,1518.14,1,0,Winter
SKU00034,2024-02-04,153,232275.41999999998,0,1518.14,0,0,Winter
SKU00034,2024-02-11,160,242902.40000000002,0,1518.14,0,0,Winter
SKU00034,2024-02-18,142,215575.88,0,1518.14,0,0,Winter
SKU00034,2024-02-25,132,200394.48,0,1518.14,0,0,Winter
SKU00034,2024-03-03,155,235311.7,2,1518.14,0,1,Winter
SKU00034,2024-03-10,163,247456.82,2,1518.14,0,1,Spring
SKU00034,2024-03-17,161,244420.54,2,1518.14,0,1,Spring
SKU00034,2024-03-24,171,259601.94,2,1518.14,0,1,Spring
SKU00034,2024-03-31,167,253529.38,2,1518.14,0,1,Spring
SKU00034,2024-04-07,179,271747.06,0,1518.14,0,0,Spring
SKU00034,2024-04-14,174,264156.36,0,1518.14,0,0,Spring
SKU00034,2024-04-21,162,245938.68,0,1518.14,0,0,Spring
SKU00034,2024-04-28,160,242902.40000000002,0,1518.14,0,0,Spring
SKU00034,2024-05-05,170,258083.8,0,1518.14,0,0,Spring
SKU00034,2024-05-12,153,232275.41999999998,0,1518.14,0,0,Summer
SKU00034,2024-05-19,163,247456.82,0,1518.14,0,0,Summer
SKU00034,2024-05-26,147,223166.58000000002,0,1518.14,0,0,Summer
SKU00034,2024-06-02,170,258083.8,2,1518.14,0,1,Summer
SKU00034,2024-06-09,171,259601.94,2,1518.14,0,1,Summer
SKU00034,2024-06-16,165,250493.1,2,1518.14,0,1,Summer
SKU00034,2024-06-23,170,258083.8,2,1518.14,0,1,Summer
SKU00034,2024-06-30,181,274783.34,2,1518.14,0,1,Summer
SKU00034,2024-07-07,148,224684.72,0,1518.14,0,0,Monsoon
SKU00034,2024-07-14,120,182176.80000000002,0,1518.14,0,0,Monsoon
SKU00034,2024-07-21,127,192803.78,0,1518.14,0,0,Monsoon
SKU00034,2024-07-28,132,200394.48,0,1518.14,0,0,Monsoon
SKU00034,2024-08-04,117,177622.38,0,1518.14,0,0,Monsoon
SKU00034,2024-08-11,129,195840.06,0,1518.14,0,0,Monsoon
SKU00034,2024-08-18,120,182176.8,0,1518.14,1,0,Monsoon
SKU00034,2024-08-25,95,144223.3,0,1518.14,0,0,Monsoon
SKU00034,2024-09-01,115,174586.1,1,1518.14,0,1,Monsoon
SKU00034,2024-09-08,110,166995.4,2,1518.14,0,1,Monsoon
SKU00034,2024-09-15,150,227721.0,2,1518.14,0,1,Monsoon
SKU00034,2024-09-22,153,232275.41999999998,2,1518.14,0,1,Monsoon
SKU00034,2024-09-29,111,168513.54,2,1518.14,0,1,Monsoon
SKU00034,2024-10-06,118,179140.52,0,1518.14,0,0,Monsoon
SKU00034,2024-10-13,99,150295.86,0,1518.14,0,0,Autumn
SKU00034,2024-10-20,116,176104.24,0,1518.14,0,0,Autumn
SKU00034,2024-10-27,111,168513.54,0,1518.14,0,0,Autumn
SKU00034,2024-11-03,137,207985.18,2,1518.14,1,1,Autumn
SKU00034,2024-11-10,122,185213.08000000002,2,1518.14,0,1,Autumn
SKU00034,2024-11-17,131,198876.34,2,1518.14,0,1,Autumn
SKU00034,2024-11-24,121,183694.94,2,1518.14,0,1,Autumn
SKU00034,2024-12-01,142,215575.88,1,1518.14,0,1,Autumn
SKU00034,2024-12-08,128,194321.91999999998,0,1518.14,0,0,Winter
SKU00034,2024-12-15,137,207985.18,0,1518.14,0,0,Winter
SKU00034,2024-12-22,114,173067.96000000002,0,1518.14,0,0,Winter
SKU00034,2024-12-29,127,192803.78,0,1518.14,1,0,Winter
SKU00034,2025-01-05,129,195840.06,0,1518.14,0,0,Winter
SKU00034,2025-01-12,128,194321.92,0,1518.14,0,0,Winter
SKU00034,2025-01-19,134,203430.76,0,1518.14,0,0,Winter
SKU00034,2025-01-26,148,224684.72,0,1518.14,1,0,Winter
SKU00034,2025-02-02,142,215575.88,0,1518.14,0,0,Winter
SKU00034,2025-02-09,145,220130.3,0,1518.14,0,0,Winter
SKU00034,2025-02-16,160,242902.4,0,1518.14,0,0,Winter
SKU00034,2025-02-23,163,247456.82,0,1518.14,0,0,Winter
SKU00034,2025-03-02,153,232275.41999999998,2,1518.14,0,1,Winter
SKU00034,2025-03-09,176,267192.64,2,1518.14,0,1,Spring
SKU00034,2025-03-16,197,299073.58,2,1518.14,0,1,Spring
SKU00034,2025-03-23,170,258083.8,2,1518.14,0,1,Spring
SKU00034,2025-03-30,176,267192.64,2,1518.14,0,1,Spring
SKU00034,2025-04-06,159,241384.26,0,1518.14,0,0,Spring
SKU00034,2025-04-13,150,227721.0,0,1518.14,0,0,Spring
SKU00034,2025-04-20,156,236829.84,0,1518.14,0,0,Spring
SKU00034,2025-04-27,170,258083.8,0,1518.14,0,0,Spring
SKU00034,2025-05-04,150,227721.0,0,1518.14,0,0,Spring
SKU00034,2025-05-11,127,192803.78,0,1518.14,0,0,Summer
SKU00034,2025-05-18,171,259601.94,0,1518.14,0,0,Summer
SKU00034,2025-05-25,162,245938.68,0,1518.14,0,0,Summer
SKU00034,2025-06-01,180,273265.2,1,1518.14,0,1,Summer
SKU00034,2025-06-08,163,247456.82,2,1518.14,0,1,Summer
SKU00034,2025-06-15,162,245938.68,2,1518.14,0,1,Summer
SKU00034,2025-06-22,163,247456.82,2,1518.14,0,1,Summer
SKU00034,2025-06-29,172,261120.08000000002,2,1518.14,0,1,Summer
SKU00034,2025-07-06,134,203430.76,0,1518.14,0,0,Summer
SKU00034,2025-07-13,118,179140.52,0,1518.14,0,0,Monsoon
SKU00034,2025-07-20,147,223166.58000000002,0,1518.14,0,0,Monsoon
SKU00034,2025-07-27,152,230757.28,0,1518.14,0,0,Monsoon
SKU00034,2025-08-03,124,188249.36,0,1518.14,0,0,Monsoon
SKU00034,2025-08-10,111,168513.54,0,1518.14,0,0,Monsoon
SKU00034,2025-08-17,135,204948.9,0,1518.14,1,0,Monsoon
SKU00034,2025-08-24,103,156368.42,0,1518.14,0,0,Monsoon
SKU00034,2025-08-31,138,209503.32,0,1518.14,0,0,Monsoon
SKU00034,2025-09-07,150,227721.0,2,1518.14,0,1,Monsoon
SKU00034,2025-09-14,115,174586.1,2,1518.14,0,1,Monsoon
SKU00034,2025-09-21,110,166995.4,2,1518.14,0,1,Monsoon
SKU00034,2025-09-28,148,224684.72,2,1518.14,0,1,Monsoon
SKU00034,2025-10-05,106,160922.84,0,1518.14,0,0,Monsoon
SKU00034,2025-10-12,97,147259.58000000002,0,1518.14,0,0,Autumn
SKU00034,2025-10-19,115,174586.1,0,1518.14,0,0,Autumn
SKU00034,2025-10-26,101,153332.14,0,1518.14,1,0,Autumn
SKU00034,2025-11-02,122,185213.08000000002,2,1518.14,0,1,Autumn
SKU00034,2025-11-09,129,195840.06,2,1518.14,0,1,Autumn
SKU00034,2025-11-16,118,179140.52000000002,2,1518.14,0,1,Autumn
SKU00034,2025-11-23,133,201912.62,2,1518.14,0,1,Autumn
SKU00034,2025-11-30,130,197358.2,2,1518.14,0,1,Autumn
SKU00034,2025-12-07,147,223166.58000000002,0,1518.14,0,0,Winter
SKU00034,2025-12-14,118,179140.52,0,1518.14,0,0,Winter
SKU00034,2025-12-21,119,180658.66,0,1518.14,0,0,Winter
SKU00034,2025-12-28,124,188249.36,0,1518.14,1,0,Winter
SKU00034,2026-01-04,42,63761.880000000005,0,1518.14,0,0,Winter
SKU00035,2024-01-07,146,1587047.74,0,10870.19,0,0,Winter
SKU00035,2024-01-14,159,1728360.21,0,10870.19,0,0,Winter
SKU00035,2024-01-21,154,1674009.26,0,10870.19,0,0,Winter
SKU00035,2024-01-28,139,1510956.41,0,10870.19,1,0,Winter
SKU00035,2024-02-04,154,1674009.26,0,10870.19,0,0,Winter
SKU00035,2024-02-11,153,1663139.07,0,10870.19,0,0,Winter
SKU00035,2024-02-18,165,1793581.35,0,10870.19,0,0,Winter
SKU00035,2024-02-25,163,1771840.97,0,10870.19,0,0,Winter
SKU00035,2024-03-03,173,1880542.87,2,10870.19,0,1,Winter
SKU00035,2024-03-10,177,1924023.6300000001,2,10870.19,0,1,Spring
SKU00035,2024-03-17,177,1924023.63,2,10870.19,0,1,Spring
SKU00035,2024-03-24,185,2010985.15,2,10870.19,0,1,Spring
SKU00035,2024-03-31,176,1913153.44,2,10870.19,0,1,Spring
SKU00035,2024-04-07,165,1793581.35,0,10870.19,0,0,Spring
SKU00035,2024-04-14,187,2032725.53,0,10870.19,0,0,Spring
SKU00035,2024-04-21,159,1728360.21,0,10870.19,0,0,Spring
SKU00035,2024-04-28,201,2184908.19,0,10870.19,0,0,Spring
SKU00035,2024-05-05,169,1837062.11,0,10870.19,0,0,Spring
SKU00035,2024-05-12,159,1728360.21,0,10870.19,0,0,Summer
SKU00035,2024-05-19,158,1717490.02,0,10870.19,0,0,Summer
SKU00035,2024-05-26,174,1891413.06,0,10870.19,0,0,Summer
SKU00035,2024-06-02,176,1913153.44,2,10870.19,0,1,Summer
SKU00035,2024-06-09,166,1804451.54,2,10870.19,0,1,Summer
SKU00035,2024-06-16,195,2119687.05,2,10870.19,0,1,Summer
SKU00035,2024-06-23,159,1728360.21,2,10870.19,0,1,Summer
SKU00035,2024-06-30,177,1924023.63,2,10870.19,0,1,Summer
SKU00035,2024-07-07,143,1554437.17,0,10870.19,0,0,Monsoon
SKU00035,2024-07-14,159,1728360.21,0,10870.19,0,0,Monsoon
SKU00035,2024-07-21,132,1434865.08,0,10870.19,0,0,Monsoon
SKU00035,2024-07-28,159,1728360.21,0,10870.19,0,0,Monsoon
SKU00035,2024-08-04,144,1565307.36,0,10870.19,0,0,Monsoon
SKU00035,2024-08-11,137,1489216.03,0,10870.19,0,0,Monsoon
SKU00035,2024-08-18,137,1489216.03,0,10870.19,1,0,Monsoon
SKU00035,2024-08-25,125,1358773.75,0,10870.19,0,0,Monsoon
SKU00035,2024-09-01,135,1467475.65,1,10870.19,0,1,Monsoon
SKU00035,2024-09-08,120,1304422.8,2,10870.19,0,1,Monsoon
SKU00035,2024-09-15,134,1456605.46,2,10870.19,0,1,Monsoon
SKU00035,2024-09-22,133,1445735.27,2,10870.19,0,1,Monsoon
SKU00035,2024-09-29,130,1413124.7,2,10870.19,0,1,Monsoon
SKU00035,2024-10-06,114,1239201.6600000001,0,10870.19,0,0,Monsoon
SKU00035,2024-10-13,102,1108759.38,0,10870.19,0,0,Autumn
SKU00035,2024-10-20,126,1369643.94,0,10870.19,0,0,Autumn
SKU00035,2024-10-27,102,1108759.38,0,10870.19,0,0,Autumn
SKU00035,2024-11-03,119,1293552.6099999999,2,10870.19,1,1,Autumn
SKU00035,2024-11-10,124,1347903.56,2,10870.19,0,1,Autumn
SKU00035,2024-11-17,117,1271812.23,2,10870.19,0,1,Autumn
SKU00035,2024-11-24,135,1467475.65,2,10870.19,0,1,Autumn
SKU00035,2024-12-01,132,1434865.08,1,10870.19,0,1,Autumn
SKU00035,2024-12-08,135,1467475.65,0,10870.19,0,0,Winter
SKU00035,2024-12-15,133,1445735.27,0,10870.19,0,0,Winter
SKU00035,2024-12-22,134,1456605.46,0,10870.19,0,0,Winter
SKU00035,2024-12-29,126,1369643.94,0,10870.19,1,0,Winter
SKU00035,2025-01-05,139,1510956.4100000001,0,10870.19,0,0,Winter
SKU00035,2025-01-12,149,1619658.31,0,10870.19,0,0,Winter
SKU00035,2025-01-19,122,1326163.18,0,10870.19,0,0,Winter
SKU00035,2025-01-26,148,1608788.1199999999,0,10870.19,1,0,Winter
SKU00035,2025-02-02,140,1521826.6,0,10870.19,0,0,Winter
SKU00035,2025-02-09,179,1945764.01,0,10870.19,0,0,Winter
SKU00035,2025-02-16,184,2000114.96,0,10870.19,0,0,Winter
SKU00035,2025-02-23,165,1793581.35,0,10870.19,0,0,Winter
SKU00035,2025-03-02,189,2054465.9100000001,2,10870.19,0,1,Winter
SKU00035,2025-03-09,175,1902283.25,2,10870.19,0,1,Spring
SKU00035,2025-03-16,162,1760970.78,2,10870.19,0,1,Spring
SKU00035,2025-03-23,176,1913153.44,2,10870.19,0,1,Spring
SKU00035,2025-03-30,181,1967504.3900000001,2,10870.19,0,1,Spring
SKU00035,2025-04-06,164,1782711.16,0,10870.19,0,0,Spring
SKU00035,2025-04-13,187,2032725.53,0,10870.19,0,0,Spring
SKU00035,2025-04-20,173,1880542.87,0,10870.19,0,0,Spring
SKU00035,2025-04-27,160,1739230.4,0,10870.19,0,0,Spring
SKU00035,2025-05-04,176,1913153.44,0,10870.19,0,0,Spring
SKU00035,2025-05-11,180,1956634.2,0,10870.19,0,0,Summer
SKU00035,2025-05-18,181,1967504.3900000001,0,10870.19,0,0,Summer
SKU00035,2025-05-25,169,1837062.1099999999,0,10870.19,0,0,Summer
SKU00035,2025-06-01,183,1989244.77,1,10870.19,0,1,Summer
SKU00035,2025-06-08,190,2065336.1,2,10870.19,0,1,Summer
SKU00035,2025-06-15,163,1771840.97,2,10870.19,0,1,Summer
SKU00035,2025-06-22,152,1652268.88,2,10870.19,0,1,Summer
SKU00035,2025-06-29,177,1924023.63,2,10870.19,0,1,Summer
SKU00035,2025-07-06,148,1608788.12,0,10870.19,0,0,Summer
SKU00035,2025-07-13,123,1337033.37,0,10870.19,0,0,Monsoon
SKU00035,2025-07-20,132,1434865.08,0,10870.19,0,0,Monsoon
SKU00035,2025-07-27,154,1674009.26,0,10870.19,0,0,Monsoon
SKU00035,2025-08-03,137,1489216.03,0,10870.19,0,0,Monsoon
SKU00035,2025-08-10,134,1456605.46,0,10870.19,0,0,Monsoon
SKU00035,2025-08-17,146,1587047.74,0,10870.19,1,0,Monsoon
SKU00035,2025-08-24,117,1271812.23,0,10870.19,0,0,Monsoon
SKU00035,2025-08-31,132,1434865.08,0,10870.19,0,0,Monsoon
SKU00035,2025-09-07,147,1597917.93,2,10870.19,0,1,Monsoon
SKU00035,2025-09-14,119,1293552.61,2,10870.19,0,1,Monsoon
SKU00035,2025-09-21,138,1500086.22,2,10870.19,0,1,Monsoon
SKU00035,2025-09-28,123,1337033.37,2,10870.19,0,1,Monsoon
SKU00035,2025-10-05,134,1456605.46,0,10870.19,0,0,Monsoon
SKU00035,2025-10-12,108,1173980.52,0,10870.19,0,0,Autumn
SKU00035,2025-10-19,129,1402254.51,0,10870.19,0,0,Autumn
SKU00035,2025-10-26,135,1467475.65,0,10870.19,1,0,Autumn
SKU00035,2025-11-02,117,1271812.23,2,10870.19,0,1,Autumn
SKU00035,2025-11-09,113,1228331.47,2,10870.19,0,1,Autumn
SKU00035,2025-11-16,124,1347903.56,2,10870.19,0,1,Autumn
SKU00035,2025-11-23,133,1445735.27,2,10870.19,0,1,Autumn
SKU00035,2025-11-30,131,1423994.8900000001,2,10870.19,0,1,Autumn
SKU00035,2025-12-07,128,1391384.32,0,10870.19,0,0,Winter
SKU00035,2025-12-14,128,1391384.32,0,10870.19,0,0,Winter
SKU00035,2025-12-21,127,1380514.13,0,10870.19,0,0,Winter
SKU00035,2025-12-28,148,1608788.12,0,10870.19,1,0,Winter
SKU00035,2026-01-04,40,434807.6,0,10870.19,0,0,Winter
SKU00036,2024-01-07,25,142175.0,0,5687.0,0,0,Winter
SKU00036,2024-01-14,28,159236.0,0,5687.0,0,0,Winter
SKU00036,2024-01-21,40,227480.0,0,5687.0,0,0,Winter
SKU00036,2024-01-28,39,221793.0,0,5687.0,1,0,Winter
SKU00036,2024-02-04,46,261602.0,0,5687.0,0,0,Winter
SKU00036,2024-02-11,29,164923.0,0,5687.0,0,0,Winter
SKU00036,2024-02-18,41,233167.0,0,5687.0,0,0,Winter
SKU00036,2024-02-25,33,187671.0,0,5687.0,0,0,Winter
SKU00036,2024-03-03,47,267289.0,2,5687.0,0,1,Winter
SKU00036,2024-03-10,53,301411.0,2,5687.0,0,1,Spring
SKU00036,2024-03-17,33,187671.0,2,5687.0,0,1,Spring
SKU00036,2024-03-24,49,278663.0,2,5687.0,0,1,Spring
SKU00036,2024-03-31,41,233167.0,2,5687.0,0,1,Spring
SKU00036,2024-04-07,49,278663.0,0,5687.0,0,0,Spring
SKU00036,2024-04-14,44,250228.0,0,5687.0,0,0,Spring
SKU00036,2024-04-21,44,250228.0,0,5687.0,0,0,Spring
SKU00036,2024-04-28,33,187671.0,0,5687.0,0,0,Spring
SKU00036,2024-05-05,28,159236.0,0,5687.0,0,0,Spring
SKU00036,2024-05-12,24,136488.0,0,5687.0,0,0,Summer
SKU00036,2024-05-19,39,221793.0,0,5687.0,0,0,Summer
SKU00036,2024-05-26,30,170610.0,0,5687.0,0,0,Summer
SKU00036,2024-06-02,45,255915.0,2,5687.0,0,1,Summer
SKU00036,2024-06-09,43,244541.0,2,5687.0,0,1,Summer
SKU00036,2024-06-16,41,233167.0,2,5687.0,0,1,Summer
SKU00036,2024-06-23,27,153549.0,2,5687.0,0,1,Summer
SKU00036,2024-06-30,39,221793.0,2,5687.0,0,1,Summer
SKU00036,2024-07-07,21,119427.0,0,5687.0,0,0,Monsoon
SKU00036,2024-07-14,21,119427.0,0,5687.0,0,0,Monsoon
SKU00036,2024-07-21,49,278663.0,0,5687.0,0,0,Monsoon
SKU00036,2024-07-28,31,176297.0,0,5687.0,0,0,Monsoon
SKU00036,2024-08-04,25,142175.0,0,5687.0,0,0,Monsoon
SKU00036,2024-08-11,21,119427.0,0,5687.0,0,0,Monsoon
SKU00036,2024-08-18,24,136488.0,0,5687.0,1,0,Monsoon
SKU00036,2024-08-25,34,193358.0,0,5687.0,0,0,Monsoon
SKU00036,2024-09-01,28,159236.0,1,5687.0,0,1,Monsoon
SKU00036,2024-09-08,33,187671.0,2,5687.0,0,1,Monsoon
SKU00036,2024-09-15,30,170610.0,2,5687.0,0,1,Monsoon
SKU00036,2024-09-22,28,159236.0,2,5687.0,0,1,Monsoon
SKU00036,2024-09-29,32,181984.0,2,5687.0,0,1,Monsoon
SKU00036,2024-10-06,27,153549.0,0,5687.0,0,0,Monsoon
SKU00036,2024-10-13,35,199045.0,0,5687.0,0,0,Autumn
SKU00036,2024-10-20,29,164923.0,0,5687.0,0,0,Autumn
SKU00036,2024-10-27,21,119427.0,0,5687.0,0,0,Autumn
SKU00036,2024-11-03,28,159236.0,2,5687.0,1,1,Autumn
SKU00036,2024-11-10,33,187671.0,2,5687.0,0,1,Autumn
SKU00036,2024-11-17,40,227480.0,2,5687.0,0,1,Autumn
SKU00036,2024-11-24,33,187671.0,2,5687.0,0,1,Autumn
SKU00036,2024-12-01,25,142175.0,1,5687.0,0,1,Autumn
SKU00036,2024-12-08,26,147862.0,0,5687.0,0,0,Winter
SKU00036,2024-12-15,36,204732.0,0,5687.0,0,0,Winter
SKU00036,2024-12-22,25,142175.0,0,5687.0,0,0,Winter
SKU00036,2024-12-29,37,210419.0,0,5687.0,1,0,Winter
SKU00036,2025-01-05,22,125114.0,0,5687.0,0,0,Winter
SKU00036,2025-01-12,32,181984.0,0,5687.0,0,0,Winter
SKU00036,2025-01-19,36,204732.0,0,5687.0,0,0,Winter
SKU00036,2025-01-26,38,216106.0,0,5687.0,1,0,Winter
SKU00036,2025-02-02,39,221793.0,0,5687.0,0,0,Winter
SKU00036,2025-02-09,39,221793.0,0,5687.0,0,0,Winter
SKU00036,2025-02-16,30,170610.0,0,5687.0,0,0,Winter
SKU00036,2025-02-23,40,227480.0,0,5687.0,0,0,Winter
SKU00036,2025-03-02,34,193358.0,2,5687.0,0,1,Winter
SKU00036,2025-03-09,35,199045.0,2,5687.0,0,1,Spring
SKU00036,2025-03-16,27,153549.0,2,5687.0,0,1,Spring
SKU00036,2025-03-23,34,193358.0,2,5687.0,0,1,Spring
SKU00036,2025-03-30,41,233167.0,2,5687.0,0,1,Spring
SKU00036,2025-04-06,40,227480.0,0,5687.0,0,0,Spring
SKU00036,2025-04-13,46,261602.0,0,5687.0,0,0,Spring
SKU00036,2025-04-20,33,187671.0,0,5687.0,0,0,Spring
SKU00036,2025-04-27,47,267289.0,0,5687.0,0,0,Spring
SKU00036,2025-05-04,43,244541.0,0,5687.0,0,0,Spring
SKU00036,2025-05-11,44,250228.0,0,5687.0,0,0,Summer
SKU00036,2025-05-18,45,255915.0,0,5687.0,0,0,Summer
SKU00036,2025-05-25,28,159236.0,0,5687.0,0,0,Summer
SKU00036,2025-06-01,44,250228.0,1,5687.0,0,1,Summer
SKU00036,2025-06-08,31,176297.0,2,5687.0,0,1,Summer
SKU00036,2025-06-15,30,170610.0,2,5687.0,0,1,Summer
SKU00036,2025-06-22,42,238854.0,2,5687.0,0,1,Summer
SKU00036,2025-06-29,40,227480.0,2,5687.0,0,1,Summer
SKU00036,2025-07-06,33,187671.0,0,5687.0,0,0,Summer
SKU00036,2025-07-13,33,187671.0,0,5687.0,0,0,Monsoon
SKU00036,2025-07-20,37,210419.0,0,5687.0,0,0,Monsoon
SKU00036,2025-07-27,26,147862.0,0,5687.0,0,0,Monsoon
SKU00036,2025-08-03,33,187671.0,0,5687.0,0,0,Monsoon
SKU00036,2025-08-10,26,147862.0,0,5687.0,0,0,Monsoon
SKU00036,2025-08-17,22,125114.0,0,5687.0,1,0,Monsoon
SKU00036,2025-08-24,27,153549.0,0,5687.0,0,0,Monsoon
SKU00036,2025-08-31,43,244541.0,0,5687.0,0,0,Monsoon
SKU00036,2025-09-07,28,159236.0,2,5687.0,0,1,Monsoon
SKU00036,2025-09-14,26,147862.0,2,5687.0,0,1,Monsoon
SKU00036,2025-09-21,35,199045.0,2,5687.0,0,1,Monsoon
SKU00036,2025-09-28,27,153549.0,2,5687.0,0,1,Monsoon
SKU00036,2025-10-05,33,187671.0,0,5687.0,0,0,Monsoon
SKU00036,2025-10-12,19,108053.0,0,5687.0,0,0,Autumn
SKU00036,2025-10-19,19,108053.0,0,5687.0,0,0,Autumn
SKU00036,2025-10-26,34,193358.0,0,5687.0,1,0,Autumn
SKU00036,2025-11-02,29,164923.0,2,5687.0,0,1,Autumn
SKU00036,2025-11-09,27,153549.0,2,5687.0,0,1,Autumn
SKU00036,2025-11-16,30,170610.0,2,5687.0,0,1,Autumn
SKU00036,2025-11-23,35,199045.0,2,5687.0,0,1,Autumn
SKU00036,2025-11-30,31,176297.0,2,5687.0,0,1,Autumn
SKU00036,2025-12-07,27,153549.0,0,5687.0,0,0,Winter
SKU00036,2025-12-14,31,176297.0,0,5687.0,0,0,Winter
SKU00036,2025-12-21,36,204732.0,0,5687.0,0,0,Winter
SKU00036,2025-12-28,30,170610.0,0,5687.0,1,0,Winter
SKU00036,2026-01-04,9,51183.0,0,5687.0,0,0,Winter
SKU00037,2024-01-07,168,461566.56,0,2747.4200000000005,0,0,Winter
SKU00037,2024-01-14,160,439587.2,0,2747.4200000000005,0,0,Winter
SKU00037,2024-01-21,169,464313.98,0,2747.4200000000005,0,0,Winter
SKU00037,2024-01-28,185,508272.7,0,2747.4200000000005,1,0,Winter
SKU00037,2024-02-04,155,425850.1,0,2747.4200000000005,0,0,Winter
SKU00037,2024-02-11,171,469808.82,0,2747.4200000000005,0,0,Winter
SKU00037,2024-02-18,189,519262.38,0,2747.4200000000005,0,0,Winter
SKU00037,2024-02-25,188,516514.95999999996,0,2747.4200000000005,0,0,Winter
SKU00037,2024-03-03,194,532999.48,2,2747.4200000000005,0,1,Winter
SKU00037,2024-03-10,213,585200.46,2,2747.4200000000005,0,1,Spring
SKU00037,2024-03-17,221,607179.82,2,2747.4200000000005,0,1,Spring
SKU00037,2024-03-24,197,541241.74,2,2747.4200000000005,0,1,Spring
SKU00037,2024-03-31,203,557726.26,2,2747.4200000000005,0,1,Spring
SKU00037,2024-04-07,184,505525.28,0,2747.4200000000005,0,0,Spring
SKU00037,2024-04-14,221,607179.8200000001,0,2747.4200000000005,0,0,Spring
SKU00037,2024-04-21,196,538494.32,0,2747.4200000000005,0,0,Spring
SKU00037,2024-04-28,183,502777.86,0,2747.4200000000005,0,0,Spring
SKU00037,2024-05-05,204,560473.68,0,2747.4200000000005,0,0,Spring
SKU00037,2024-05-12,194,532999.48,0,2747.4200000000005,0,0,Summer
SKU00037,2024-05-19,198,543989.1599999999,0,2747.4200000000005,0,0,Summer
SKU00037,2024-05-26,190,522009.8,0,2747.4200000000005,0,0,Summer
SKU00037,2024-06-02,207,568715.94,2,2747.4200000000005,0,1,Summer
SKU00037,2024-06-09,203,557726.26,2,2747.4200000000005,0,1,Summer
SKU00037,2024-06-16,186,511020.12,2,2747.4200000000005,0,1,Summer
SKU00037,2024-06-23,191,524757.22,2,2747.4200000000005,0,1,Summer
SKU00037,2024-06-30,211,579705.62,2,2747.4200000000005,0,1,Summer
SKU00037,2024-07-07,166,456071.72,0,2747.4200000000005,0,0,Monsoon
SKU00037,2024-07-14,181,497283.02,0,2747.4200000000005,0,0,Monsoon
SKU00037,2024-07-21,178,489040.76,0,2747.4200000000005,0,0,Monsoon
SKU00037,2024-07-28,169,464313.98,0,2747.4200000000005,0,0,Monsoon
SKU00037,2024-08-04,179,491788.18,0,2747.4200000000005,0,0,Monsoon
SKU00037,2024-08-11,144,395628.48,0,2747.4200000000005,0,0,Monsoon
SKU00037,2024-08-18,156,428597.52,0,2747.4200000000005,1,0,Monsoon
SKU00037,2024-08-25,134,368154.28,0,2747.4200000000005,0,0,Monsoon
SKU00037,2024-09-01,156,428597.52,1,2747.4200000000005,0,1,Monsoon
SKU00037,2024-09-08,155,425850.1,2,2747.4200000000005,0,1,Monsoon
SKU00037,2024-09-15,149,409365.58,2,2747.4200000000005,0,1,Monsoon
SKU00037,2024-09-22,163,447829.46,2,2747.4200000000005,0,1,Monsoon
SKU00037,2024-09-29,132,362659.44,2,2747.4200000000005,0,1,Monsoon
SKU00037,2024-10-06,143,392881.06,0,2747.4200000000005,0,0,Monsoon
SKU00037,2024-10-13,132,362659.44,0,2747.4200000000005,0,0,Autumn
SKU00037,2024-10-20,129,354417.18,0,2747.4200000000005,0,0,Autumn
SKU00037,2024-10-27,141,387386.22,0,2747.4200000000005,0,0,Autumn
SKU00037,2024-11-03,153,420355.26,2,2747.4200000000005,1,1,Autumn
SKU00037,2024-11-10,162,445082.04000000004,2,2747.4200000000005,0,1,Autumn
SKU00037,2024-11-17,161,442334.62,2,2747.4200000000005,0,1,Autumn
SKU00037,2024-11-24,147,403870.74,2,2747.4200000000005,0,1,Autumn
SKU00037,2024-12-01,133,365406.86,1,2747.4200000000005,0,1,Autumn
SKU00037,2024-12-08,171,469808.82,0,2747.4200000000005,0,0,Winter
SKU00037,2024-12-15,173,475303.66000000003,0,2747.4200000000005,0,0,Winter
SKU00037,2024-12-22,177,486293.33999999997,0,2747.4200000000005,0,0,Winter
SKU00037,2024-12-29,137,376396.54000000004,0,2747.4200000000005,1,0,Winter
SKU00037,2025-01-05,159,436839.78,0,2747.4200000000005,0,0,Winter
SKU00037,2025-01-12,156,428597.52,0,2747.4200000000005,0,0,Winter
SKU00037,2025-01-19,158,434092.36,0,2747.4200000000005,0,0,Winter
SKU00037,2025-01-26,163,447829.46,0,2747.4200000000005,1,0,Winter
SKU00037,2025-02-02,167,458819.14,0,2747.4200000000005,0,0,Winter
SKU00037,2025-02-09,181,497283.02,0,2747.4200000000005,0,0,Winter
SKU00037,2025-02-16,165,453324.3,0,2747.4200000000005,0,0,Winter
SKU00037,2025-02-23,181,497283.01999999996,0,2747.4200000000005,0,0,Winter
SKU00037,2025-03-02,220,604432.4,2,2747.4200000000005,0,1,Winter
SKU00037,2025-03-09,220,604432.4,2,2747.4200000000005,0,1,Spring
SKU00037,2025-03-16,206,565968.52,2,2747.4200000000005,0,1,Spring
SKU00037,2025-03-23,217,596190.14,2,2747.4200000000005,0,1,Spring
SKU00037,2025-03-30,231,634654.02,2,2747.4200000000005,0,1,Spring
SKU00037,2025-04-06,204,560473.6799999999,0,2747.4200000000005,0,0,Spring
SKU00037,2025-04-13,195,535746.9,0,2747.4200000000005,0,0,Spring
SKU00037,2025-04-20,189,519262.38,0,2747.4200000000005,0,0,Spring
SKU00037,2025-04-27,182,500030.44,0,2747.4200000000005,0,0,Spring
SKU00037,2025-05-04,225,618169.5,0,2747.4200000000005,0,0,Spring
SKU00037,2025-05-11,201,552231.4199999999,0,2747.4200000000005,0,0,Summer
SKU00037,2025-05-18,193,530252.06,0,2747.4200000000005,0,0,Summer
SKU00037,2025-05-25,199,546736.58,0,2747.4200000000005,0,0,Summer
SKU00037,2025-06-01,216,593442.72,1,2747.4200000000005,0,1,Summer
SKU00037,2025-06-08,212,582453.04,2,2747.4200000000005,0,1,Summer
SKU00037,2025-06-15,195,535746.9,2,2747.4200000000005,0,1,Summer
SKU00037,2025-06-22,200,549484.0,2,2747.4200000000005,0,1,Summer
SKU00037,2025-06-29,202,554978.84,2,2747.4200000000005,0,1,Summer
SKU00037,2025-07-06,188,516514.96,0,2747.4200000000005,0,0,Summer
SKU00037,2025-07-13,210,576958.2,0,2747.4200000000005,0,0,Monsoon
SKU00037,2025-07-20,182,500030.44,0,2747.4200000000005,0,0,Monsoon
SKU00037,2025-07-27,149,409365.57999999996,0,2747.4200000000005,0,0,Monsoon
SKU00037,2025-08-03,143,392881.06,0,2747.4200000000005,0,0,Monsoon
SKU00037,2025-08-10,162,445082.04,0,2747.4200000000005,0,0,Monsoon
SKU00037,2025-08-17,146,401123.32,0,2747.4200000000005,1,0,Monsoon
SKU00037,2025-08-24,170,467061.4,0,2747.4200000000005,0,0,Monsoon
SKU00037,2025-08-31,171,469808.82,0,2747.4200000000005,0,0,Monsoon
SKU00037,2025-09-07,133,365406.86,2,2747.4200000000005,0,1,Monsoon
SKU00037,2025-09-14,154,423102.68,2,2747.4200000000005,0,1,Monsoon
SKU00037,2025-09-21,165,453324.3,2,2747.4200000000005,0,1,Monsoon
SKU00037,2025-09-28,157,431344.94,2,2747.4200000000005,0,1,Monsoon
SKU00037,2025-10-05,140,384638.8,0,2747.4200000000005,0,0,Monsoon
SKU00037,2025-10-12,128,351669.76,0,2747.4200000000005,0,0,Autumn
SKU00037,2025-10-19,147,403870.74,0,2747.4200000000005,0,0,Autumn
SKU00037,2025-10-26,139,381891.38,0,2747.4200000000005,1,0,Autumn
SKU00037,2025-11-02,154,423102.68,2,2747.4200000000005,0,1,Autumn
SKU00037,2025-11-09,171,469808.82,2,2747.4200000000005,0,1,Autumn
SKU00037,2025-11-16,150,412113.0,2,2747.4200000000005,0,1,Autumn
SKU00037,2025-11-23,166,456071.72,2,2747.4200000000005,0,1,Autumn
SKU00037,2025-11-30,144,395628.48,2,2747.4200000000005,0,1,Autumn
SKU00037,2025-12-07,155,425850.10000000003,0,2747.4200000000005,0,0,Winter
SKU00037,2025-12-14,133,365406.86,0,2747.4200000000005,0,0,Winter
SKU00037,2025-12-21,139,381891.38,0,2747.4200000000005,0,0,Winter
SKU00037,2025-12-28,161,442334.62,0,2747.4200000000005,1,0,Winter
SKU00037,2026-01-04,59,162097.78,0,2747.42,0,0,Winter
SKU00038,2024-01-07,50,197455.0,0,3949.1,0,0,Winter
SKU00038,2024-01-14,62,244844.2,0,3949.1,0,0,Winter
SKU00038,2024-01-21,50,197455.0,0,3949.1,0,0,Winter
SKU00038,2024-01-28,39,154014.9,0,3949.1,1,0,Winter
SKU00038,2024-02-04,58,229047.8,0,3949.1,0,0,Winter
SKU00038,2024-02-11,48,189556.8,0,3949.1,0,0,Winter
SKU00038,2024-02-18,56,221149.6,0,3949.1,0,0,Winter
SKU00038,2024-02-25,55,217200.5,0,3949.1,0,0,Winter
SKU00038,2024-03-03,54,213251.4,2,3949.1,0,1,Winter
SKU00038,2024-03-10,68,268538.8,2,3949.1,0,1,Spring
SKU00038,2024-03-17,70,276437.0,2,3949.1,0,1,Spring
SKU00038,2024-03-24,64,252742.4,2,3949.1,0,1,Spring
SKU00038,2024-03-31,67,264589.7,2,3949.1,0,1,Spring
SKU00038,2024-04-07,45,177709.5,0,3949.1,0,0,Spring
SKU00038,2024-04-14,74,292233.4,0,3949.1,0,0,Spring
SKU00038,2024-04-21,56,221149.6,0,3949.1,0,0,Spring
SKU00038,2024-04-28,52,205353.2,0,3949.1,0,0,Spring
SKU00038,2024-05-05,56,221149.6,0,3949.1,0,0,Spring
SKU00038,2024-05-12,62,244844.19999999998,0,3949.1,0,0,Summer
SKU00038,2024-05-19,66,260640.6,0,3949.1,0,0,Summer
SKU00038,2024-05-26,54,213251.4,0,3949.1,0,0,Summer
SKU00038,2024-06-02,67,264589.7,2,3949.1,0,1,Summer
SKU00038,2024-06-09,63,248793.3,2,3949.1,0,1,Summer
SKU00038,2024-06-16,65,256691.5,2,3949.1,0,1,Summer
SKU00038,2024-06-23,50,197455.0,2,3949.1,0,1,Summer
SKU00038,2024-06-30,74,292233.4,2,3949.1,0,1,Summer
SKU00038,2024-07-07,52,205353.2,0,3949.1,0,0,Monsoon
SKU00038,2024-07-14,46,181658.59999999998,0,3949.1,0,0,Monsoon
SKU00038,2024-07-21,54,213251.4,0,3949.1,0,0,Monsoon
SKU00038,2024-07-28,60,236946.0,0,3949.1,0,0,Monsoon
SKU00038,2024-08-04,52,205353.2,0,3949.1,0,0,Monsoon
SKU00038,2024-08-11,51,201404.09999999998,0,3949.1,0,0,Monsoon
SKU00038,2024-08-18,51,201404.09999999998,0,3949.1,1,0,Monsoon
SKU00038,2024-08-25,42,165862.2,0,3949.1,0,0,Monsoon
SKU00038,2024-09-01,48,189556.8,1,3949.1,0,1,Monsoon
SKU00038,2024-09-08,58,229047.8,2,3949.1,0,1,Monsoon
SKU00038,2024-09-15,47,185607.7,2,3949.1,0,1,Monsoon
SKU00038,2024-09-22,43,169811.3,2,3949.1,0,1,Monsoon
SKU00038,2024-09-29,37,146116.7,2,3949.1,0,1,Monsoon
SKU00038,2024-10-06,41,161913.1,0,3949.1,0,0,Monsoon
SKU00038,2024-10-13,37,146116.7,0,3949.1,0,0,Autumn
SKU00038,2024-10-20,52,205353.2,0,3949.1,0,0,Autumn
SKU00038,2024-10-27,45,177709.5,0,3949.1,0,0,Autumn
SKU00038,2024-11-03,55,217200.5,2,3949.1,1,1,Autumn
SKU00038,2024-11-10,34,134269.4,2,3949.1,0,1,Autumn
SKU00038,2024-11-17,52,205353.2,2,3949.1,0,1,Autumn
SKU00038,2024-11-24,49,193505.9,2,3949.1,0,1,Autumn
SKU00038,2024-12-01,34,134269.4,1,3949.1,0,1,Autumn
SKU00038,2024-12-08,55,217200.5,0,3949.1,0,0,Winter
SKU00038,2024-12-15,56,221149.6,0,3949.1,0,0,Winter
SKU00038,2024-12-22,45,177709.5,0,3949.1,0,0,Winter
SKU00038,2024-12-29,45,177709.5,0,3949.1,1,0,Winter
SKU00038,2025-01-05,57,225098.7,0,3949.1,0,0,Winter
SKU00038,2025-01-12,48,189556.8,0,3949.1,0,0,Winter
SKU00038,2025-01-19,48,189556.8,0,3949.1,0,0,Winter
SKU00038,2025-01-26,42,165862.2,0,3949.1,1,0,Winter
SKU00038,2025-02-02,46,181658.6,0,3949.1,0,0,Winter
SKU00038,2025-02-09,47,185607.7,0,3949.1,0,0,Winter
SKU00038,2025-02-16,55,217200.5,0,3949.1,0,0,Winter
SKU00038,2025-02-23,61,240895.1,0,3949.1,0,0,Winter
SKU00038,2025-03-02,53,209302.3,2,3949.1,0,1,Winter
SKU00038,2025-03-09,59,232996.9,2,3949.1,0,1,Spring
SKU00038,2025-03-16,77,304080.7,2,3949.1,0,1,Spring
SKU00038,2025-03-23,65,256691.5,2,3949.1,0,1,Spring
SKU00038,2025-03-30,59,232996.9,2,3949.1,0,1,Spring
SKU00038,2025-04-06,73,288284.3,0,3949.1,0,0,Spring
SKU00038,2025-04-13,73,288284.3,0,3949.1,0,0,Spring
SKU00038,2025-04-20,71,280386.1,0,3949.1,0,0,Spring
SKU00038,2025-04-27,63,248793.3,0,3949.1,0,0,Spring
SKU00038,2025-05-04,51,201404.1,0,3949.1,0,0,Spring
SKU00038,2025-05-11,67,264589.7,0,3949.1,0,0,Summer
SKU00038,2025-05-18,62,244844.2,0,3949.1,0,0,Summer
SKU00038,2025-05-25,76,300131.6,0,3949.1,0,0,Summer
SKU00038,2025-06-01,60,236946.0,1,3949.1,0,1,Summer
SKU00038,2025-06-08,62,244844.2,2,3949.1,0,1,Summer
SKU00038,2025-06-15,58,229047.8,2,3949.1,0,1,Summer
SKU00038,2025-06-22,60,236946.0,2,3949.1,0,1,Summer
SKU00038,2025-06-29,75,296182.5,2,3949.1,0,1,Summer
SKU00038,2025-07-06,57,225098.69999999998,0,3949.1,0,0,Summer
SKU00038,2025-07-13,57,225098.7,0,3949.1,0,0,Monsoon
SKU00038,2025-07-20,59,232996.9,0,3949.1,0,0,Monsoon
SKU00038,2025-07-27,50,197455.0,0,3949.1,0,0,Monsoon
SKU00038,2025-08-03,45,177709.5,0,3949.1,0,0,Monsoon
SKU00038,2025-08-10,42,165862.2,0,3949.1,0,0,Monsoon
SKU00038,2025-08-17,60,236946.0,0,3949.1,1,0,Monsoon
SKU00038,2025-08-24,47,185607.7,0,3949.1,0,0,Monsoon
SKU00038,2025-08-31,49,193505.9,0,3949.1,0,0,Monsoon
SKU00038,2025-09-07,48,189556.8,2,3949.1,0,1,Monsoon
SKU00038,2025-09-14,47,185607.7,2,3949.1,0,1,Monsoon
SKU00038,2025-09-21,40,157964.0,2,3949.1,0,1,Monsoon
SKU00038,2025-09-28,49,193505.9,2,3949.1,0,1,Monsoon
SKU00038,2025-10-05,40,157964.0,0,3949.1,0,0,Monsoon
SKU00038,2025-10-12,48,189556.8,0,3949.1,0,0,Autumn
SKU00038,2025-10-19,44,173760.4,0,3949.1,0,0,Autumn
SKU00038,2025-10-26,44,173760.4,0,3949.1,1,0,Autumn
SKU00038,2025-11-02,37,146116.69999999998,2,3949.1,0,1,Autumn
SKU00038,2025-11-09,50,197455.0,2,3949.1,0,1,Autumn
SKU00038,2025-11-16,48,189556.8,2,3949.1,0,1,Autumn
SKU00038,2025-11-23,61,240895.1,2,3949.1,0,1,Autumn
SKU00038,2025-11-30,61,240895.1,2,3949.1,0,1,Autumn
SKU00038,2025-12-07,39,154014.9,0,3949.1,0,0,Winter
SKU00038,2025-12-14,49,193505.9,0,3949.1,0,0,Winter
SKU00038,2025-12-21,49,193505.9,0,3949.1,0,0,Winter
SKU00038,2025-12-28,56,221149.59999999998,0,3949.1,1,0,Winter
SKU00038,2026-01-04,31,122422.1,0,3949.1,0,0,Winter
SKU00039,2024-01-07,24,170854.8,0,7118.95,0,0,Winter
SKU00039,2024-01-14,16,113903.2,0,7118.95,0,0,Winter
SKU00039,2024-01-21,16,113903.2,0,7118.95,0,0,Winter
SKU00039,2024-01-28,20,142379.0,0,7118.95,1,0,Winter
SKU00039,2024-02-04,27,192211.65,0,7118.95,0,0,Winter
SKU00039,2024-02-11,21,149497.95,0,7118.95,0,0,Winter
SKU00039,2024-02-18,28,199330.59999999998,0,7118.95,0,0,Winter
SKU00039,2024-02-25,30,213568.5,0,7118.95,0,0,Winter
SKU00039,2024-03-03,25,177973.75,2,7118.95,0,1,Winter
SKU00039,2024-03-10,24,170854.8,2,7118.95,0,1,Spring
SKU00039,2024-03-17,34,242044.3,2,7118.95,0,1,Spring
SKU00039,2024-03-24,27,192211.65,2,7118.95,0,1,Spring
SKU00039,2024-03-31,22,156616.9,2,7118.95,0,1,Spring
SKU00039,2024-04-07,30,213568.5,0,7118.95,0,0,Spring
SKU00039,2024-04-14,31,220687.45,0,7118.95,0,0,Spring
SKU00039,2024-04-21,17,121022.15,0,7118.95,0,0,Spring
SKU00039,2024-04-28,29,206449.55,0,7118.95,0,0,Spring
SKU00039,2024-05-05,21,149497.95,0,7118.95,0,0,Spring
SKU00039,2024-05-12,29,206449.55,0,7118.95,0,0,Summer
SKU00039,2024-05-19,27,192211.65,0,7118.95,0,0,Summer
SKU00039,2024-05-26,25,177973.75,0,7118.95,0,0,Summer
SKU00039,2024-06-02,27,192211.65,2,7118.95,0,1,Summer
SKU00039,2024-06-09,25,177973.75,2,7118.95,0,1,Summer
SKU00039,2024-06-16,24,170854.8,2,7118.95,0,1,Summer
SKU00039,2024-06-23,25,177973.75,2,7118.95,0,1,Summer
SKU00039,2024-06-30,21,149497.94999999998,2,7118.95,0,1,Summer
SKU00039,2024-07-07,21,149497.94999999998,0,7118.95,0,0,Monsoon
SKU00039,2024-07-14,18,128141.09999999999,0,7118.95,0,0,Monsoon
SKU00039,2024-07-21,18,128141.09999999999,0,7118.95,0,0,Monsoon
SKU00039,2024-07-28,16,113903.2,0,7118.95,0,0,Monsoon
SKU00039,2024-08-04,15,106784.25,0,7118.95,0,0,Monsoon
SKU00039,2024-08-11,16,113903.2,0,7118.95,0,0,Monsoon
SKU00039,2024-08-18,24,170854.8,0,7118.95,1,0,Monsoon
SKU00039,2024-08-25,29,206449.55,0,7118.95,0,0,Monsoon
SKU00039,2024-09-01,16,113903.2,1,7118.95,0,1,Monsoon
SKU00039,2024-09-08,26,185092.69999999998,2,7118.95,0,1,Monsoon
SKU00039,2024-09-15,22,156616.9,2,7118.95,0,1,Monsoon
SKU00039,2024-09-22,22,156616.9,2,7118.95,0,1,Monsoon
SKU00039,2024-09-29,24,170854.8,2,7118.95,0,1,Monsoon
SKU00039,2024-10-06,16,113903.2,0,7118.95,0,0,Monsoon
SKU00039,2024-10-13,9,64070.55,0,7118.95,0,0,Autumn
SKU00039,2024-10-20,18,128141.1,0,7118.95,0,0,Autumn
SKU00039,2024-10-27,19,135260.05,0,7118.95,0,0,Autumn
SKU00039,2024-11-03,21,149497.95,2,7118.95,1,1,Autumn
SKU00039,2024-11-10,24,170854.8,2,7118.95,0,1,Autumn
SKU00039,2024-11-17,18,128141.09999999999,2,7118.95,0,1,Autumn
SKU00039,2024-11-24,24,170854.8,2,7118.95,0,1,Autumn
SKU00039,2024-12-01,11,78308.45,1,7118.95,0,1,Autumn
SKU00039,2024-12-08,14,99665.29999999999,0,7118.95,0,0,Winter
SKU00039,2024-12-15,17,121022.15,0,7118.95,0,0,Winter
SKU00039,2024-12-22,13,92546.35,0,7118.95,0,0,Winter
SKU00039,2024-12-29,16,113903.2,0,7118.95,1,0,Winter
SKU00039,2025-01-05,13,92546.34999999999,0,7118.95,0,0,Winter
SKU00039,2025-01-12,25,177973.75,0,7118.95,0,0,Winter
SKU00039,2025-01-19,25,177973.75,0,7118.95,0,0,Winter
SKU00039,2025-01-26,24,170854.8,0,7118.95,1,0,Winter
SKU00039,2025-02-02,25,177973.75,0,7118.95,0,0,Winter
SKU00039,2025-02-09,26,185092.7,0,7118.95,0,0,Winter
SKU00039,2025-02-16,29,206449.55,0,7118.95,0,0,Winter
SKU00039,2025-02-23,18,128141.09999999999,0,7118.95,0,0,Winter
SKU00039,2025-03-02,28,199330.6,2,7118.95,0,1,Winter
SKU00039,2025-03-09,31,220687.45,2,7118.95,0,1,Spring
SKU00039,2025-03-16,20,142379.0,2,7118.95,0,1,Spring
SKU00039,2025-03-23,23,163735.85,2,7118.95,0,1,Spring
SKU00039,2025-03-30,20,142379.0,2,7118.95,0,1,Spring
SKU00039,2025-04-06,27,192211.65,0,7118.95,0,0,Spring
SKU00039,2025-04-13,24,170854.8,0,7118.95,0,0,Spring
SKU00039,2025-04-20,24,170854.8,0,7118.95,0,0,Spring
SKU00039,2025-04-27,18,128141.09999999999,0,7118.95,0,0,Spring
SKU00039,2025-05-04,23,163735.85,0,7118.95,0,0,Spring
SKU00039,2025-05-11,33,234925.35,0,7118.95,0,0,Summer
SKU00039,2025-05-18,29,206449.55,0,7118.95,0,0,Summer
SKU00039,2025-05-25,24,170854.8,0,7118.95,0,0,Summer
SKU00039,2025-06-01,20,142379.0,1,7118.95,0,1,Summer
SKU00039,2025-06-08,26,185092.7,2,7118.95,0,1,Summer
SKU00039,2025-06-15,26,185092.69999999998,2,7118.95,0,1,Summer
SKU00039,2025-06-22,32,227806.4,2,7118.95,0,1,Summer
SKU00039,2025-06-29,31,220687.44999999998,2,7118.95,0,1,Summer
SKU00039,2025-07-06,19,135260.05,0,7118.95,0,0,Summer
SKU00039,2025-07-13,24,170854.8,0,7118.95,0,0,Monsoon
SKU00039,2025-07-20,18,128141.09999999999,0,7118.95,0,0,Monsoon
SKU00039,2025-07-27,34,242044.3,0,7118.95,0,0,Monsoon
SKU00039,2025-08-03,23,163735.85,0,7118.95,0,0,Monsoon
SKU00039,2025-08-10,23,163735.85,0,7118.95,0,0,Monsoon
SKU00039,2025-08-17,20,142379.0,0,7118.95,1,0,Monsoon
SKU00039,2025-08-24,18,128141.1,0,7118.95,0,0,Monsoon
SKU00039,2025-08-31,13,92546.34999999999,0,7118.95,0,0,Monsoon
SKU00039,2025-09-07,17,121022.15,2,7118.95,0,1,Monsoon
SKU00039,2025-09-14,20,142379.0,2,7118.95,0,1,Monsoon
SKU00039,2025-09-21,18,128141.09999999999,2,7118.95,0,1,Monsoon
SKU00039,2025-09-28,25,177973.75,2,7118.95,0,1,Monsoon
SKU00039,2025-10-05,26,185092.69999999998,0,7118.95,0,0,Monsoon
SKU00039,2025-10-12,17,121022.15,0,7118.95,0,0,Autumn
SKU00039,2025-10-19,16,113903.2,0,7118.95,0,0,Autumn
SKU00039,2025-10-26,19,135260.05,0,7118.95,1,0,Autumn
SKU00039,2025-11-02,18,128141.09999999999,2,7118.95,0,1,Autumn
SKU00039,2025-11-09,18,128141.09999999999,2,7118.95,0,1,Autumn
SKU00039,2025-11-16,24,170854.8,2,7118.95,0,1,Autumn
SKU00039,2025-11-23,18,128141.1,2,7118.95,0,1,Autumn
SKU00039,2025-11-30,13,92546.35,2,7118.95,0,1,Autumn
SKU00039,2025-12-07,23,163735.85,0,7118.95,0,0,Winter
SKU00039,2025-12-14,15,106784.25,0,7118.95,0,0,Winter
SKU00039,2025-12-21,12,85427.4,0,7118.95,0,0,Winter
SKU00039,2025-12-28,21,149497.94999999998,0,7118.95,1,0,Winter
SKU00039,2026-01-04,12,85427.4,0,7118.95,0,0,Winter
SKU00040,2024-01-07,104,254858.24,0,2450.56,0,0,Winter
SKU00040,2024-01-14,116,284264.95999999996,0,2450.56,0,0,Winter
SKU00040,2024-01-21,105,257308.8,0,2450.56,0,0,Winter
SKU00040,2024-01-28,92,225451.52,0,2450.56,1,0,Winter
SKU00040,2024-02-04,118,289166.08,0,2450.56,0,0,Winter
SKU00040,2024-02-11,117,286715.51999999996,0,2450.56,0,0,Winter
SKU00040,2024-02-18,122,298968.32,0,2450.56,0,0,Winter
SKU00040,2024-02-25,110,269561.6,0,2450.56,0,0,Winter
SKU00040,2024-03-03,137,335726.72,2,2450.56,0,1,Winter
SKU00040,2024-03-10,114,279363.83999999997,2,2450.56,0,1,Spring
SKU00040,2024-03-17,140,343078.4,2,2450.56,0,1,Spring
SKU00040,2024-03-24,173,423946.88,2,2450.56,0,1,Spring
SKU00040,2024-03-31,147,360232.32,2,2450.56,0,1,Spring
SKU00040,2024-04-07,109,267111.04,0,2450.56,0,0,Spring
SKU00040,2024-04-14,126,308770.56,0,2450.56,0,0,Spring
SKU00040,2024-04-21,131,321023.36,0,2450.56,0,0,Spring
SKU00040,2024-04-28,117,286715.52,0,2450.56,0,0,Spring
SKU00040,2024-05-05,119,291616.64,0,2450.56,0,0,Spring
SKU00040,2024-05-12,125,306320.0,0,2450.56,0,0,Summer
SKU00040,2024-05-19,108,264660.48,0,2450.56,0,0,Summer
SKU00040,2024-05-26,119,291616.64,0,2450.56,0,0,Summer
SKU00040,2024-06-02,135,330825.6,2,2450.56,0,1,Summer
SKU00040,2024-06-09,128,313671.68,2,2450.56,0,1,Summer
SKU00040,2024-06-16,128,313671.68,2,2450.56,0,1,Summer
SKU00040,2024-06-23,124,303869.44,2,2450.56,0,1,Summer
SKU00040,2024-06-30,97,237704.32,2,2450.56,0,1,Summer
SKU00040,2024-07-07,103,252407.68,0,2450.56,0,0,Monsoon
SKU00040,2024-07-14,116,284264.96,0,2450.56,0,0,Monsoon
SKU00040,2024-07-21,102,249957.12,0,2450.56,0,0,Monsoon
SKU00040,2024-07-28,109,267111.04,0,2450.56,0,0,Monsoon
SKU00040,2024-08-04,109,267111.04,0,2450.56,0,0,Monsoon
SKU00040,2024-08-11,103,252407.68,0,2450.56,0,0,Monsoon
SKU00040,2024-08-18,109,267111.04,0,2450.56,1,0,Monsoon
SKU00040,2024-08-25,110,269561.6,0,2450.56,0,0,Monsoon
SKU00040,2024-09-01,85,208297.6,1,2450.56,0,1,Monsoon
SKU00040,2024-09-08,94,230352.64,2,2450.56,0,1,Monsoon
SKU00040,2024-09-15,109,267111.04,2,2450.56,0,1,Monsoon
SKU00040,2024-09-22,89,218099.84,2,2450.56,0,1,Monsoon
SKU00040,2024-09-29,84,205847.04,2,2450.56,0,1,Monsoon
SKU00040,2024-10-06,91,223000.96,0,2450.56,0,0,Monsoon
SKU00040,2024-10-13,93,227902.08,0,2450.56,0,0,Autumn
SKU00040,2024-10-20,96,235253.76,0,2450.56,0,0,Autumn
SKU00040,2024-10-27,92,225451.52,0,2450.56,0,0,Autumn
SKU00040,2024-11-03,89,218099.84,2,2450.56,1,1,Autumn
SKU00040,2024-11-10,114,279363.83999999997,2,2450.56,0,1,Autumn
SKU00040,2024-11-17,101,247506.56,2,2450.56,0,1,Autumn
SKU00040,2024-11-24,92,225451.52,2,2450.56,0,1,Autumn
SKU00040,2024-12-01,92,225451.52,1,2450.56,0,1,Autumn
SKU00040,2024-12-08,97,237704.32,0,2450.56,0,0,Winter
SKU00040,2024-12-15,90,220550.4,0,2450.56,0,0,Winter
SKU00040,2024-12-22,99,242605.44,0,2450.56,0,0,Winter
SKU00040,2024-12-29,103,252407.68,0,2450.56,1,0,Winter
SKU00040,2025-01-05,101,247506.56,0,2450.56,0,0,Winter
SKU00040,2025-01-12,115,281814.4,0,2450.56,0,0,Winter
SKU00040,2025-01-19,112,274462.72,0,2450.56,0,0,Winter
SKU00040,2025-01-26,101,247506.56,0,2450.56,1,0,Winter
SKU00040,2025-02-02,110,269561.6,0,2450.56,0,0,Winter
SKU00040,2025-02-09,102,249957.12,0,2450.56,0,0,Winter
SKU00040,2025-02-16,125,306320.0,0,2450.56,0,0,Winter
SKU00040,2025-02-23,111,272012.16000000003,0,2450.56,0,0,Winter
SKU00040,2025-03-02,136,333276.16,2,2450.56,0,1,Winter
SKU00040,2025-03-09,126,308770.56,2,2450.56,0,1,Spring
SKU00040,2025-03-16,146,357781.76,2,2450.56,0,1,Spring
SKU00040,2025-03-23,151,370034.56,2,2450.56,0,1,Spring
SKU00040,2025-03-30,120,294067.2,2,2450.56,0,1,Spring
SKU00040,2025-04-06,135,330825.6,0,2450.56,0,0,Spring
SKU00040,2025-04-13,122,298968.32,0,2450.56,0,0,Spring
SKU00040,2025-04-20,116,284264.95999999996,0,2450.56,0,0,Spring
SKU00040,2025-04-27,100,245056.0,0,2450.56,0,0,Spring
SKU00040,2025-05-04,136,333276.16,0,2450.56,0,0,Spring
SKU00040,2025-05-11,129,316122.24,0,2450.56,0,0,Summer
SKU00040,2025-05-18,122,298968.32,0,2450.56,0,0,Summer
SKU00040,2025-05-25,123,301418.88,0,2450.56,0,0,Summer
SKU00040,2025-06-01,134,328375.04,1,2450.56,0,1,Summer
SKU00040,2025-06-08,124,303869.44,2,2450.56,0,1,Summer
SKU00040,2025-06-15,113,276913.28,2,2450.56,0,1,Summer
SKU00040,2025-06-22,125,306320.0,2,2450.56,0,1,Summer
SKU00040,2025-06-29,119,291616.64,2,2450.56,0,1,Summer
SKU00040,2025-07-06,117,286715.52,0,2450.56,0,0,Summer
SKU00040,2025-07-13,106,259759.36,0,2450.56,0,0,Monsoon
SKU00040,2025-07-20,99,242605.44,0,2450.56,0,0,Monsoon
SKU00040,2025-07-27,97,237704.32,0,2450.56,0,0,Monsoon
SKU00040,2025-08-03,108,264660.48,0,2450.56,0,0,Monsoon
SKU00040,2025-08-10,90,220550.4,0,2450.56,0,0,Monsoon
SKU00040,2025-08-17,92,225451.52000000002,0,2450.56,1,0,Monsoon
SKU00040,2025-08-24,110,269561.6,0,2450.56,0,0,Monsoon
SKU00040,2025-08-31,99,242605.44,0,2450.56,0,0,Monsoon
SKU00040,2025-09-07,105,257308.8,2,2450.56,0,1,Monsoon
SKU00040,2025-09-14,106,259759.36,2,2450.56,0,1,Monsoon
SKU00040,2025-09-21,109,267111.04,2,2450.56,0,1,Monsoon
SKU00040,2025-09-28,87,213198.72,2,2450.56,0,1,Monsoon
SKU00040,2025-10-05,76,186242.56,0,2450.56,0,0,Monsoon
SKU00040,2025-10-12,82,200945.91999999998,0,2450.56,0,0,Autumn
SKU00040,2025-10-19,81,198495.36,0,2450.56,0,0,Autumn
SKU00040,2025-10-26,91,223000.96,0,2450.56,1,0,Autumn
SKU00040,2025-11-02,103,252407.68,2,2450.56,0,1,Autumn
SKU00040,2025-11-09,89,218099.84,2,2450.56,0,1,Autumn
SKU00040,2025-11-16,98,240154.88,2,2450.56,0,1,Autumn
SKU00040,2025-11-23,86,210748.15999999997,2,2450.56,0,1,Autumn
SKU00040,2025-11-30,76,186242.56,2,2450.56,0,1,Autumn
SKU00040,2025-12-07,103,252407.68,0,2450.56,0,0,Winter
SKU00040,2025-12-14,101,247506.56,0,2450.56,0,0,Winter
SKU00040,2025-12-21,93,227902.08,0,2450.56,0,0,Winter
SKU00040,2025-12-28,76,186242.56,0,2450.56,1,0,Winter
SKU00040,2026-01-04,32,78417.92,0,2450.56,0,0,Winter
SKU00041,2024-01-07,73,754581.29,0,10336.73,0,0,Winter
SKU00041,2024-01-14,80,826938.3999999999,0,10336.73,0,0,Winter
SKU00041,2024-01-21,66,682224.18,0,10336.73,0,0,Winter
SKU00041,2024-01-28,82,847611.86,0,10336.73,1,0,Winter
SKU00041,2024-02-04,83,857948.59,0,10336.73,0,0,Winter
SKU00041,2024-02-11,76,785591.48,0,10336.73,0,0,Winter
SKU00041,2024-02-18,77,795928.21,0,10336.73,0,0,Winter
SKU00041,2024-02-25,72,744244.5599999999,0,10336.73,0,0,Winter
SKU00041,2024-03-03,94,971652.62,2,10336.73,0,1,Winter
SKU00041,2024-03-10,91,940642.43,2,10336.73,0,1,Spring
SKU00041,2024-03-17,101,1044009.73,2,10336.73,0,1,Spring
SKU00041,2024-03-24,110,1137040.3,2,10336.73,0,1,Spring
SKU00041,2024-03-31,115,1188723.95,2,10336.73,0,1,Spring
SKU00041,2024-04-07,95,981989.35,0,10336.73,0,0,Spring
SKU00041,2024-04-14,78,806264.94,0,10336.73,0,0,Spring
SKU00041,2024-04-21,99,1023336.27,0,10336.73,0,0,Spring
SKU00041,2024-04-28,73,754581.29,0,10336.73,0,0,Spring
SKU00041,2024-05-05,98,1012999.54,0,10336.73,0,0,Spring
SKU00041,2024-05-12,101,1044009.73,0,10336.73,0,0,Summer
SKU00041,2024-05-19,78,806264.94,0,10336.73,0,0,Summer
SKU00041,2024-05-26,79,816601.67,0,10336.73,0,0,Summer
SKU00041,2024-06-02,100,1033673.0,2,10336.73,0,1,Summer
SKU00041,2024-06-09,89,919968.97,2,10336.73,0,1,Summer
SKU00041,2024-06-16,90,930305.7000000001,2,10336.73,0,1,Summer
SKU00041,2024-06-23,89,919968.97,2,10336.73,0,1,Summer
SKU00041,2024-06-30,88,909632.24,2,10336.73,0,1,Summer
SKU00041,2024-07-07,62,640877.26,0,10336.73,0,0,Monsoon
SKU00041,2024-07-14,63,651213.99,0,10336.73,0,0,Monsoon
SKU00041,2024-07-21,70,723571.1,0,10336.73,0,0,Monsoon
SKU00041,2024-07-28,66,682224.1799999999,0,10336.73,0,0,Monsoon
SKU00041,2024-08-04,71,733907.83,0,10336.73,0,0,Monsoon
SKU00041,2024-08-11,71,733907.8300000001,0,10336.73,0,0,Monsoon
SKU00041,2024-08-18,71,733907.83,0,10336.73,1,0,Monsoon
SKU00041,2024-08-25,67,692560.9099999999,0,10336.73,0,0,Monsoon
SKU00041,2024-09-01,77,795928.21,1,10336.73,0,1,Monsoon
SKU00041,2024-09-08,63,651213.99,2,10336.73,0,1,Monsoon
SKU00041,2024-09-15,66,682224.1799999999,2,10336.73,0,1,Monsoon
SKU00041,2024-09-22,74,764918.02,2,10336.73,0,1,Monsoon
SKU00041,2024-09-29,62,640877.26,2,10336.73,0,1,Monsoon
SKU00041,2024-10-06,62,640877.26,0,10336.73,0,0,Monsoon
SKU00041,2024-10-13,82,847611.86,0,10336.73,0,0,Autumn
SKU00041,2024-10-20,63,651213.99,0,10336.73,0,0,Autumn
SKU00041,2024-10-27,63,651213.99,0,10336.73,0,0,Autumn
SKU00041,2024-11-03,66,682224.1799999999,2,10336.73,1,1,Autumn
SKU00041,2024-11-10,75,775254.75,2,10336.73,0,1,Autumn
SKU00041,2024-11-17,65,671887.45,2,10336.73,0,1,Autumn
SKU00041,2024-11-24,62,640877.26,2,10336.73,0,1,Autumn
SKU00041,2024-12-01,66,682224.18,1,10336.73,0,1,Autumn
SKU00041,2024-12-08,75,775254.75,0,10336.73,0,0,Winter
SKU00041,2024-12-15,54,558183.42,0,10336.73,0,0,Winter
SKU00041,2024-12-22,79,816601.67,0,10336.73,0,0,Winter
SKU00041,2024-12-29,80,826938.4,0,10336.73,1,0,Winter
SKU00041,2025-01-05,74,764918.02,0,10336.73,0,0,Winter
SKU00041,2025-01-12,98,1012999.54,0,10336.73,0,0,Winter
SKU00041,2025-01-19,74,764918.02,0,10336.73,0,0,Winter
SKU00041,2025-01-26,72,744244.56,0,10336.73,1,0,Winter
SKU00041,2025-02-02,80,826938.3999999999,0,10336.73,0,0,Winter
SKU00041,2025-02-09,77,795928.21,0,10336.73,0,0,Winter
SKU00041,2025-02-16,76,785591.48,0,10336.73,0,0,Winter
SKU00041,2025-02-23,96,992326.0800000001,0,10336.73,0,0,Winter
SKU00041,2025-03-02,99,1023336.27,2,10336.73,0,1,Winter
SKU00041,2025-03-09,101,1044009.73,2,10336.73,0,1,Spring
SKU00041,2025-03-16,101,1044009.73,2,10336.73,0,1,Spring
SKU00041,2025-03-23,90,930305.7,2,10336.73,0,1,Spring
SKU00041,2025-03-30,105,1085356.65,2,10336.73,0,1,Spring
SKU00041,2025-04-06,93,961315.89,0,10336.73,0,0,Spring
SKU00041,2025-04-13,96,992326.08,0,10336.73,0,0,Spring
SKU00041,2025-04-20,91,940642.4299999999,0,10336.73,0,0,Spring
SKU00041,2025-04-27,97,1002662.81,0,10336.73,0,0,Spring
SKU00041,2025-05-04,99,1023336.27,0,10336.73,0,0,Spring
SKU00041,2025-05-11,67,692560.91,0,10336.73,0,0,Summer
SKU00041,2025-05-18,89,919968.97,0,10336.73,0,0,Summer
SKU00041,2025-05-25,79,816601.67,0,10336.73,0,0,Summer
SKU00041,2025-06-01,81,837275.13,1,10336.73,0,1,Summer
SKU00041,2025-06-08,93,961315.89,2,10336.73,0,1,Summer
SKU00041,2025-06-15,98,1012999.54,2,10336.73,0,1,Summer
SKU00041,2025-06-22,78,806264.94,2,10336.73,0,1,Summer
SKU00041,2025-06-29,72,744244.56,2,10336.73,0,1,Summer
SKU00041,2025-07-06,79,816601.6699999999,0,10336.73,0,0,Summer
SKU00041,2025-07-13,73,754581.29,0,10336.73,0,0,Monsoon
SKU00041,2025-07-20,93,961315.89,0,10336.73,0,0,Monsoon
SKU00041,2025-07-27,69,713234.37,0,10336.73,0,0,Monsoon
SKU00041,2025-08-03,63,651213.99,0,10336.73,0,0,Monsoon
SKU00041,2025-08-10,72,744244.56,0,10336.73,0,0,Monsoon
SKU00041,2025-08-17,81,837275.13,0,10336.73,1,0,Monsoon
SKU00041,2025-08-24,66,682224.1799999999,0,10336.73,0,0,Monsoon
SKU00041,2025-08-31,80,826938.4,0,10336.73,0,0,Monsoon
SKU00041,2025-09-07,72,744244.56,2,10336.73,0,1,Monsoon
SKU00041,2025-09-14,58,599530.34,2,10336.73,0,1,Monsoon
SKU00041,2025-09-21,66,682224.1799999999,2,10336.73,0,1,Monsoon
SKU00041,2025-09-28,62,640877.26,2,10336.73,0,1,Monsoon
SKU00041,2025-10-05,67,692560.9099999999,0,10336.73,0,0,Monsoon
SKU00041,2025-10-12,54,558183.42,0,10336.73,0,0,Autumn
SKU00041,2025-10-19,62,640877.26,0,10336.73,0,0,Autumn
SKU00041,2025-10-26,52,537509.96,0,10336.73,1,0,Autumn
SKU00041,2025-11-02,67,692560.91,2,10336.73,0,1,Autumn
SKU00041,2025-11-09,79,816601.67,2,10336.73,0,1,Autumn
SKU00041,2025-11-16,65,671887.45,2,10336.73,0,1,Autumn
SKU00041,2025-11-23,52,537509.96,2,10336.73,0,1,Autumn
SKU00041,2025-11-30,83,857948.59,2,10336.73,0,1,Autumn
SKU00041,2025-12-07,78,806264.94,0,10336.73,0,0,Winter
SKU00041,2025-12-14,66,682224.18,0,10336.73,0,0,Winter
SKU00041,2025-12-21,71,733907.8300000001,0,10336.73,0,0,Winter
SKU00041,2025-12-28,70,723571.1,0,10336.73,1,0,Winter
SKU00041,2026-01-04,25,258418.25,0,10336.73,0,0,Winter
SKU00042,2024-01-07,166,1527005.78,0,9198.83,0,0,Winter
SKU00042,2024-01-14,157,1444216.31,0,9198.83,0,0,Winter
SKU00042,2024-01-21,136,1251040.88,0,9198.83,0,0,Winter
SKU00042,2024-01-28,155,1425818.65,0,9198.83,1,0,Winter
SKU00042,2024-02-04,157,1444216.31,0,9198.83,0,0,Winter
SKU00042,2024-02-11,165,1517806.95,0,9198.83,0,0,Winter
SKU00042,2024-02-18,148,1361426.84,0,9198.83,0,0,Winter
SKU00042,2024-02-25,162,1490210.46,0,9198.83,0,0,Winter
SKU00042,2024-03-03,208,1913356.6400000001,2,9198.83,0,1,Winter
SKU00042,2024-03-10,182,1674187.06,2,9198.83,0,1,Spring
SKU00042,2024-03-17,181,1664988.23,2,9198.83,0,1,Spring
SKU00042,2024-03-24,189,1738578.87,2,9198.83,0,1,Spring
SKU00042,2024-03-31,196,1802970.68,2,9198.83,0,1,Spring
SKU00042,2024-04-07,193,1775374.19,0,9198.83,0,0,Spring
SKU00042,2024-04-14,194,1784573.02,0,9198.83,0,0,Spring
SKU00042,2024-04-21,163,1499409.29,0,9198.83,0,0,Spring
SKU00042,2024-04-28,199,1830567.17,0,9198.83,0,0,Spring
SKU00042,2024-05-05,201,1848964.83,0,9198.83,0,0,Spring
SKU00042,2024-05-12,166,1527005.78,0,9198.83,0,0,Summer
SKU00042,2024-05-19,191,1756976.53,0,9198.83,0,0,Summer
SKU00042,2024-05-26,172,1582198.76,0,9198.83,0,0,Summer
SKU00042,2024-06-02,212,1950151.96,2,9198.83,0,1,Summer
SKU00042,2024-06-09,158,1453415.1400000001,2,9198.83,0,1,Summer
SKU00042,2024-06-16,195,1793771.85,2,9198.83,0,1,Summer
SKU00042,2024-06-23,184,1692584.72,2,9198.83,0,1,Summer
SKU00042,2024-06-30,159,1462613.97,2,9198.83,0,1,Summer
SKU00042,2024-07-07,142,1306233.86,0,9198.83,0,0,Monsoon
SKU00042,2024-07-14,145,1333830.35,0,9198.83,0,0,Monsoon
SKU00042,2024-07-21,147,1352228.01,0,9198.83,0,0,Monsoon
SKU00042,2024-07-28,158,1453415.1400000001,0,9198.83,0,0,Monsoon
SKU00042,2024-08-04,143,1315432.69,0,9198.83,0,0,Monsoon
SKU00042,2024-08-11,139,1278637.37,0,9198.83,0,0,Monsoon
SKU00042,2024-08-18,141,1297035.03,0,9198.83,1,0,Monsoon
SKU00042,2024-08-25,126,1159052.58,0,9198.83,0,0,Monsoon
SKU00042,2024-09-01,147,1352228.01,1,9198.83,0,1,Monsoon
SKU00042,2024-09-08,147,1352228.01,2,9198.83,0,1,Monsoon
SKU00042,2024-09-15,126,1159052.58,2,9198.83,0,1,Monsoon
SKU00042,2024-09-22,147,1352228.01,2,9198.83,0,1,Monsoon
SKU00042,2024-09-29,133,1223444.39,2,9198.83,0,1,Monsoon
SKU00042,2024-10-06,120,1103859.6,0,9198.83,0,0,Monsoon
SKU00042,2024-10-13,125,1149853.75,0,9198.83,0,0,Autumn
SKU00042,2024-10-20,131,1205046.73,0,9198.83,0,0,Autumn
SKU00042,2024-10-27,114,1048666.62,0,9198.83,0,0,Autumn
SKU00042,2024-11-03,136,1251040.88,2,9198.83,1,1,Autumn
SKU00042,2024-11-10,121,1113058.43,2,9198.83,0,1,Autumn
SKU00042,2024-11-17,148,1361426.84,2,9198.83,0,1,Autumn
SKU00042,2024-11-24,138,1269438.54,2,9198.83,0,1,Autumn
SKU00042,2024-12-01,133,1223444.3900000001,1,9198.83,0,1,Autumn
SKU00042,2024-12-08,159,1462613.97,0,9198.83,0,0,Winter
SKU00042,2024-12-15,132,1214245.56,0,9198.83,0,0,Winter
SKU00042,2024-12-22,122,1122257.26,0,9198.83,0,0,Winter
SKU00042,2024-12-29,158,1453415.14,0,9198.83,1,0,Winter
SKU00042,2025-01-05,157,1444216.31,0,9198.83,0,0,Winter
SKU00042,2025-01-12,137,1260239.71,0,9198.83,0,0,Winter
SKU00042,2025-01-19,155,1425818.65,0,9198.83,0,0,Winter
SKU00042,2025-01-26,149,1370625.67,0,9198.83,1,0,Winter
SKU00042,2025-02-02,162,1490210.46,0,9198.83,0,0,Winter
SKU00042,2025-02-09,151,1389023.33,0,9198.83,0,0,Winter
SKU00042,2025-02-16,179,1646590.57,0,9198.83,0,0,Winter
SKU00042,2025-02-23,165,1517806.95,0,9198.83,0,0,Winter
SKU00042,2025-03-02,175,1609795.25,2,9198.83,0,1,Winter
SKU00042,2025-03-09,193,1775374.19,2,9198.83,0,1,Spring
SKU00042,2025-03-16,194,1784573.02,2,9198.83,0,1,Spring
SKU00042,2025-03-23,182,1674187.06,2,9198.83,0,1,Spring
SKU00042,2025-03-30,183,1683385.8900000001,2,9198.83,0,1,Spring
SKU00042,2025-04-06,201,1848964.83,0,9198.83,0,0,Spring
SKU00042,2025-04-13,168,1545403.44,0,9198.83,0,0,Spring
SKU00042,2025-04-20,174,1600596.42,0,9198.83,0,0,Spring
SKU00042,2025-04-27,180,1655789.4,0,9198.83,0,0,Spring
SKU00042,2025-05-04,194,1784573.02,0,9198.83,0,0,Spring
SKU00042,2025-05-11,192,1766175.3599999999,0,9198.83,0,0,Summer
SKU00042,2025-05-18,202,1858163.66,0,9198.83,0,0,Summer
SKU00042,2025-05-25,180,1655789.4,0,9198.83,0,0,Summer
SKU00042,2025-06-01,172,1582198.76,1,9198.83,0,1,Summer
SKU00042,2025-06-08,199,1830567.17,2,9198.83,0,1,Summer
SKU00042,2025-06-15,181,1664988.23,2,9198.83,0,1,Summer
SKU00042,2025-06-22,179,1646590.5699999998,2,9198.83,0,1,Summer
SKU00042,2025-06-29,197,1812169.5099999998,2,9198.83,0,1,Summer
SKU00042,2025-07-06,163,1499409.29,0,9198.83,0,0,Summer
SKU00042,2025-07-13,158,1453415.1400000001,0,9198.83,0,0,Monsoon
SKU00042,2025-07-20,161,1481011.63,0,9198.83,0,0,Monsoon
SKU00042,2025-07-27,157,1444216.31,0,9198.83,0,0,Monsoon
SKU00042,2025-08-03,167,1536204.61,0,9198.83,0,0,Monsoon
SKU00042,2025-08-10,141,1297035.03,0,9198.83,0,0,Monsoon
SKU00042,2025-08-17,142,1306233.8599999999,0,9198.83,1,0,Monsoon
SKU00042,2025-08-24,154,1416619.8199999998,0,9198.83,0,0,Monsoon
SKU00042,2025-08-31,162,1490210.46,0,9198.83,0,0,Monsoon
SKU00042,2025-09-07,146,1343029.18,2,9198.83,0,1,Monsoon
SKU00042,2025-09-14,149,1370625.67,2,9198.83,0,1,Monsoon
SKU00042,2025-09-21,169,1554602.27,2,9198.83,0,1,Monsoon
SKU00042,2025-09-28,123,1131456.09,2,9198.83,0,1,Monsoon
SKU00042,2025-10-05,132,1214245.56,0,9198.83,0,0,Monsoon
SKU00042,2025-10-12,137,1260239.71,0,9198.83,0,0,Autumn
SKU00042,2025-10-19,138,1269438.54,0,9198.83,0,0,Autumn
SKU00042,2025-10-26,117,1076263.1099999999,0,9198.83,1,0,Autumn
SKU00042,2025-11-02,134,1232643.22,2,9198.83,0,1,Autumn
SKU00042,2025-11-09,141,1297035.03,2,9198.83,0,1,Autumn
SKU00042,2025-11-16,132,1214245.56,2,9198.83,0,1,Autumn
SKU00042,2025-11-23,124,1140654.92,2,9198.83,0,1,Autumn
SKU00042,2025-11-30,142,1306233.8599999999,2,9198.83,0,1,Autumn
SKU00042,2025-12-07,156,1435017.48,0,9198.83,0,0,Winter
SKU00042,2025-12-14,125,1149853.75,0,9198.83,0,0,Winter
SKU00042,2025-12-21,173,1591397.5899999999,0,9198.83,0,0,Winter
SKU00042,2025-12-28,148,1361426.8399999999,0,9198.83,1,0,Winter
SKU00042,2026-01-04,57,524333.3099999999,0,9198.83,0,0,Winter
SKU00043,2024-01-07,157,1373085.8900000001,0,8745.77,0,0,Winter
SKU00043,2024-01-14,141,1233153.57,0,8745.77,0,0,Winter
SKU00043,2024-01-21,140,1224407.8,0,8745.77,0,0,Winter
SKU00043,2024-01-28,166,1451797.82,0,8745.77,1,0,Winter
SKU00043,2024-02-04,173,1513018.21,0,8745.77,0,0,Winter
SKU00043,2024-02-11,177,1548001.29,0,8745.77,0,0,Winter
SKU00043,2024-02-18,152,1329357.04,0,8745.77,0,0,Winter
SKU00043,2024-02-25,168,1469289.36,0,8745.77,0,0,Winter
SKU00043,2024-03-03,182,1591730.1400000001,2,8745.77,0,1,Winter
SKU00043,2024-03-10,175,1530509.75,2,8745.77,0,1,Spring
SKU00043,2024-03-17,175,1530509.75,2,8745.77,0,1,Spring
SKU00043,2024-03-24,171,1495526.67,2,8745.77,0,1,Spring
SKU00043,2024-03-31,177,1548001.29,2,8745.77,0,1,Spring
SKU00043,2024-04-07,172,1504272.44,0,8745.77,0,0,Spring
SKU00043,2024-04-14,170,1486780.9,0,8745.77,0,0,Spring
SKU00043,2024-04-21,187,1635458.99,0,8745.77,0,0,Spring
SKU00043,2024-04-28,192,1679187.8399999999,0,8745.77,0,0,Spring
SKU00043,2024-05-05,174,1521763.98,0,8745.77,0,0,Spring
SKU00043,2024-05-12,179,1565492.83,0,8745.77,0,0,Summer
SKU00043,2024-05-19,181,1582984.3699999999,0,8745.77,0,0,Summer
SKU00043,2024-05-26,178,1556747.06,0,8745.77,0,0,Summer
SKU00043,2024-06-02,191,1670442.07,2,8745.77,0,1,Summer
SKU00043,2024-06-09,169,1478035.13,2,8745.77,0,1,Summer
SKU00043,2024-06-16,179,1565492.83,2,8745.77,0,1,Summer
SKU00043,2024-06-23,169,1478035.13,2,8745.77,0,1,Summer
SKU00043,2024-06-30,172,1504272.44,2,8745.77,0,1,Summer
SKU00043,2024-07-07,136,1189424.72,0,8745.77,0,0,Monsoon
SKU00043,2024-07-14,172,1504272.44,0,8745.77,0,0,Monsoon
SKU00043,2024-07-21,141,1233153.57,0,8745.77,0,0,Monsoon
SKU00043,2024-07-28,160,1399323.2,0,8745.77,0,0,Monsoon
SKU00043,2024-08-04,160,1399323.2,0,8745.77,0,0,Monsoon
SKU00043,2024-08-11,123,1075729.71,0,8745.77,0,0,Monsoon
SKU00043,2024-08-18,136,1189424.72,0,8745.77,1,0,Monsoon
SKU00043,2024-08-25,123,1075729.71,0,8745.77,0,0,Monsoon
SKU00043,2024-09-01,140,1224407.8,1,8745.77,0,1,Monsoon
SKU00043,2024-09-08,148,1294373.96,2,8745.77,0,1,Monsoon
SKU00043,2024-09-15,124,1084475.48,2,8745.77,0,1,Monsoon
SKU00043,2024-09-22,136,1189424.72,2,8745.77,0,1,Monsoon
SKU00043,2024-09-29,140,1224407.8,2,8745.77,0,1,Monsoon
SKU00043,2024-10-06,130,1136950.1,0,8745.77,0,0,Monsoon
SKU00043,2024-10-13,113,988272.01,0,8745.77,0,0,Autumn
SKU00043,2024-10-20,121,1058238.17,0,8745.77,0,0,Autumn
SKU00043,2024-10-27,132,1154441.6400000001,0,8745.77,0,0,Autumn
SKU00043,2024-11-03,130,1136950.0999999999,2,8745.77,1,1,Autumn
SKU00043,2024-11-10,128,1119458.56,2,8745.77,0,1,Autumn
SKU00043,2024-11-17,140,1224407.8,2,8745.77,0,1,Autumn
SKU00043,2024-11-24,142,1241899.3399999999,2,8745.77,0,1,Autumn
SKU00043,2024-12-01,127,1110712.79,1,8745.77,0,1,Autumn
SKU00043,2024-12-08,147,1285628.19,0,8745.77,0,0,Winter
SKU00043,2024-12-15,133,1163187.41,0,8745.77,0,0,Winter
SKU00043,2024-12-22,133,1163187.41,0,8745.77,0,0,Winter
SKU00043,2024-12-29,131,1145695.8699999999,0,8745.77,1,0,Winter
SKU00043,2025-01-05,169,1478035.1300000001,0,8745.77,0,0,Winter
SKU00043,2025-01-12,166,1451797.82,0,8745.77,0,0,Winter
SKU00043,2025-01-19,157,1373085.89,0,8745.77,0,0,Winter
SKU00043,2025-01-26,155,1355594.3499999999,0,8745.77,1,0,Winter
SKU00043,2025-02-02,161,1408068.97,0,8745.77,0,0,Winter
SKU00043,2025-02-09,191,1670442.07,0,8745.77,0,0,Winter
SKU00043,2025-02-16,168,1469289.3599999999,0,8745.77,0,0,Winter
SKU00043,2025-02-23,153,1338102.81,0,8745.77,0,0,Winter
SKU00043,2025-03-02,193,1687933.6099999999,2,8745.77,0,1,Winter
SKU00043,2025-03-09,186,1626713.22,2,8745.77,0,1,Spring
SKU00043,2025-03-16,184,1609221.68,2,8745.77,0,1,Spring
SKU00043,2025-03-23,191,1670442.07,2,8745.77,0,1,Spring
SKU00043,2025-03-30,200,1749154.0,2,8745.77,0,1,Spring
SKU00043,2025-04-06,188,1644204.76,0,8745.77,0,0,Spring
SKU00043,2025-04-13,176,1539255.52,0,8745.77,0,0,Spring
SKU00043,2025-04-20,184,1609221.6800000002,0,8745.77,0,0,Spring
SKU00043,2025-04-27,176,1539255.52,0,8745.77,0,0,Spring
SKU00043,2025-05-04,179,1565492.83,0,8745.77,0,0,Spring
SKU00043,2025-05-11,165,1443052.05,0,8745.77,0,0,Summer
SKU00043,2025-05-18,170,1486780.9,0,8745.77,0,0,Summer
SKU00043,2025-05-25,184,1609221.68,0,8745.77,0,0,Summer
SKU00043,2025-06-01,192,1679187.84,1,8745.77,0,1,Summer
SKU00043,2025-06-08,194,1696679.38,2,8745.77,0,1,Summer
SKU00043,2025-06-15,178,1556747.06,2,8745.77,0,1,Summer
SKU00043,2025-06-22,180,1574238.6,2,8745.77,0,1,Summer
SKU00043,2025-06-29,179,1565492.83,2,8745.77,0,1,Summer
SKU00043,2025-07-06,155,1355594.35,0,8745.77,0,0,Summer
SKU00043,2025-07-13,161,1408068.97,0,8745.77,0,0,Monsoon
SKU00043,2025-07-20,161,1408068.97,0,8745.77,0,0,Monsoon
SKU00043,2025-07-27,132,1154441.64,0,8745.77,0,0,Monsoon
SKU00043,2025-08-03,149,1303119.73,0,8745.77,0,0,Monsoon
SKU00043,2025-08-10,156,1364340.12,0,8745.77,0,0,Monsoon
SKU00043,2025-08-17,142,1241899.34,0,8745.77,1,0,Monsoon
SKU00043,2025-08-24,130,1136950.1,0,8745.77,0,0,Monsoon
SKU00043,2025-08-31,139,1215662.03,0,8745.77,0,0,Monsoon
SKU00043,2025-09-07,133,1163187.4100000001,2,8745.77,0,1,Monsoon
SKU00043,2025-09-14,143,1250645.1099999999,2,8745.77,0,1,Monsoon
SKU00043,2025-09-21,143,1250645.1099999999,2,8745.77,0,1,Monsoon
SKU00043,2025-09-28,121,1058238.17,2,8745.77,0,1,Monsoon
SKU00043,2025-10-05,115,1005763.55,0,8745.77,0,0,Monsoon
SKU00043,2025-10-12,125,1093221.25,0,8745.77,0,0,Autumn
SKU00043,2025-10-19,123,1075729.71,0,8745.77,0,0,Autumn
SKU00043,2025-10-26,117,1023255.09,0,8745.77,1,0,Autumn
SKU00043,2025-11-02,147,1285628.19,2,8745.77,0,1,Autumn
SKU00043,2025-11-09,148,1294373.96,2,8745.77,0,1,Autumn
SKU00043,2025-11-16,145,1268136.65,2,8745.77,0,1,Autumn
SKU00043,2025-11-23,144,1259390.88,2,8745.77,0,1,Autumn
SKU00043,2025-11-30,113,988272.01,2,8745.77,0,1,Autumn
SKU00043,2025-12-07,127,1110712.79,0,8745.77,0,0,Winter
SKU00043,2025-12-14,142,1241899.34,0,8745.77,0,0,Winter
SKU00043,2025-12-21,132,1154441.6400000001,0,8745.77,0,0,Winter
SKU00043,2025-12-28,126,1101967.02,0,8745.77,1,0,Winter
SKU00043,2026-01-04,75,655932.75,0,8745.77,0,0,Winter
SKU00044,2024-01-07,66,357210.48,0,5412.28,0,0,Winter
SKU00044,2024-01-14,83,449219.24,0,5412.28,0,0,Winter
SKU00044,2024-01-21,71,384271.88,0,5412.28,0,0,Winter
SKU00044,2024-01-28,64,346385.92,0,5412.28,1,0,Winter
SKU00044,2024-02-04,76,411333.28,0,5412.28,0,0,Winter
SKU00044,2024-02-11,65,351798.2,0,5412.28,0,0,Winter
SKU00044,2024-02-18,77,416745.56,0,5412.28,0,0,Winter
SKU00044,2024-02-25,70,378859.6,0,5412.28,0,0,Winter
SKU00044,2024-03-03,89,481692.92,2,5412.28,0,1,Winter
SKU00044,2024-03-10,69,373447.32,2,5412.28,0,1,Spring
SKU00044,2024-03-17,94,508754.32,2,5412.28,0,1,Spring
SKU00044,2024-03-24,78,422157.83999999997,2,5412.28,0,1,Spring
SKU00044,2024-03-31,88,476280.64,2,5412.28,0,1,Spring
SKU00044,2024-04-07,81,438394.68,0,5412.28,0,0,Spring
SKU00044,2024-04-14,76,411333.28,0,5412.28,0,0,Spring
SKU00044,2024-04-21,77,416745.56,0,5412.28,0,0,Spring
SKU00044,2024-04-28,84,454631.52,0,5412.28,0,0,Spring
SKU00044,2024-05-05,79,427570.12,0,5412.28,0,0,Spring
SKU00044,2024-05-12,84,454631.51999999996,0,5412.28,0,0,Summer
SKU00044,2024-05-19,70,378859.6,0,5412.28,0,0,Summer
SKU00044,2024-05-26,77,416745.56,0,5412.28,0,0,Summer
SKU00044,2024-06-02,85,460043.8,2,5412.28,0,1,Summer
SKU00044,2024-06-09,78,422157.83999999997,2,5412.28,0,1,Summer
SKU00044,2024-06-16,81,438394.68,2,5412.28,0,1,Summer
SKU00044,2024-06-23,77,416745.56,2,5412.28,0,1,Summer
SKU00044,2024-06-30,90,487105.2,2,5412.28,0,1,Summer
SKU00044,2024-07-07,71,384271.88,0,5412.28,0,0,Monsoon
SKU00044,2024-07-14,71,384271.88,0,5412.28,0,0,Monsoon
SKU00044,2024-07-21,78,422157.83999999997,0,5412.28,0,0,Monsoon
SKU00044,2024-07-28,78,422157.83999999997,0,5412.28,0,0,Monsoon
SKU00044,2024-08-04,66,357210.48,0,5412.28,0,0,Monsoon
SKU00044,2024-08-11,60,324736.8,0,5412.28,0,0,Monsoon
SKU00044,2024-08-18,76,411333.28,0,5412.28,1,0,Monsoon
SKU00044,2024-08-25,55,297675.39999999997,0,5412.28,0,0,Monsoon
SKU00044,2024-09-01,70,378859.6,1,5412.28,0,1,Monsoon
SKU00044,2024-09-08,60,324736.8,2,5412.28,0,1,Monsoon
SKU00044,2024-09-15,63,340973.64,2,5412.28,0,1,Monsoon
SKU00044,2024-09-22,56,303087.68,2,5412.28,0,1,Monsoon
SKU00044,2024-09-29,68,368035.04,2,5412.28,0,1,Monsoon
SKU00044,2024-10-06,48,259789.44,0,5412.28,0,0,Monsoon
SKU00044,2024-10-13,57,308499.95999999996,0,5412.28,0,0,Autumn
SKU00044,2024-10-20,61,330149.08,0,5412.28,0,0,Autumn
SKU00044,2024-10-27,57,308499.96,0,5412.28,0,0,Autumn
SKU00044,2024-11-03,59,319324.52,2,5412.28,1,1,Autumn
SKU00044,2024-11-10,48,259789.44,2,5412.28,0,1,Autumn
SKU00044,2024-11-17,54,292263.12,2,5412.28,0,1,Autumn
SKU00044,2024-11-24,44,238140.32,2,5412.28,0,1,Autumn
SKU00044,2024-12-01,59,319324.52,1,5412.28,0,1,Autumn
SKU00044,2024-12-08,50,270614.0,0,5412.28,0,0,Winter
SKU00044,2024-12-15,54,292263.12,0,5412.28,0,0,Winter
SKU00044,2024-12-22,52,281438.56,0,5412.28,0,0,Winter
SKU00044,2024-12-29,60,324736.8,0,5412.28,1,0,Winter
SKU00044,2025-01-05,63,340973.64,0,5412.28,0,0,Winter
SKU00044,2025-01-12,76,411333.27999999997,0,5412.28,0,0,Winter
SKU00044,2025-01-19,81,438394.68,0,5412.28,0,0,Winter
SKU00044,2025-01-26,71,384271.88,0,5412.28,1,0,Winter
SKU00044,2025-02-02,67,362622.76,0,5412.28,0,0,Winter
SKU00044,2025-02-09,69,373447.32,0,5412.28,0,0,Winter
SKU00044,2025-02-16,66,357210.48,0,5412.28,0,0,Winter
SKU00044,2025-02-23,67,362622.76,0,5412.28,0,0,Winter
SKU00044,2025-03-02,75,405921.0,2,5412.28,0,1,Winter
SKU00044,2025-03-09,90,487105.2,2,5412.28,0,1,Spring
SKU00044,2025-03-16,88,476280.64,2,5412.28,0,1,Spring
SKU00044,2025-03-23,85,460043.8,2,5412.28,0,1,Spring
SKU00044,2025-03-30,76,411333.27999999997,2,5412.28,0,1,Spring
SKU00044,2025-04-06,85,460043.8,0,5412.28,0,0,Spring
SKU00044,2025-04-13,67,362622.76,0,5412.28,0,0,Spring
SKU00044,2025-04-20,84,454631.51999999996,0,5412.28,0,0,Spring
SKU00044,2025-04-27,77,416745.56,0,5412.28,0,0,Spring
SKU00044,2025-05-04,74,400508.72,0,5412.28,0,0,Spring
SKU00044,2025-05-11,81,438394.68,0,5412.28,0,0,Summer
SKU00044,2025-05-18,88,476280.64,0,5412.28,0,0,Summer
SKU00044,2025-05-25,72,389684.16000000003,0,5412.28,0,0,Summer
SKU00044,2025-06-01,89,481692.92,1,5412.28,0,1,Summer
SKU00044,2025-06-08,73,395096.44,2,5412.28,0,1,Summer
SKU00044,2025-06-15,88,476280.64,2,5412.28,0,1,Summer
SKU00044,2025-06-22,71,384271.88,2,5412.28,0,1,Summer
SKU00044,2025-06-29,62,335561.36,2,5412.28,0,1,Summer
SKU00044,2025-07-06,61,330149.08,0,5412.28,0,0,Summer
SKU00044,2025-07-13,79,427570.12,0,5412.28,0,0,Monsoon
SKU00044,2025-07-20,72,389684.16,0,5412.28,0,0,Monsoon
SKU00044,2025-07-27,69,373447.32,0,5412.28,0,0,Monsoon
SKU00044,2025-08-03,65,351798.2,0,5412.28,0,0,Monsoon
SKU00044,2025-08-10,66,357210.48,0,5412.28,0,0,Monsoon
SKU00044,2025-08-17,61,330149.08,0,5412.28,1,0,Monsoon
SKU00044,2025-08-24,70,378859.6,0,5412.28,0,0,Monsoon
SKU00044,2025-08-31,51,276026.28,0,5412.28,0,0,Monsoon
SKU00044,2025-09-07,56,303087.68,2,5412.28,0,1,Monsoon
SKU00044,2025-09-14,61,330149.08,2,5412.28,0,1,Monsoon
SKU00044,2025-09-21,47,254377.15999999997,2,5412.28,0,1,Monsoon
SKU00044,2025-09-28,66,357210.48,2,5412.28,0,1,Monsoon
SKU00044,2025-10-05,50,270614.0,0,5412.28,0,0,Monsoon
SKU00044,2025-10-12,49,265201.72,0,5412.28,0,0,Autumn
SKU00044,2025-10-19,56,303087.68,0,5412.28,0,0,Autumn
SKU00044,2025-10-26,53,286850.83999999997,0,5412.28,1,0,Autumn
SKU00044,2025-11-02,60,324736.8,2,5412.28,0,1,Autumn
SKU00044,2025-11-09,58,313912.24,2,5412.28,0,1,Autumn
SKU00044,2025-11-16,53,286850.83999999997,2,5412.28,0,1,Autumn
SKU00044,2025-11-23,46,248964.88,2,5412.28,0,1,Autumn
SKU00044,2025-11-30,57,308499.96,2,5412.28,0,1,Autumn
SKU00044,2025-12-07,52,281438.56,0,5412.28,0,0,Winter
SKU00044,2025-12-14,57,308499.96,0,5412.28,0,0,Winter
SKU00044,2025-12-21,61,330149.08,0,5412.28,0,0,Winter
SKU00044,2025-12-28,61,330149.08,0,5412.28,1,0,Winter
SKU00044,2026-01-04,19,102833.32,0,5412.28,0,0,Winter
SKU00045,2024-01-07,170,1305052.6,0,7676.78,0,0,Winter
SKU00045,2024-01-14,157,1205254.46,0,7676.78,0,0,Winter
SKU00045,2024-01-21,160,1228284.8,0,7676.78,0,0,Winter
SKU00045,2024-01-28,169,1297375.82,0,7676.78,1,0,Winter
SKU00045,2024-02-04,191,1466264.98,0,7676.78,0,0,Winter
SKU00045,2024-02-11,204,1566063.12,0,7676.78,0,0,Winter
SKU00045,2024-02-18,189,1450911.42,0,7676.78,0,0,Winter
SKU00045,2024-02-25,181,1389497.18,0,7676.78,0,0,Winter
SKU00045,2024-03-03,223,1711921.94,2,7676.78,0,1,Winter
SKU00045,2024-03-10,212,1627477.36,2,7676.78,0,1,Spring
SKU00045,2024-03-17,200,1535356.0,2,7676.78,0,1,Spring
SKU00045,2024-03-24,223,1711921.94,2,7676.78,0,1,Spring
SKU00045,2024-03-31,218,1673538.04,2,7676.78,0,1,Spring
SKU00045,2024-04-07,186,1427881.08,0,7676.78,0,0,Spring
SKU00045,2024-04-14,219,1681214.82,0,7676.78,0,0,Spring
SKU00045,2024-04-21,212,1627477.3599999999,0,7676.78,0,0,Spring
SKU00045,2024-04-28,213,1635154.14,0,7676.78,0,0,Spring
SKU00045,2024-05-05,209,1604447.02,0,7676.78,0,0,Spring
SKU00045,2024-05-12,198,1520002.44,0,7676.78,0,0,Summer
SKU00045,2024-05-19,213,1635154.14,0,7676.78,0,0,Summer
SKU00045,2024-05-26,187,1435557.8599999999,0,7676.78,0,0,Summer
SKU00045,2024-06-02,230,1765659.4,2,7676.78,0,1,Summer
SKU00045,2024-06-09,213,1635154.14,2,7676.78,0,1,Summer
SKU00045,2024-06-16,239,1834750.42,2,7676.78,0,1,Summer
SKU00045,2024-06-23,217,1665861.26,2,7676.78,0,1,Summer
SKU00045,2024-06-30,204,1566063.12,2,7676.78,0,1,Summer
SKU00045,2024-07-07,177,1358790.06,0,7676.78,0,0,Monsoon
SKU00045,2024-07-14,150,1151517.0,0,7676.78,0,0,Monsoon
SKU00045,2024-07-21,157,1205254.46,0,7676.78,0,0,Monsoon
SKU00045,2024-07-28,181,1389497.18,0,7676.78,0,0,Monsoon
SKU00045,2024-08-04,172,1320406.16,0,7676.78,0,0,Monsoon
SKU00045,2024-08-11,169,1297375.82,0,7676.78,0,0,Monsoon
SKU00045,2024-08-18,197,1512325.66,0,7676.78,1,0,Monsoon
SKU00045,2024-08-25,130,997981.4,0,7676.78,0,0,Monsoon
SKU00045,2024-09-01,158,1212931.24,1,7676.78,0,1,Monsoon
SKU00045,2024-09-08,159,1220608.02,2,7676.78,0,1,Monsoon
SKU00045,2024-09-15,154,1182224.12,2,7676.78,0,1,Monsoon
SKU00045,2024-09-22,152,1166870.56,2,7676.78,0,1,Monsoon
SKU00045,2024-09-29,178,1366466.84,2,7676.78,0,1,Monsoon
SKU00045,2024-10-06,139,1067072.42,0,7676.78,0,0,Monsoon
SKU00045,2024-10-13,131,1005658.1799999999,0,7676.78,0,0,Autumn
SKU00045,2024-10-20,142,1090102.76,0,7676.78,0,0,Autumn
SKU00045,2024-10-27,173,1328082.94,0,7676.78,0,0,Autumn
SKU00045,2024-11-03,145,1113133.1,2,7676.78,1,1,Autumn
SKU00045,2024-11-10,143,1097779.54,2,7676.78,0,1,Autumn
SKU00045,2024-11-17,170,1305052.6,2,7676.78,0,1,Autumn
SKU00045,2024-11-24,162,1243638.3599999999,2,7676.78,0,1,Autumn
SKU00045,2024-12-01,161,1235961.58,1,7676.78,0,1,Autumn
SKU00045,2024-12-08,151,1159193.78,0,7676.78,0,0,Winter
SKU00045,2024-12-15,149,1143840.22,0,7676.78,0,0,Winter
SKU00045,2024-12-22,159,1220608.02,0,7676.78,0,0,Winter
SKU00045,2024-12-29,190,1458588.2,0,7676.78,1,0,Winter
SKU00045,2025-01-05,162,1243638.3599999999,0,7676.78,0,0,Winter
SKU00045,2025-01-12,169,1297375.82,0,7676.78,0,0,Winter
SKU00045,2025-01-19,145,1113133.1,0,7676.78,0,0,Winter
SKU00045,2025-01-26,184,1412527.52,0,7676.78,1,0,Winter
SKU00045,2025-02-02,184,1412527.52,0,7676.78,0,0,Winter
SKU00045,2025-02-09,179,1374143.62,0,7676.78,0,0,Winter
SKU00045,2025-02-16,202,1550709.56,0,7676.78,0,0,Winter
SKU00045,2025-02-23,202,1550709.56,0,7676.78,0,0,Winter
SKU00045,2025-03-02,218,1673538.04,2,7676.78,0,1,Winter
SKU00045,2025-03-09,240,1842427.2,2,7676.78,0,1,Spring
SKU00045,2025-03-16,226,1734952.28,2,7676.78,0,1,Spring
SKU00045,2025-03-23,223,1711921.94,2,7676.78,0,1,Spring
SKU00045,2025-03-30,211,1619800.58,2,7676.78,0,1,Spring
SKU00045,2025-04-06,205,1573739.9,0,7676.78,0,0,Spring
SKU00045,2025-04-13,233,1788689.74,0,7676.78,0,0,Spring
SKU00045,2025-04-20,216,1658184.48,0,7676.78,0,0,Spring
SKU00045,2025-04-27,186,1427881.08,0,7676.78,0,0,Spring
SKU00045,2025-05-04,186,1427881.08,0,7676.78,0,0,Spring
SKU00045,2025-05-11,192,1473941.76,0,7676.78,0,0,Summer
SKU00045,2025-05-18,209,1604447.02,0,7676.78,0,0,Summer
SKU00045,2025-05-25,199,1527679.22,0,7676.78,0,0,Summer
SKU00045,2025-06-01,231,1773336.18,1,7676.78,0,1,Summer
SKU00045,2025-06-08,200,1535356.0,2,7676.78,0,1,Summer
SKU00045,2025-06-15,221,1696568.38,2,7676.78,0,1,Summer
SKU00045,2025-06-22,177,1358790.06,2,7676.78,0,1,Summer
SKU00045,2025-06-29,207,1589093.46,2,7676.78,0,1,Summer
SKU00045,2025-07-06,160,1228284.8,0,7676.78,0,0,Summer
SKU00045,2025-07-13,156,1197577.68,0,7676.78,0,0,Monsoon
SKU00045,2025-07-20,187,1435557.8599999999,0,7676.78,0,0,Monsoon
SKU00045,2025-07-27,170,1305052.6,0,7676.78,0,0,Monsoon
SKU00045,2025-08-03,149,1143840.22,0,7676.78,0,0,Monsoon
SKU00045,2025-08-10,151,1159193.78,0,7676.78,0,0,Monsoon
SKU00045,2025-08-17,155,1189900.9,0,7676.78,1,0,Monsoon
SKU00045,2025-08-24,159,1220608.02,0,7676.78,0,0,Monsoon
SKU00045,2025-08-31,138,1059395.6400000001,0,7676.78,0,0,Monsoon
SKU00045,2025-09-07,163,1251315.1400000001,2,7676.78,0,1,Monsoon
SKU00045,2025-09-14,171,1312729.38,2,7676.78,0,1,Monsoon
SKU00045,2025-09-21,147,1128486.66,2,7676.78,0,1,Monsoon
SKU00045,2025-09-28,162,1243638.3599999999,2,7676.78,0,1,Monsoon
SKU00045,2025-10-05,142,1090102.76,0,7676.78,0,0,Monsoon
SKU00045,2025-10-12,123,944243.9400000001,0,7676.78,0,0,Autumn
SKU00045,2025-10-19,120,921213.6,0,7676.78,0,0,Autumn
SKU00045,2025-10-26,143,1097779.54,0,7676.78,1,0,Autumn
SKU00045,2025-11-02,143,1097779.54,2,7676.78,0,1,Autumn
SKU00045,2025-11-09,154,1182224.12,2,7676.78,0,1,Autumn
SKU00045,2025-11-16,150,1151517.0,2,7676.78,0,1,Autumn
SKU00045,2025-11-23,155,1189900.9,2,7676.78,0,1,Autumn
SKU00045,2025-11-30,164,1258991.92,2,7676.78,0,1,Autumn
SKU00045,2025-12-07,166,1274345.48,0,7676.78,0,0,Winter
SKU00045,2025-12-14,152,1166870.56,0,7676.78,0,0,Winter
SKU00045,2025-12-21,123,944243.9400000001,0,7676.78,0,0,Winter
SKU00045,2025-12-28,157,1205254.46,0,7676.78,1,0,Winter
SKU00045,2026-01-04,59,452930.02,0,7676.78,0,0,Winter
SKU00046,2024-01-07,63,452059.02,0,7175.54,0,0,Winter
SKU00046,2024-01-14,45,322899.3,0,7175.54,0,0,Winter
SKU00046,2024-01-21,52,373128.07999999996,0,7175.54,0,0,Winter
SKU00046,2024-01-28,50,358777.0,0,7175.54,1,0,Winter
SKU00046,2024-02-04,73,523814.42,0,7175.54,0,0,Winter
SKU00046,2024-02-11,69,495112.26,0,7175.54,0,0,Winter
SKU00046,2024-02-18,73,523814.42000000004,0,7175.54,0,0,Winter
SKU00046,2024-02-25,66,473585.63999999996,0,7175.54,0,0,Winter
SKU00046,2024-03-03,69,495112.26,2,7175.54,0,1,Winter
SKU00046,2024-03-10,90,645798.6,2,7175.54,0,1,Spring
SKU00046,2024-03-17,93,667325.22,2,7175.54,0,1,Spring
SKU00046,2024-03-24,86,617096.44,2,7175.54,0,1,Spring
SKU00046,2024-03-31,80,574043.2,2,7175.54,0,1,Spring
SKU00046,2024-04-07,75,538165.5,0,7175.54,0,0,Spring
SKU00046,2024-04-14,68,487936.72,0,7175.54,0,0,Spring
SKU00046,2024-04-21,72,516638.88,0,7175.54,0,0,Spring
SKU00046,2024-04-28,87,624271.98,0,7175.54,0,0,Spring
SKU00046,2024-05-05,70,502287.8,0,7175.54,0,0,Spring
SKU00046,2024-05-12,73,523814.42,0,7175.54,0,0,Summer
SKU00046,2024-05-19,78,559692.12,0,7175.54,0,0,Summer
SKU00046,2024-05-26,76,545341.04,0,7175.54,0,0,Summer
SKU00046,2024-06-02,80,574043.2,2,7175.54,0,1,Summer
SKU00046,2024-06-09,67,480761.18,2,7175.54,0,1,Summer
SKU00046,2024-06-16,76,545341.04,2,7175.54,0,1,Summer
SKU00046,2024-06-23,64,459234.56,2,7175.54,0,1,Summer
SKU00046,2024-06-30,65,466410.1,2,7175.54,0,1,Summer
SKU00046,2024-07-07,63,452059.02,0,7175.54,0,0,Monsoon
SKU00046,2024-07-14,58,416181.32,0,7175.54,0,0,Monsoon
SKU00046,2024-07-21,60,430532.4,0,7175.54,0,0,Monsoon
SKU00046,2024-07-28,69,495112.26,0,7175.54,0,0,Monsoon
SKU00046,2024-08-04,62,444883.48,0,7175.54,0,0,Monsoon
SKU00046,2024-08-11,73,523814.42,0,7175.54,0,0,Monsoon
SKU00046,2024-08-18,59,423356.86,0,7175.54,1,0,Monsoon
SKU00046,2024-08-25,60,430532.39999999997,0,7175.54,0,0,Monsoon
SKU00046,2024-09-01,55,394654.69999999995,1,7175.54,0,1,Monsoon
SKU00046,2024-09-08,60,430532.4,2,7175.54,0,1,Monsoon
SKU00046,2024-09-15,56,401830.24,2,7175.54,0,1,Monsoon
SKU00046,2024-09-22,54,387479.16,2,7175.54,0,1,Monsoon
SKU00046,2024-09-29,56,401830.24,2,7175.54,0,1,Monsoon
SKU00046,2024-10-06,54,387479.16,0,7175.54,0,0,Monsoon
SKU00046,2024-10-13,60,430532.4,0,7175.54,0,0,Autumn
SKU00046,2024-10-20,42,301372.68,0,7175.54,0,0,Autumn
SKU00046,2024-10-27,40,287021.6,0,7175.54,0,0,Autumn
SKU00046,2024-11-03,55,394654.7,2,7175.54,1,1,Autumn
SKU00046,2024-11-10,56,401830.24,2,7175.54,0,1,Autumn
SKU00046,2024-11-17,69,495112.26,2,7175.54,0,1,Autumn
SKU00046,2024-11-24,60,430532.4,2,7175.54,0,1,Autumn
SKU00046,2024-12-01,48,344425.92,1,7175.54,0,1,Autumn
SKU00046,2024-12-08,51,365952.54,0,7175.54,0,0,Winter
SKU00046,2024-12-15,63,452059.02,0,7175.54,0,0,Winter
SKU00046,2024-12-22,59,423356.86,0,7175.54,0,0,Winter
SKU00046,2024-12-29,66,473585.64,0,7175.54,1,0,Winter
SKU00046,2025-01-05,56,401830.24,0,7175.54,0,0,Winter
SKU00046,2025-01-12,72,516638.88,0,7175.54,0,0,Winter
SKU00046,2025-01-19,66,473585.64,0,7175.54,0,0,Winter
SKU00046,2025-01-26,60,430532.4,0,7175.54,1,0,Winter
SKU00046,2025-02-02,66,473585.64,0,7175.54,0,0,Winter
SKU00046,2025-02-09,76,545341.04,0,7175.54,0,0,Winter
SKU00046,2025-02-16,64,459234.56,0,7175.54,0,0,Winter
SKU00046,2025-02-23,70,502287.80000000005,0,7175.54,0,0,Winter
SKU00046,2025-03-02,88,631447.52,2,7175.54,0,1,Winter
SKU00046,2025-03-09,76,545341.04,2,7175.54,0,1,Spring
SKU00046,2025-03-16,77,552516.58,2,7175.54,0,1,Spring
SKU00046,2025-03-23,71,509463.34,2,7175.54,0,1,Spring
SKU00046,2025-03-30,70,502287.8,2,7175.54,0,1,Spring
SKU00046,2025-04-06,73,523814.42,0,7175.54,0,0,Spring
SKU00046,2025-04-13,59,423356.86,0,7175.54,0,0,Spring
SKU00046,2025-04-20,78,559692.12,0,7175.54,0,0,Spring
SKU00046,2025-04-27,79,566867.66,0,7175.54,0,0,Spring
SKU00046,2025-05-04,81,581218.74,0,7175.54,0,0,Spring
SKU00046,2025-05-11,60,430532.4,0,7175.54,0,0,Summer
SKU00046,2025-05-18,78,559692.12,0,7175.54,0,0,Summer
SKU00046,2025-05-25,67,480761.18,0,7175.54,0,0,Summer
SKU00046,2025-06-01,77,552516.58,1,7175.54,0,1,Summer
SKU00046,2025-06-08,75,538165.5,2,7175.54,0,1,Summer
SKU00046,2025-06-15,66,473585.64,2,7175.54,0,1,Summer
SKU00046,2025-06-22,58,416181.31999999995,2,7175.54,0,1,Summer
SKU00046,2025-06-29,79,566867.66,2,7175.54,0,1,Summer
SKU00046,2025-07-06,55,394654.7,0,7175.54,0,0,Summer
SKU00046,2025-07-13,78,559692.12,0,7175.54,0,0,Monsoon
SKU00046,2025-07-20,74,530989.96,0,7175.54,0,0,Monsoon
SKU00046,2025-07-27,78,559692.12,0,7175.54,0,0,Monsoon
SKU00046,2025-08-03,51,365952.54,0,7175.54,0,0,Monsoon
SKU00046,2025-08-10,69,495112.26,0,7175.54,0,0,Monsoon
SKU00046,2025-08-17,64,459234.56,0,7175.54,1,0,Monsoon
SKU00046,2025-08-24,54,387479.16000000003,0,7175.54,0,0,Monsoon
SKU00046,2025-08-31,58,416181.32,0,7175.54,0,0,Monsoon
SKU00046,2025-09-07,53,380303.62,2,7175.54,0,1,Monsoon
SKU00046,2025-09-14,56,401830.24,2,7175.54,0,1,Monsoon
SKU00046,2025-09-21,61,437707.94,2,7175.54,0,1,Monsoon
SKU00046,2025-09-28,73,523814.42,2,7175.54,0,1,Monsoon
SKU00046,2025-10-05,62,444883.48,0,7175.54,0,0,Monsoon
SKU00046,2025-10-12,47,337250.38,0,7175.54,0,0,Autumn
SKU00046,2025-10-19,40,287021.6,0,7175.54,0,0,Autumn
SKU00046,2025-10-26,50,358777.0,0,7175.54,1,0,Autumn
SKU00046,2025-11-02,64,459234.56,2,7175.54,0,1,Autumn
SKU00046,2025-11-09,49,351601.46,2,7175.54,0,1,Autumn
SKU00046,2025-11-16,56,401830.24,2,7175.54,0,1,Autumn
SKU00046,2025-11-23,53,380303.62,2,7175.54,0,1,Autumn
SKU00046,2025-11-30,52,373128.07999999996,2,7175.54,0,1,Autumn
SKU00046,2025-12-07,56,401830.24,0,7175.54,0,0,Winter
SKU00046,2025-12-14,66,473585.64,0,7175.54,0,0,Winter
SKU00046,2025-12-21,57,409005.77999999997,0,7175.54,0,0,Winter
SKU00046,2025-12-28,58,416181.32,0,7175.54,1,0,Winter
SKU00046,2026-01-04,17,121984.18,0,7175.54,0,0,Winter
SKU00047,2024-01-07,109,865265.98,0,7938.22,0,0,Winter
SKU00047,2024-01-14,89,706501.58,0,7938.22,0,0,Winter
SKU00047,2024-01-21,118,936709.96,0,7938.22,0,0,Winter
SKU00047,2024-01-28,96,762069.12,0,7938.22,1,0,Winter
SKU00047,2024-02-04,104,825574.88,0,7938.22,0,0,Winter
SKU00047,2024-02-11,113,897018.86,0,7938.22,0,0,Winter
SKU00047,2024-02-18,124,984339.28,0,7938.22,0,0,Winter
SKU00047,2024-02-25,99,785883.78,0,7938.22,0,0,Winter
SKU00047,2024-03-03,105,833513.1,2,7938.22,0,1,Winter
SKU00047,2024-03-10,149,1182794.78,2,7938.22,0,1,Spring
SKU00047,2024-03-17,132,1047845.04,2,7938.22,0,1,Spring
SKU00047,2024-03-24,135,1071659.7,2,7938.22,0,1,Spring
SKU00047,2024-03-31,123,976401.0599999999,2,7938.22,0,1,Spring
SKU00047,2024-04-07,123,976401.06,0,7938.22,0,0,Spring
SKU00047,2024-04-14,95,754130.9,0,7938.22,0,0,Spring
SKU00047,2024-04-21,129,1024030.38,0,7938.22,0,0,Spring
SKU00047,2024-04-28,130,1031968.6,0,7938.22,0,0,Spring
SKU00047,2024-05-05,123,976401.0599999999,0,7938.22,0,0,Spring
SKU00047,2024-05-12,112,889080.64,0,7938.22,0,0,Summer
SKU00047,2024-05-19,102,809698.44,0,7938.22,0,0,Summer
SKU00047,2024-05-26,127,1008153.94,0,7938.22,0,0,Summer
SKU00047,2024-06-02,132,1047845.0399999999,2,7938.22,0,1,Summer
SKU00047,2024-06-09,113,897018.86,2,7938.22,0,1,Summer
SKU00047,2024-06-16,102,809698.44,2,7938.22,0,1,Summer
SKU00047,2024-06-23,133,1055783.26,2,7938.22,0,1,Summer
SKU00047,2024-06-30,128,1016092.16,2,7938.22,0,1,Summer
SKU00047,2024-07-07,119,944648.1799999999,0,7938.22,0,0,Monsoon
SKU00047,2024-07-14,84,666810.48,0,7938.22,0,0,Monsoon
SKU00047,2024-07-21,102,809698.44,0,7938.22,0,0,Monsoon
SKU00047,2024-07-28,108,857327.76,0,7938.22,0,0,Monsoon
SKU00047,2024-08-04,99,785883.78,0,7938.22,0,0,Monsoon
SKU00047,2024-08-11,93,738254.46,0,7938.22,0,0,Monsoon
SKU00047,2024-08-18,66,523922.52,0,7938.22,1,0,Monsoon
SKU00047,2024-08-25,101,801760.22,0,7938.22,0,0,Monsoon
SKU00047,2024-09-01,110,873204.2,1,7938.22,0,1,Monsoon
SKU00047,2024-09-08,96,762069.12,2,7938.22,0,1,Monsoon
SKU00047,2024-09-15,75,595366.5,2,7938.22,0,1,Monsoon
SKU00047,2024-09-22,94,746192.6799999999,2,7938.22,0,1,Monsoon
SKU00047,2024-09-29,115,912895.3,2,7938.22,0,1,Monsoon
SKU00047,2024-10-06,75,595366.5,0,7938.22,0,0,Monsoon
SKU00047,2024-10-13,93,738254.46,0,7938.22,0,0,Autumn
SKU00047,2024-10-20,84,666810.48,0,7938.22,0,0,Autumn
SKU00047,2024-10-27,79,627119.38,0,7938.22,0,0,Autumn
SKU00047,2024-11-03,93,738254.46,2,7938.22,1,1,Autumn
SKU00047,2024-11-10,93,738254.46,2,7938.22,0,1,Autumn
SKU00047,2024-11-17,82,650934.04,2,7938.22,0,1,Autumn
SKU00047,2024-11-24,85,674748.7,2,7938.22,0,1,Autumn
SKU00047,2024-12-01,78,619181.16,1,7938.22,0,1,Autumn
SKU00047,2024-12-08,78,619181.16,0,7938.22,0,0,Winter
SKU00047,2024-12-15,85,674748.7,0,7938.22,0,0,Winter
SKU00047,2024-12-22,92,730316.24,0,7938.22,0,0,Winter
SKU00047,2024-12-29,82,650934.04,0,7938.22,1,0,Winter
SKU00047,2025-01-05,114,904957.08,0,7938.22,0,0,Winter
SKU00047,2025-01-12,110,873204.2000000001,0,7938.22,0,0,Winter
SKU00047,2025-01-19,84,666810.48,0,7938.22,0,0,Winter
SKU00047,2025-01-26,90,714439.8,0,7938.22,1,0,Winter
SKU00047,2025-02-02,99,785883.78,0,7938.22,0,0,Winter
SKU00047,2025-02-09,108,857327.76,0,7938.22,0,0,Winter
SKU00047,2025-02-16,104,825574.88,0,7938.22,0,0,Winter
SKU00047,2025-02-23,105,833513.1,0,7938.22,0,0,Winter
SKU00047,2025-03-02,107,849389.54,2,7938.22,0,1,Winter
SKU00047,2025-03-09,146,1158980.1199999999,2,7938.22,0,1,Spring
SKU00047,2025-03-16,134,1063721.48,2,7938.22,0,1,Spring
SKU00047,2025-03-23,128,1016092.16,2,7938.22,0,1,Spring
SKU00047,2025-03-30,125,992277.5,2,7938.22,0,1,Spring
SKU00047,2025-04-06,114,904957.08,0,7938.22,0,0,Spring
SKU00047,2025-04-13,104,825574.88,0,7938.22,0,0,Spring
SKU00047,2025-04-20,110,873204.2,0,7938.22,0,0,Spring
SKU00047,2025-04-27,115,912895.2999999999,0,7938.22,0,0,Spring
SKU00047,2025-05-04,122,968462.84,0,7938.22,0,0,Spring
SKU00047,2025-05-11,112,889080.64,0,7938.22,0,0,Summer
SKU00047,2025-05-18,103,817636.6599999999,0,7938.22,0,0,Summer
SKU00047,2025-05-25,114,904957.0800000001,0,7938.22,0,0,Summer
SKU00047,2025-06-01,122,968462.84,1,7938.22,0,1,Summer
SKU00047,2025-06-08,123,976401.0599999999,2,7938.22,0,1,Summer
SKU00047,2025-06-15,125,992277.5,2,7938.22,0,1,Summer
SKU00047,2025-06-22,133,1055783.26,2,7938.22,0,1,Summer
SKU00047,2025-06-29,110,873204.2,2,7938.22,0,1,Summer
SKU00047,2025-07-06,110,873204.2,0,7938.22,0,0,Summer
SKU00047,2025-07-13,106,841451.32,0,7938.22,0,0,Monsoon
SKU00047,2025-07-20,105,833513.1,0,7938.22,0,0,Monsoon
SKU00047,2025-07-27,107,849389.54,0,7938.22,0,0,Monsoon
SKU00047,2025-08-03,120,952586.3999999999,0,7938.22,0,0,Monsoon
SKU00047,2025-08-10,95,754130.9,0,7938.22,0,0,Monsoon
SKU00047,2025-08-17,101,801760.22,0,7938.22,1,0,Monsoon
SKU00047,2025-08-24,86,682686.92,0,7938.22,0,0,Monsoon
SKU00047,2025-08-31,92,730316.24,0,7938.22,0,0,Monsoon
SKU00047,2025-09-07,103,817636.66,2,7938.22,0,1,Monsoon
SKU00047,2025-09-14,78,619181.16,2,7938.22,0,1,Monsoon
SKU00047,2025-09-21,87,690625.14,2,7938.22,0,1,Monsoon
SKU00047,2025-09-28,94,746192.68,2,7938.22,0,1,Monsoon
SKU00047,2025-10-05,77,611242.94,0,7938.22,0,0,Monsoon
SKU00047,2025-10-12,81,642995.8200000001,0,7938.22,0,0,Autumn
SKU00047,2025-10-19,76,603304.72,0,7938.22,0,0,Autumn
SKU00047,2025-10-26,75,595366.5,0,7938.22,1,0,Autumn
SKU00047,2025-11-02,101,801760.22,2,7938.22,0,1,Autumn
SKU00047,2025-11-09,102,809698.44,2,7938.22,0,1,Autumn
SKU00047,2025-11-16,101,801760.22,2,7938.22,0,1,Autumn
SKU00047,2025-11-23,81,642995.82,2,7938.22,0,1,Autumn
SKU00047,2025-11-30,90,714439.8,2,7938.22,0,1,Autumn
SKU00047,2025-12-07,108,857327.76,0,7938.22,0,0,Winter
SKU00047,2025-12-14,86,682686.92,0,7938.22,0,0,Winter
SKU00047,2025-12-21,100,793822.0,0,7938.22,0,0,Winter
SKU00047,2025-12-28,88,698563.36,0,7938.22,1,0,Winter
SKU00047,2026-01-04,41,325467.02,0,7938.22,0,0,Winter
SKU00048,2024-01-07,76,104845.8,0,1379.55,0,0,Winter
SKU00048,2024-01-14,51,70357.05,0,1379.55,0,0,Winter
SKU00048,2024-01-21,52,71736.6,0,1379.55,0,0,Winter
SKU00048,2024-01-28,42,57941.1,0,1379.55,1,0,Winter
SKU00048,2024-02-04,52,71736.6,0,1379.55,0,0,Winter
SKU00048,2024-02-11,61,84152.55,0,1379.55,0,0,Winter
SKU00048,2024-02-18,54,74495.7,0,1379.55,0,0,Winter
SKU00048,2024-02-25,64,88291.2,0,1379.55,0,0,Winter
SKU00048,2024-03-03,73,100707.15,2,1379.55,0,1,Winter
SKU00048,2024-03-10,65,89670.75,2,1379.55,0,1,Spring
SKU00048,2024-03-17,76,104845.8,2,1379.55,0,1,Spring
SKU00048,2024-03-24,70,96568.5,2,1379.55,0,1,Spring
SKU00048,2024-03-31,79,108984.45,2,1379.55,0,1,Spring
SKU00048,2024-04-07,59,81393.45,0,1379.55,0,0,Spring
SKU00048,2024-04-14,65,89670.75,0,1379.55,0,0,Spring
SKU00048,2024-04-21,74,102086.7,0,1379.55,0,0,Spring
SKU00048,2024-04-28,54,74495.7,0,1379.55,0,0,Spring
SKU00048,2024-05-05,60,82773.0,0,1379.55,0,0,Spring
SKU00048,2024-05-12,71,97948.05,0,1379.55,0,0,Summer
SKU00048,2024-05-19,69,95188.95,0,1379.55,0,0,Summer
SKU00048,2024-05-26,66,91050.3,0,1379.55,0,0,Summer
SKU00048,2024-06-02,76,104845.8,2,1379.55,0,1,Summer
SKU00048,2024-06-09,68,93809.4,2,1379.55,0,1,Summer
SKU00048,2024-06-16,67,92429.84999999999,2,1379.55,0,1,Summer
SKU00048,2024-06-23,74,102086.7,2,1379.55,0,1,Summer
SKU00048,2024-06-30,57,78634.35,2,1379.55,0,1,Summer
SKU00048,2024-07-07,64,88291.2,0,1379.55,0,0,Monsoon
SKU00048,2024-07-14,66,91050.3,0,1379.55,0,0,Monsoon
SKU00048,2024-07-21,58,80013.9,0,1379.55,0,0,Monsoon
SKU00048,2024-07-28,58,80013.9,0,1379.55,0,0,Monsoon
SKU00048,2024-08-04,55,75875.25,0,1379.55,0,0,Monsoon
SKU00048,2024-08-11,53,73116.15,0,1379.55,0,0,Monsoon
SKU00048,2024-08-18,59,81393.45,0,1379.55,1,0,Monsoon
SKU00048,2024-08-25,59,81393.45,0,1379.55,0,0,Monsoon
SKU00048,2024-09-01,65,89670.75,1,1379.55,0,1,Monsoon
SKU00048,2024-09-08,41,56561.55,2,1379.55,0,1,Monsoon
SKU00048,2024-09-15,63,86911.65,2,1379.55,0,1,Monsoon
SKU00048,2024-09-22,56,77254.8,2,1379.55,0,1,Monsoon
SKU00048,2024-09-29,48,66218.4,2,1379.55,0,1,Monsoon
SKU00048,2024-10-06,47,64838.850000000006,0,1379.55,0,0,Monsoon
SKU00048,2024-10-13,51,70357.05,0,1379.55,0,0,Autumn
SKU00048,2024-10-20,51,70357.05,0,1379.55,0,0,Autumn
SKU00048,2024-10-27,53,73116.15,0,1379.55,0,0,Autumn
SKU00048,2024-11-03,63,86911.65,2,1379.55,1,1,Autumn
SKU00048,2024-11-10,45,62079.75,2,1379.55,0,1,Autumn
SKU00048,2024-11-17,57,78634.35,2,1379.55,0,1,Autumn
SKU00048,2024-11-24,55,75875.25,2,1379.55,0,1,Autumn
SKU00048,2024-12-01,56,77254.8,1,1379.55,0,1,Autumn
SKU00048,2024-12-08,50,68977.5,0,1379.55,0,0,Winter
SKU00048,2024-12-15,55,75875.25,0,1379.55,0,0,Winter
SKU00048,2024-12-22,41,56561.549999999996,0,1379.55,0,0,Winter
SKU00048,2024-12-29,62,85532.1,0,1379.55,1,0,Winter
SKU00048,2025-01-05,52,71736.6,0,1379.55,0,0,Winter
SKU00048,2025-01-12,57,78634.35,0,1379.55,0,0,Winter
SKU00048,2025-01-19,61,84152.55,0,1379.55,0,0,Winter
SKU00048,2025-01-26,71,97948.05,0,1379.55,1,0,Winter
SKU00048,2025-02-02,63,86911.65,0,1379.55,0,0,Winter
SKU00048,2025-02-09,53,73116.15,0,1379.55,0,0,Winter
SKU00048,2025-02-16,44,60700.2,0,1379.55,0,0,Winter
SKU00048,2025-02-23,59,81393.45,0,1379.55,0,0,Winter
SKU00048,2025-03-02,72,99327.6,2,1379.55,0,1,Winter
SKU00048,2025-03-09,67,92429.85,2,1379.55,0,1,Spring
SKU00048,2025-03-16,71,97948.05,2,1379.55,0,1,Spring
SKU00048,2025-03-23,64,88291.2,2,1379.55,0,1,Spring
SKU00048,2025-03-30,76,104845.8,2,1379.55,0,1,Spring
SKU00048,2025-04-06,61,84152.55,0,1379.55,0,0,Spring
SKU00048,2025-04-13,80,110364.0,0,1379.55,0,0,Spring
SKU00048,2025-04-20,79,108984.45,0,1379.55,0,0,Spring
SKU00048,2025-04-27,56,77254.8,0,1379.55,0,0,Spring
SKU00048,2025-05-04,73,100707.15,0,1379.55,0,0,Spring
SKU00048,2025-05-11,74,102086.70000000001,0,1379.55,0,0,Summer
SKU00048,2025-05-18,71,97948.05,0,1379.55,0,0,Summer
SKU00048,2025-05-25,61,84152.55,0,1379.55,0,0,Summer
SKU00048,2025-06-01,71,97948.04999999999,1,1379.55,0,1,Summer
SKU00048,2025-06-08,67,92429.85,2,1379.55,0,1,Summer
SKU00048,2025-06-15,59,81393.45,2,1379.55,0,1,Summer
SKU00048,2025-06-22,77,106225.35,2,1379.55,0,1,Summer
SKU00048,2025-06-29,73,100707.15000000001,2,1379.55,0,1,Summer
SKU00048,2025-07-06,50,68977.5,0,1379.55,0,0,Summer
SKU00048,2025-07-13,48,66218.4,0,1379.55,0,0,Monsoon
SKU00048,2025-07-20,52,71736.6,0,1379.55,0,0,Monsoon
SKU00048,2025-07-27,67,92429.85,0,1379.55,0,0,Monsoon
SKU00048,2025-08-03,43,59320.65,0,1379.55,0,0,Monsoon
SKU00048,2025-08-10,50,68977.5,0,1379.55,0,0,Monsoon
SKU00048,2025-08-17,35,48284.25,0,1379.55,1,0,Monsoon
SKU00048,2025-08-24,45,62079.75,0,1379.55,0,0,Monsoon
SKU00048,2025-08-31,60,82773.0,0,1379.55,0,0,Monsoon
SKU00048,2025-09-07,57,78634.35,2,1379.55,0,1,Monsoon
SKU00048,2025-09-14,58,80013.9,2,1379.55,0,1,Monsoon
SKU00048,2025-09-21,54,74495.7,2,1379.55,0,1,Monsoon
SKU00048,2025-09-28,50,68977.5,2,1379.55,0,1,Monsoon
SKU00048,2025-10-05,46,63459.3,0,1379.55,0,0,Monsoon
SKU00048,2025-10-12,51,70357.05,0,1379.55,0,0,Autumn
SKU00048,2025-10-19,59,81393.45,0,1379.55,0,0,Autumn
SKU00048,2025-10-26,31,42766.05,0,1379.55,1,0,Autumn
SKU00048,2025-11-02,61,84152.55,2,1379.55,0,1,Autumn
SKU00048,2025-11-09,63,86911.65,2,1379.55,0,1,Autumn
SKU00048,2025-11-16,47,64838.850000000006,2,1379.55,0,1,Autumn
SKU00048,2025-11-23,63,86911.65,2,1379.55,0,1,Autumn
SKU00048,2025-11-30,36,49663.8,2,1379.55,0,1,Autumn
SKU00048,2025-12-07,57,78634.34999999999,0,1379.55,0,0,Winter
SKU00048,2025-12-14,55,75875.25,0,1379.55,0,0,Winter
SKU00048,2025-12-21,58,80013.9,0,1379.55,0,0,Winter
SKU00048,2025-12-28,40,55182.0,0,1379.55,1,0,Winter
SKU00048,2026-01-04,21,28970.550000000003,0,1379.55,0,0,Winter
SKU00049,2024-01-07,177,924536.49,0,5223.37,0,0,Winter
SKU00049,2024-01-14,178,929759.86,0,5223.37,0,0,Winter
SKU00049,2024-01-21,184,961100.0800000001,0,5223.37,0,0,Winter
SKU00049,2024-01-28,181,945429.97,0,5223.37,1,0,Winter
SKU00049,2024-02-04,178,929759.86,0,5223.37,0,0,Winter
SKU00049,2024-02-11,191,997663.6699999999,0,5223.37,0,0,Winter
SKU00049,2024-02-18,194,1013333.78,0,5223.37,0,0,Winter
SKU00049,2024-02-25,186,971546.82,0,5223.37,0,0,Winter
SKU00049,2024-03-03,192,1002887.04,2,5223.37,0,1,Winter
SKU00049,2024-03-10,207,1081237.59,2,5223.37,0,1,Spring
SKU00049,2024-03-17,190,992440.3,2,5223.37,0,1,Spring
SKU00049,2024-03-24,228,1190928.3599999999,2,5223.37,0,1,Spring
SKU00049,2024-03-31,221,1154364.77,2,5223.37,0,1,Spring
SKU00049,2024-04-07,219,1143918.03,0,5223.37,0,0,Spring
SKU00049,2024-04-14,199,1039450.63,0,5223.37,0,0,Spring
SKU00049,2024-04-21,193,1008110.4099999999,0,5223.37,0,0,Spring
SKU00049,2024-04-28,222,1159588.14,0,5223.37,0,0,Spring
SKU00049,2024-05-05,219,1143918.03,0,5223.37,0,0,Spring
SKU00049,2024-05-12,200,1044674.0,0,5223.37,0,0,Summer
SKU00049,2024-05-19,192,1002887.04,0,5223.37,0,0,Summer
SKU00049,2024-05-26,178,929759.86,0,5223.37,0,0,Summer
SKU00049,2024-06-02,196,1023780.52,2,5223.37,0,1,Summer
SKU00049,2024-06-09,194,1013333.78,2,5223.37,0,1,Summer
SKU00049,2024-06-16,190,992440.3,2,5223.37,0,1,Summer
SKU00049,2024-06-23,187,976770.19,2,5223.37,0,1,Summer
SKU00049,2024-06-30,200,1044674.0,2,5223.37,0,1,Summer
SKU00049,2024-07-07,167,872302.7899999999,0,5223.37,0,0,Monsoon
SKU00049,2024-07-14,165,861856.0499999999,0,5223.37,0,0,Monsoon
SKU00049,2024-07-21,188,981993.56,0,5223.37,0,0,Monsoon
SKU00049,2024-07-28,174,908866.38,0,5223.37,0,0,Monsoon
SKU00049,2024-08-04,176,919313.12,0,5223.37,0,0,Monsoon
SKU00049,2024-08-11,164,856632.6799999999,0,5223.37,0,0,Monsoon
SKU00049,2024-08-18,151,788728.87,0,5223.37,1,0,Monsoon
SKU00049,2024-08-25,138,720825.0599999999,0,5223.37,0,0,Monsoon
SKU00049,2024-09-01,156,814845.72,1,5223.37,0,1,Monsoon
SKU00049,2024-09-08,152,793952.24,2,5223.37,0,1,Monsoon
SKU00049,2024-09-15,164,856632.6799999999,2,5223.37,0,1,Monsoon
SKU00049,2024-09-22,150,783505.5,2,5223.37,0,1,Monsoon
SKU00049,2024-09-29,178,929759.86,2,5223.37,0,1,Monsoon
SKU00049,2024-10-06,147,767835.39,0,5223.37,0,0,Monsoon
SKU00049,2024-10-13,151,788728.87,0,5223.37,0,0,Autumn
SKU00049,2024-10-20,129,673814.73,0,5223.37,0,0,Autumn
SKU00049,2024-10-27,148,773058.76,0,5223.37,0,0,Autumn
SKU00049,2024-11-03,140,731271.8,2,5223.37,1,1,Autumn
SKU00049,2024-11-10,160,835739.2,2,5223.37,0,1,Autumn
SKU00049,2024-11-17,141,736495.1699999999,2,5223.37,0,1,Autumn
SKU00049,2024-11-24,136,710378.32,2,5223.37,0,1,Autumn
SKU00049,2024-12-01,145,757388.6499999999,1,5223.37,0,1,Autumn
SKU00049,2024-12-08,149,778282.13,0,5223.37,0,0,Winter
SKU00049,2024-12-15,150,783505.5,0,5223.37,0,0,Winter
SKU00049,2024-12-22,161,840962.5700000001,0,5223.37,0,0,Winter
SKU00049,2024-12-29,135,705154.95,0,5223.37,1,0,Winter
SKU00049,2025-01-05,198,1034227.26,0,5223.37,0,0,Winter
SKU00049,2025-01-12,177,924536.49,0,5223.37,0,0,Winter
SKU00049,2025-01-19,183,955876.71,0,5223.37,0,0,Winter
SKU00049,2025-01-26,154,804398.98,0,5223.37,1,0,Winter
SKU00049,2025-02-02,160,835739.2,0,5223.37,0,0,Winter
SKU00049,2025-02-09,199,1039450.63,0,5223.37,0,0,Winter
SKU00049,2025-02-16,182,950653.3400000001,0,5223.37,0,0,Winter
SKU00049,2025-02-23,184,961100.08,0,5223.37,0,0,Winter
SKU00049,2025-03-02,207,1081237.59,2,5223.37,0,1,Winter
SKU00049,2025-03-09,214,1117801.18,2,5223.37,0,1,Spring
SKU00049,2025-03-16,190,992440.3,2,5223.37,0,1,Spring
SKU00049,2025-03-23,218,1138694.66,2,5223.37,0,1,Spring
SKU00049,2025-03-30,230,1201375.1,2,5223.37,0,1,Spring
SKU00049,2025-04-06,184,961100.0800000001,0,5223.37,0,0,Spring
SKU00049,2025-04-13,213,1112577.81,0,5223.37,0,0,Spring
SKU00049,2025-04-20,198,1034227.26,0,5223.37,0,0,Spring
SKU00049,2025-04-27,203,1060344.1099999999,0,5223.37,0,0,Spring
SKU00049,2025-05-04,202,1055120.74,0,5223.37,0,0,Spring
SKU00049,2025-05-11,222,1159588.1400000001,0,5223.37,0,0,Summer
SKU00049,2025-05-18,185,966323.45,0,5223.37,0,0,Summer
SKU00049,2025-05-25,187,976770.19,0,5223.37,0,0,Summer
SKU00049,2025-06-01,213,1112577.81,1,5223.37,0,1,Summer
SKU00049,2025-06-08,206,1076014.22,2,5223.37,0,1,Summer
SKU00049,2025-06-15,206,1076014.22,2,5223.37,0,1,Summer
SKU00049,2025-06-22,197,1029003.8899999999,2,5223.37,0,1,Summer
SKU00049,2025-06-29,220,1149141.4,2,5223.37,0,1,Summer
SKU00049,2025-07-06,156,814845.72,0,5223.37,0,0,Summer
SKU00049,2025-07-13,179,934983.23,0,5223.37,0,0,Monsoon
SKU00049,2025-07-20,171,893196.27,0,5223.37,0,0,Monsoon
SKU00049,2025-07-27,168,877526.1599999999,0,5223.37,0,0,Monsoon
SKU00049,2025-08-03,158,825292.46,0,5223.37,0,0,Monsoon
SKU00049,2025-08-10,159,830515.8300000001,0,5223.37,0,0,Monsoon
SKU00049,2025-08-17,163,851409.3099999999,0,5223.37,1,0,Monsoon
SKU00049,2025-08-24,145,757388.65,0,5223.37,0,0,Monsoon
SKU00049,2025-08-31,159,830515.83,0,5223.37,0,0,Monsoon
SKU00049,2025-09-07,152,793952.24,2,5223.37,0,1,Monsoon
SKU00049,2025-09-14,167,872302.79,2,5223.37,0,1,Monsoon
SKU00049,2025-09-21,158,825292.46,2,5223.37,0,1,Monsoon
SKU00049,2025-09-28,168,877526.1599999999,2,5223.37,0,1,Monsoon
SKU00049,2025-10-05,142,741718.54,0,5223.37,0,0,Monsoon
SKU00049,2025-10-12,137,715601.69,0,5223.37,0,0,Autumn
SKU00049,2025-10-19,152,793952.24,0,5223.37,0,0,Autumn
SKU00049,2025-10-26,138,720825.06,0,5223.37,1,0,Autumn
SKU00049,2025-11-02,150,783505.5,2,5223.37,0,1,Autumn
SKU00049,2025-11-09,152,793952.24,2,5223.37,0,1,Autumn
SKU00049,2025-11-16,160,835739.2,2,5223.37,0,1,Autumn
SKU00049,2025-11-23,139,726048.4299999999,2,5223.37,0,1,Autumn
SKU00049,2025-11-30,159,830515.8300000001,2,5223.37,0,1,Autumn
SKU00049,2025-12-07,167,872302.79,0,5223.37,0,0,Winter
SKU00049,2025-12-14,171,893196.27,0,5223.37,0,0,Winter
SKU00049,2025-12-21,147,767835.39,0,5223.37,0,0,Winter
SKU00049,2025-12-28,166,867079.4199999999,0,5223.37,1,0,Winter
SKU00049,2026-01-04,47,245498.39,0,5223.37,0,0,Winter
SKU00050,2024-01-07,49,43253.28,0,882.72,0,0,Winter
SKU00050,2024-01-14,40,35308.8,0,882.72,0,0,Winter
SKU00050,2024-01-21,25,22068.0,0,882.72,0,0,Winter
SKU00050,2024-01-28,37,32660.64,0,882.72,1,0,Winter
SKU00050,2024-02-04,42,37074.24,0,882.72,0,0,Winter
SKU00050,2024-02-11,38,33543.36,0,882.72,0,0,Winter
SKU00050,2024-02-18,33,29129.76,0,882.72,0,0,Winter
SKU00050,2024-02-25,35,30895.2,0,882.72,0,0,Winter
SKU00050,2024-03-03,57,50315.04,2,882.72,0,1,Winter
SKU00050,2024-03-10,49,43253.28,2,882.72,0,1,Spring
SKU00050,2024-03-17,55,48549.6,2,882.72,0,1,Spring
SKU00050,2024-03-24,51,45018.72,2,882.72,0,1,Spring
SKU00050,2024-03-31,60,52963.2,2,882.72,0,1,Spring
SKU00050,2024-04-07,41,36191.520000000004,0,882.72,0,0,Spring
SKU00050,2024-04-14,43,37956.96,0,882.72,0,0,Spring
SKU00050,2024-04-21,49,43253.28,0,882.72,0,0,Spring
SKU00050,2024-04-28,55,48549.600000000006,0,882.72,0,0,Spring
SKU00050,2024-05-05,50,44136.0,0,882.72,0,0,Spring
SKU00050,2024-05-12,45,39722.4,0,882.72,0,0,Summer
SKU00050,2024-05-19,58,51197.76,0,882.72,0,0,Summer
SKU00050,2024-05-26,37,32660.64,0,882.72,0,0,Summer
SKU00050,2024-06-02,50,44136.0,2,882.72,0,1,Summer
SKU00050,2024-06-09,52,45901.44,2,882.72,0,1,Summer
SKU00050,2024-06-16,49,43253.28,2,882.72,0,1,Summer
SKU00050,2024-06-23,50,44136.0,2,882.72,0,1,Summer
SKU00050,2024-06-30,47,41487.84,2,882.72,0,1,Summer
SKU00050,2024-07-07,44,38839.68,0,882.72,0,0,Monsoon
SKU00050,2024-07-14,42,37074.24,0,882.72,0,0,Monsoon
SKU00050,2024-07-21,50,44136.0,0,882.72,0,0,Monsoon
SKU00050,2024-07-28,29,25598.88,0,882.72,0,0,Monsoon
SKU00050,2024-08-04,39,34426.08,0,882.72,0,0,Monsoon
SKU00050,2024-08-11,33,29129.76,0,882.72,0,0,Monsoon
SKU00050,2024-08-18,49,43253.28,0,882.72,1,0,Monsoon
SKU00050,2024-08-25,29,25598.88,0,882.72,0,0,Monsoon
SKU00050,2024-09-01,37,32660.64,1,882.72,0,1,Monsoon
SKU00050,2024-09-08,37,32660.64,2,882.72,0,1,Monsoon
SKU00050,2024-09-15,52,45901.44,2,882.72,0,1,Monsoon
SKU00050,2024-09-22,27,23833.440000000002,2,882.72,0,1,Monsoon
SKU00050,2024-09-29,25,22068.0,2,882.72,0,1,Monsoon
SKU00050,2024-10-06,34,30012.48,0,882.72,0,0,Monsoon
SKU00050,2024-10-13,33,29129.760000000002,0,882.72,0,0,Autumn
SKU00050,2024-10-20,38,33543.36,0,882.72,0,0,Autumn
SKU00050,2024-10-27,38,33543.36,0,882.72,0,0,Autumn
SKU00050,2024-11-03,36,31777.92,2,882.72,1,1,Autumn
SKU00050,2024-11-10,54,47666.880000000005,2,882.72,0,1,Autumn
SKU00050,2024-11-17,48,42370.56,2,882.72,0,1,Autumn
SKU00050,2024-11-24,39,34426.08,2,882.72,0,1,Autumn
SKU00050,2024-12-01,37,32660.64,1,882.72,0,1,Autumn
SKU00050,2024-12-08,33,29129.760000000002,0,882.72,0,0,Winter
SKU00050,2024-12-15,37,32660.64,0,882.72,0,0,Winter
SKU00050,2024-12-22,32,28247.04,0,882.72,0,0,Winter
SKU00050,2024-12-29,54,47666.880000000005,0,882.72,1,0,Winter
SKU00050,2025-01-05,47,41487.84,0,882.72,0,0,Winter
SKU00050,2025-01-12,40,35308.8,0,882.72,0,0,Winter
SKU00050,2025-01-19,40,35308.8,0,882.72,0,0,Winter
SKU00050,2025-01-26,45,39722.4,0,882.72,1,0,Winter
SKU00050,2025-02-02,36,31777.920000000002,0,882.72,0,0,Winter
SKU00050,2025-02-09,41,36191.520000000004,0,882.72,0,0,Winter
SKU00050,2025-02-16,51,45018.72,0,882.72,0,0,Winter
SKU00050,2025-02-23,44,38839.68,0,882.72,0,0,Winter
SKU00050,2025-03-02,53,46784.16,2,882.72,0,1,Winter
SKU00050,2025-03-09,67,59142.240000000005,2,882.72,0,1,Spring
SKU00050,2025-03-16,52,45901.44,2,882.72,0,1,Spring
SKU00050,2025-03-23,61,53845.92,2,882.72,0,1,Spring
SKU00050,2025-03-30,49,43253.28,2,882.72,0,1,Spring
SKU00050,2025-04-06,65,57376.8,0,882.72,0,0,Spring
SKU00050,2025-04-13,48,42370.56,0,882.72,0,0,Spring
SKU00050,2025-04-20,46,40605.12,0,882.72,0,0,Spring
SKU00050,2025-04-27,46,40605.12,0,882.72,0,0,Spring
SKU00050,2025-05-04,45,39722.4,0,882.72,0,0,Spring
SKU00050,2025-05-11,53,46784.16,0,882.72,0,0,Summer
SKU00050,2025-05-18,51,45018.72,0,882.72,0,0,Summer
SKU00050,2025-05-25,70,61790.4,0,882.72,0,0,Summer
SKU00050,2025-06-01,61,53845.92,1,882.72,0,1,Summer
SKU00050,2025-06-08,45,39722.4,2,882.72,0,1,Summer
SKU00050,2025-06-15,49,43253.28,2,882.72,0,1,Summer
SKU00050,2025-06-22,63,55611.36,2,882.72,0,1,Summer
SKU00050,2025-06-29,55,48549.6,2,882.72,0,1,Summer
SKU00050,2025-07-06,44,38839.68,0,882.72,0,0,Summer
SKU00050,2025-07-13,49,43253.28,0,882.72,0,0,Monsoon
SKU00050,2025-07-20,53,46784.159999999996,0,882.72,0,0,Monsoon
SKU00050,2025-07-27,43,37956.96,0,882.72,0,0,Monsoon
SKU00050,2025-08-03,36,31777.92,0,882.72,0,0,Monsoon
SKU00050,2025-08-10,35,30895.2,0,882.72,0,0,Monsoon
SKU00050,2025-08-17,43,37956.96,0,882.72,1,0,Monsoon
SKU00050,2025-08-24,35,30895.2,0,882.72,0,0,Monsoon
SKU00050,2025-08-31,34,30012.48,0,882.72,0,0,Monsoon
SKU00050,2025-09-07,29,25598.879999999997,2,882.72,0,1,Monsoon
SKU00050,2025-09-14,33,29129.760000000002,2,882.72,0,1,Monsoon
SKU00050,2025-09-21,30,26481.6,2,882.72,0,1,Monsoon
SKU00050,2025-09-28,38,33543.36,2,882.72,0,1,Monsoon
SKU00050,2025-10-05,35,30895.2,0,882.72,0,0,Monsoon
SKU00050,2025-10-12,39,34426.08,0,882.72,0,0,Autumn
SKU00050,2025-10-19,31,27364.32,0,882.72,0,0,Autumn
SKU00050,2025-10-26,31,27364.32,0,882.72,1,0,Autumn
SKU00050,2025-11-02,32,28247.04,2,882.72,0,1,Autumn
SKU00050,2025-11-09,46,40605.12,2,882.72,0,1,Autumn
SKU00050,2025-11-16,40,35308.8,2,882.72,0,1,Autumn
SKU00050,2025-11-23,41,36191.520000000004,2,882.72,0,1,Autumn
SKU00050,2025-11-30,30,26481.600000000002,2,882.72,0,1,Autumn
SKU00050,2025-12-07,40,35308.8,0,882.72,0,0,Winter
SKU00050,2025-12-14,34,30012.48,0,882.72,0,0,Winter
SKU00050,2025-12-21,34,30012.48,0,882.72,0,0,Winter
SKU00050,2025-12-28,49,43253.28,0,882.72,1,0,Winter
SKU00050,2026-01-04,27,23833.440000000002,0,882.7199999999999,0,0,Winter
